tag_id,name,category,count,name_zh,category_zh
99999999,rating_general,9,1589178,一般,评级
99999998,rating_sensitive,9,3994361,敏感,评级
99999997,rating_questionable,9,892496,可疑,评级
99999996,rating_explicit,9,706509,露骨,评级
9999999,general,9,1589178,一般,评级
9999998,sensitive,9,3994361,敏感,评级
9999997,questionable,9,892496,可疑,评级
9999996,explicit,9,706509,露骨,评级
470575,1girl,0,5113288,1个女孩,人物数量
212816,solo,0,4253220,单人,人物数量
13197,long_hair,0,3645082,长发,头发
8601,breasts,0,2889545,乳房,身体
469576,looking_at_viewer,0,2696730,看着观众,姿势
3389,blush,0,2496356,脸红,表情
1815,smile,0,2365730,微笑,表情
11906,open_mouth,0,1950469,张嘴,表情
15080,short_hair,0,1904624,短发,头发
10959,blue_eyes,0,1490640,蓝色眼睛,眼睛
412368,simple_background,0,1420030,简单背景,背景
12590,shirt,0,1382452,衬衫,服装
403247,large_breasts,0,1333379,巨乳,身体
429,skirt,0,1328225,裙子,服装
87788,blonde_hair,0,1311581,金发,头发
566835,multiple_girls,0,1309199,多名女孩,人物数量
16867,brown_hair,0,1267072,棕发,头发
13200,black_hair,0,1225953,黑发,头发
383159,long_sleeves,0,1199349,长袖,服装
380350,hair_ornament,0,1175185,发饰,头发
515193,white_background,0,1161729,白色背景,背景
540830,1boy,0,1129709,1个男孩,人物数量
5735,gloves,0,1113040,手套,服装
8526,red_eyes,0,1081613,红色眼睛,眼睛
2241,dress,0,1046050,连衣裙,服装
1882,thighhighs,0,1034635,过膝袜,服装
2373,hat,0,1034610,帽子,服装
375387,holding,0,1022399,拿着,姿势
4563,bow,0,984380,蝴蝶结,服装
9294,navel,0,974528,肚脐,身体
6126,animal_ears,0,950191,动物耳朵,特征
464575,ribbon,0,937186,丝带,服装
658573,hair_between_eyes,0,922798,眼睛间头发,头发
572080,closed_mouth,0,876401,闭嘴,表情
1821,2girls,0,860944,2个女孩,人物数量
4607,cleavage,0,848453,乳沟,身体
16613,jewelry,0,829749,珠宝,服装
376054,bare_shoulders,0,815753,裸肩,身体
417660,very_long_hair,0,783428,极长发,头发
12289,sitting,0,782247,坐姿,姿势
1709,twintails,0,770972,双马尾,头发
667868,medium_breasts,0,770389,中乳,身体
16578,brown_eyes,0,747352,棕色眼睛,眼睛
15675,standing,0,733225,站姿,姿势
8889,nipples,0,717669,乳头,身体
10960,green_eyes,0,711390,绿色眼睛,眼睛
464906,underwear,0,706352,内衣,服装
10953,blue_hair,0,704952,蓝发,头发
3843,jacket,0,700303,外套,服装
16509,school_uniform,0,688100,校服,服装
15654,purple_eyes,0,669153,紫色眼睛,眼睛
466499,collarbone,0,655630,锁骨,身体
15674,tail,0,634183,尾巴,特征
376766,white_shirt,0,629056,白色衬衫,服装
608813,full_body,0,624413,全身,姿势
547463,upper_body,0,595301,上半身,姿势
391,panties,0,580171,内裤,服装
465619,closed_eyes,0,570045,闭眼,表情
89189,yellow_eyes,0,565375,黄色眼睛,眼睛
444,swimsuit,0,564464,泳装,服装
16581,white_hair,0,563701,白发,头发
11429,pink_hair,0,551851,粉发,头发
1681,monochrome,0,547787,单色,风格
16580,grey_hair,0,529760,灰发,头发
3522,ahoge,0,528662,呆毛,头发
4334,braid,0,525679,辫子,头发
464561,hair_ribbon,0,525639,发带,头发
16442,purple_hair,0,524002,紫发,头发
1300281,male_focus,0,516211,男性焦点,人物数量
2355,ponytail,0,514797,马尾,头发
8101,ass,0,513666,臀部,身体
464559,flower,0,512140,花,物品
11449,weapon,0,506828,武器,物品
390728,multicolored_hair,0,501249,多色头发,头发
472154,short_sleeves,0,499860,短袖,服装
484168,sidelocks,0,484224,侧发,头发
63,comic,0,474986,漫画,风格
622137,hetero,0,472134,异性恋,NSFW
2750,heart,0,467808,爱心,表情
3870,thighs,0,465668,大腿,身体
384553,:d,0,464842, :d表情,表情
374844,hair_bow,0,455229,发蝴蝶结,头发
2363,pantyhose,0,441476,连裤袜,服装
13879,outdoors,0,439693,户外,背景
660909,cowboy_shot,0,438408,牛仔镜头,姿势
13804,earrings,0,434737,耳环,服装
513837,greyscale,0,432002,灰度,风格
6539,bikini,0,426322,比基尼,服装
4569,sweat,0,425602,汗,表情
5403,red_hair,0,424264,红发,头发
2365,nude,0,422321,裸体,NSFW
383282,pleated_skirt,0,416655,百褶裙,服装
465265,small_breasts,0,413326,小乳,身体
194013,frills,0,401738,褶边,服装
2376,hairband,0,397872,发箍,头发
664375,parted_lips,0,396122,微张嘴唇,表情
4352,censored,0,388593,审查,NSFW
5827,boots,0,384723,靴子,服装
375669,open_clothes,0,384414,敞开衣服,服装
301022,lying,0,380092,躺姿,姿势
2785,horns,0,374048,角,特征
6054,teeth,0,370407,牙齿,表情
568656,multiple_boys,0,367969,多名男孩,人物数量
2866,wings,0,366146,翅膀,特征
1575,food,0,362486,食物,物品
384774,necktie,0,360748,领带,服装
461042,one_eye_closed,0,359739,闭一只眼,表情
387884,detached_sleeves,0,358429,分离袖,服装
406,sky,0,357335,天空,背景
4190,penis,0,346918,阴茎,NSFW
3985,shorts,0,345909,短裤,服装
8388,green_hair,0,345032,绿发,头发
1707,japanese_clothes,0,344888,和服,服装
8672,shoes,0,343802,鞋子,服装
400314,sleeveless,0,341431,无袖,服装
474820,black_gloves,0,331176,黑色手套,服装
431446,alternate_costume,0,330775,备用服装,服装
478849,collared_shirt,0,321941,领口衬衫,服装
4025,choker,0,320504,项圈,服装
11826,barefoot,0,316857,赤足,身体
4378,pussy,0,313579,阴户,NSFW
1731,socks,0,309931,袜子,服装
6532,glasses,0,309385,眼镜,服装
10863,tongue,0,309295,舌头,表情
15522,pointy_ears,0,307225,尖耳,特征
931006,solo_focus,0,304477,单人焦点,人物数量
10926,pants,0,303036,裤子,服装
435324,day,0,294620,白天,背景
1407561,virtual_youtuber,0,287601,虚拟YouTuber,角色
268819,serafuku,0,285501,水手服,服装
375171,indoors,0,281809,室内,背景
581144,puffy_sleeves,0,281250,蓬袖,服装
657955,artist_name,0,280968,艺术家名,艺术家
2646,hairclip,0,280648,发夹,头发
426781,medium_hair,0,273659,中长发,头发
9864,belt,0,271864,腰带,服装
1793,fang,0,269175,犬齿,表情
455880,black_thighhighs,0,266928,黑色过膝袜,服装
539367,hand_up,0,265393,举手,姿势
10228,elbow_gloves,0,265300,肘手套,服装
9843,midriff,0,258987,露脐,身体
410129,looking_back,0,245547,回头看,姿势
464549,cloud,0,244228,云,背景
474821,white_gloves,0,242027,白色手套,服装
411263,signature,0,238587,签名,艺术家
11628,bowtie,0,236148,领结,服装
5948,hood,0,235850,兜帽,服装
401228,sword,0,235273,剑,物品
374628,black_skirt,0,233282,黑色裙子,服装
71730,dark_skin,0,233165,黑皮肤,身体
449194,2boys,0,232894,2个男孩,人物数量
72,cat_ears,0,232052,猫耳,特征
537684,blunt_bangs,0,230036,刘海,头发
400123,hair_flower,0,229731,发花,头发
1515536,official_alternate_costume,0,225665,官方备用服装,服装
502710,tongue_out,0,225097,吐舌,表情
2357,sex,0,224302,性交,NSFW
16252,spread_legs,0,220686,张开腿,姿势
16750,pink_eyes,0,219657,粉色眼睛,眼睛
389378,sailor_collar,0,218314,水手领,服装
394970,wide_sleeves,0,217852,宽袖,服装
9168,miniskirt,0,216954,迷你裙,服装
467104,stomach,0,216728,腹部,身体
375020,fingerless_gloves,0,215557,无指手套,服装
1842,cum,0,214632,精液,NSFW
401481,on_back,0,214058,仰躺,姿势
6010,tears,0,212598,眼泪,表情
659098,black_footwear,0,212435,黑色鞋子,服装
632214,grey_background,0,211830,灰色背景,背景
399836,3girls,0,210649,3个女孩,人物数量
5576,armpits,0,207204,腋下,身体
1254363,twitter_username,0,204487,推特用户名,艺术家
445,kimono,0,203282,和服,服装
14620,white_dress,0,200841,白色连衣裙,服装
670071,holding_weapon,0,199609,拿着武器,姿势
375229,off_shoulder,0,198797,露肩,服装
4068,necklace,0,198325,项链,服装
491647,striped_clothes,0,198065,条纹衣服,服装
454933,hair_bun,0,196126,发髻,头发
102962,nail_polish,0,194099,指甲油,服装
234192,from_behind,0,194007,从背后,姿势
656624,star_(symbol),0,193728,星星符号,物品
4019,mole,0,193676,痣,身体
641577,looking_at_another,0,193341,看对方,姿势
1573,water,0,192003,水,背景
399541,hair_over_one_eye,0,191524,遮眼头发,头发
4333,bag,0,189775,包,物品
465583,rabbit_ears,0,189631,兔耳,特征
1747,chibi,0,189310,Q版,风格
87676,orange_hair,0,188757,橙发,头发
6107,blurry,0,186733,模糊,风格
384884,grin,0,184832,咧嘴笑,表情
125238,sweatdrop,0,183914,汗滴,表情
473983,clothes_lift,0,180831,掀衣服,服装
39127,black_dress,0,180427,黑色连衣裙,服装
3198,scarf,0,180052,围巾,服装
6346,cape,0,179107,披风,服装
375002,white_thighhighs,0,177995,白色过膝袜,服装
13199,black_eyes,0,177620,黑色眼睛,眼睛
413564,two-tone_hair,0,177573,双色头发,头发
590165,english_text,0,176369,英文文本,文本
440465,speech_bubble,0,174933,对话气泡,文本
719985,streaked_hair,0,174249,挑染头发,头发
3796,bra,0,174110,胸罩,服装
261,yuri,0,173747,百合,NSFW
4659,armor,0,173212,盔甲,服装
393959,huge_breasts,0,172931,超巨乳,身体
6176,vest,0,172325,背心,服装
379615,open_jacket,0,172212,敞开外套,服装
4010,halo,0,171236,光环,特征
511141,from_side,0,170900,从侧面,姿势
273,apron,0,170846,围裙,服装
682673,mosaic_censoring,0,168821,马赛克审查,NSFW
2060,feet,0,168107,脚,身体
470807,red_bow,0,167752,红色蝴蝶结,服装
475187,arm_up,0,167695,举臂,姿势
374791,white_panties,0,165931,白色内裤,服装
6295,leotard,0,164592,紧身衣,服装
510962,character_name,0,164580,角色名,角色
5569,coat,0,164331,大衣,服装
547860,black_jacket,0,164106,黑色外套,服装
10484,vaginal,0,163514,阴道,NSFW
9882,high_heels,0,163428,高跟鞋,服装
14599,:o,0,161509, :o表情,表情
4052,collar,0,157883,项圈,服装
399827,arms_up,0,157778,双臂举起,姿势
3477,sweater,0,157546,毛衣,服装
11904,bracelet,0,155007,手镯,服装
490655,blue_sky,0,153281,蓝天,背景
378032,flat_chest,0,153112,平胸,身体
52138,twin_braids,0,153036,双辫,头发
560958,dated,0,152997,日期标记,艺术家
4152,uniform,0,151209,制服,服装
381629,side_ponytail,0,150003,侧马尾,头发
1486996,animal_ear_fluff,0,148687,动物耳绒毛,特征
390401,red_ribbon,0,148072,红色丝带,服装
395321,crop_top,0,147956,露脐上衣,服装
464553,cup,0,147196,杯子,物品
89368,aqua_eyes,0,146831,水色眼睛,眼睛
633894,dark-skinned_female,0,146761,黑肤女性,身体
524961,black_shirt,0,146589,黑色衬衫,服装
515329,covered_nipples,0,143326,遮盖乳头,NSFW
684639,puffy_short_sleeves,0,142595,蓬短袖,服装
551772,parted_bangs,0,142403,分刘海,头发
822149,completely_nude,0,142366,全裸,NSFW
428173,blue_skirt,0,142104,蓝色裙子,服装
652604,two_side_up,0,142047,双侧发髻,头发
427008,fingernails,0,141611,指甲,身体
457408,black_pantyhose,0,141072,黑色连裤袜,服装
464586,tree,0,140918,树,背景
481846,hands_up,0,138918,双手举起,姿势
579466,looking_to_the_side,0,137447,看向侧面,姿势
1445905,v-shaped_eyebrows,0,137432,V形眉毛,表情
89228,grey_eyes,0,136673,灰色眼睛,眼睛
95405,orange_eyes,0,135596,橙色眼睛,眼睛
4311,legs,0,134873,腿,身体
438623,neckerchief,0,134018,领巾,服装
479939,sleeves_past_wrists,0,131361,袖过手腕,服装
1931,sketch,0,131099,素描,风格
389404,cat_tail,0,130241,猫尾,特征
754325,groin,0,129422,腹股沟,身体
537200,symbol-shaped_pupils,0,129300,符号瞳孔,眼睛
416202,eyelashes,0,128622,睫毛,眼睛
4867,wet,0,128093,湿润,身体
539584,fur_trim,0,127842,毛边,服装
451371,see-through,0,127554,透视,服装
5501,lips,0,125983,嘴唇,身体
412078,wrist_cuffs,0,125676,腕袖,服装
709722,hand_on_own_hip,0,125620,手扶臀,姿势
128,loli,0,124937,萝莉,人物
464572,pillow,0,122701,枕头,物品
431755,head_tilt,0,122394,歪头,姿势
589,gun,0,122390,枪,物品
59,maid,0,122284,女仆,角色
382397,strapless,0,122123,无肩带,服装
10644,zettai_ryouiki,0,122114,绝对领域,服装
1594634,clothing_cutout,0,121589,衣服开洞,服装
1390441,black_headwear,0,121530,黑色头饰,服装
465277,plaid,0,120783,格子,服装
492223,bar_censor,0,120647,条审查,NSFW
10923,torn_clothes,0,120399,破损衣服,服装
1277433,mole_under_eye,0,120358,眼下痣,身体
2335,fox_ears,0,120058,狐耳,特征
28200,toes,0,119731,脚趾,身体
513475,multiple_views,0,119546,多视图,风格
494251,one-piece_swimsuit,0,118876,连体泳装,服装
464535,book,0,118517,书,物品
379475,sash,0,118038,腰带,服装
463173,maid_headdress,0,117701,女仆头饰,服装
407186,sleeveless_shirt,0,117558,无袖衬衫,服装
394174,short_shorts,0,117065,超短裤,服装
475418,bare_arms,0,116958,裸臂,身体
568880,sleeveless_dress,0,116615,无袖连衣裙,服装
1393877,feet_out_of_frame,0,116076,脚出画,姿势
12552,pubic_hair,0,115896,阴毛,NSFW
531371,gradient_background,0,115876,渐变背景,背景
449676,ascot,0,115713,领巾,服装
494744,shiny_skin,0,115412,闪亮皮肤,身体
2687,v,0,115319,V姿势,姿势
1128907,pokemon_(creature),0,115136,宝可梦生物,角色
16718,black_panties,0,114889,黑色内裤,服装
358,cosplay,0,114264,cosplay,服装
464579,sparkle,0,114066,闪光,风格
542846,no_humans,0,113058,无人类,人物数量
529256,fake_animal_ears,0,112862,假动物耳,特征
465719,muscular,0,112819,肌肉,身体
13132,petals,0,111766,花瓣,背景
3314,kneehighs,0,111224,及膝袜,服装
469714,bare_legs,0,110989,裸腿,身体
2813,window,0,110493,窗户,背景
5032,uncensored,0,110091,无审查,NSFW
443395,thigh_strap,0,108401,大腿绑带,服装
1247160,black_bow,0,108215,黑色蝴蝶结,服装
389813,single_braid,0,107847,单辫,头发
1269639,covered_navel,0,107348,遮盖肚脐,服装
202817,hoodie,0,106750,卫衣,服装
467863,neck_ribbon,0,106611,颈丝带,服装
474500,black_ribbon,0,106604,黑色丝带,服装
600177,detached_collar,0,105572,分离领,服装
391128,gradient_hair,0,105527,渐变头发,头发
1875867,upper_teeth_only,0,104994,只露上齿,表情
464584,tattoo,0,104884,纹身,身体
375372,dutch_angle,0,104788,荷兰角,风格
1382794,black_choker,0,104672,黑色项圈,服装
8641,dress_shirt,0,104532,礼服衬衫,服装
395400,buttons,0,104413,纽扣,服装
468554,double_bun,0,104209,双发髻,头发
553142,blurry_background,0,103689,模糊背景,背景
7577,open_shirt,0,103344,敞开衬衫,服装
1736,profile,0,102653,侧脸,姿势
6028,sideboob,0,101878,侧乳,身体
10447,kneeling,0,101731,跪姿,姿势
9312,makeup,0,100922,化妆,服装
2508,blood,0,100920,血,表情
6536,bell,0,100549,铃铛,物品
7820,military,0,99708,军装,服装
5126,hug,0,99630,拥抱,姿势
7926,saliva,0,99380,口水,NSFW
565513,floating_hair,0,98852,飘浮头发,头发
94007,aqua_hair,0,98809,水色头发,头发
1797,mask,0,98779,面具,服装
4108,pov,0,98619,主视角,姿势
1094664,colored_skin,0,98305,彩色皮肤,身体
444539,skindentation,0,98168,皮肤压痕,身体
457597,swept_bangs,0,98144,扫刘海,头发
2217,anus,0,98073,肛门,NSFW
411323,capelet,0,97674,小披风,服装
9344,bodysuit,0,97474,紧身衣,服装
427348,leaning_forward,0,97276,前倾,姿势
458933,facial_hair,0,97145,胡须,身体
412555,4girls,0,96981,4个女孩,人物数量
377140,blue_dress,0,95763,蓝色连衣裙,服装
3472,night,0,95699,夜晚,背景
13176,shadow,0,95254,影子,背景
514890,black_pants,0,95223,黑色裤子,服装
13853,pussy_juice,0,94927,爱液,NSFW
2585,bed,0,94748,床,背景
675314,copyright_name,0,93920,版权名,文本
390035,no_bra,0,93761,无胸罩,服装
374620,black_bikini,0,93679,黑色比基尼,服装
5565,:3,0,93246,:3表情,表情
3918,4koma,0,92575,四格漫画,风格
3449,heterochromia,0,91354,异色瞳,眼睛
460262,depth_of_field,0,91237,景深,风格
420531,nose_blush,0,90911,鼻红,表情
1345229,white_headwear,0,90842,白色头饰,服装
503552,red_skirt,0,90543,红色裙子,服装
442167,alternate_hairstyle,0,90370,备用发型,头发
546609,blue_bow,0,90316,蓝色蝴蝶结,服装
4009,turtleneck,0,90071,高领,服装
5832,fruit,0,89876,水果,物品
51528,fox_tail,0,89727,狐尾,特征
402217,^_^,0,88727,^_^表情,表情
580545,blue_background,0,88552,蓝色背景,背景
511136,border,0,88504,边框,风格
626,underboob,0,88422,下乳,身体
8714,watermark,0,88371,水印,艺术家
10422,witch_hat,0,88359,巫师帽,服装
465950,cum_in_pussy,0,88301,内射,NSFW
377844,siblings,0,88257,兄弟姐妹,角色
436054,highleg,0,88254,高叉,服装
479563,low_twintails,0,88176,低双马尾,头发
387214,military_uniform,0,88136,军服,服装
419938,expressionless,0,87889,无表情,表情
374938,frown,0,87756,皱眉,表情
464534,bird,0,87300,鸟,物品
1595,no_panties,0,87258,无内裤,NSFW
490999,on_bed,0,87165,在床上,姿势
460802,rose,0,86971,玫瑰,物品
653206,one_side_up,0,86909,单侧发髻,头发
4075,cameltoe,0,86493,骆驼趾,NSFW
381555,headband,0,86459,头带,服装
4320,glowing,0,86347,发光,风格
612641,black_shorts,0,86191,黑色短裤,服装
3988,scar,0,85680,伤疤,身体
391680,horse_ears,0,85532,马耳,特征
4528,bottomless,0,84868,无下衣,服装
258190,beret,0,84204,贝雷帽,服装
11325,ocean,0,84168,海洋,背景
1231230,side-tie_bikini_bottom,0,83802,侧系比基尼底,服装
478565,bed_sheet,0,83635,床单,物品
375476,soles,0,83624,脚底,身体
10701,animal,0,83613,动物,角色
1303252,brown_footwear,0,83548,棕色鞋子,服装
464808,holding_hands,0,83399,牵手,姿势
421663,wavy_hair,0,83362,波浪发,头发
446950,fangs,0,83325,獠牙,表情
546821,halterneck,0,83212,露背领,服装
419309,thick_thighs,0,83015,粗大腿,身体
4244,leaf,0,82962,叶子,物品
464546,chain,0,82759,链条,物品
709734,playboy_bunny,0,82752,兔女郎,角色
2279,headphones,0,82699,耳机,物品
4831,piercing,0,82187,穿孔,身体
394222,arm_support,0,81973,手臂支撑,姿势
444002,from_above,0,81395,从上方,姿势
144876,embarrassed,0,81248,害羞,表情
580232,white_jacket,0,80842,白色外套,服装
698161,holding_sword,0,80551,拿剑,姿势
463397,white_socks,0,80206,白色袜子,服装
534835,hair_intakes,0,79107,发际线,头发
377124,back,0,78990,背部,身体
499624,blush_stickers,0,78966,脸红贴纸,表情
375404,chinese_clothes,0,78938,中国服,服装
426936,white_bikini,0,78899,白色比基尼,服装
1328533,ass_visible_through_thighs,0,78235,腿间臀,身体
3234,erection,0,78218,勃起,NSFW
2993,phone,0,77823,手机,物品
463179,no_shoes,0,77591,无鞋,服装
481508,facial_mark,0,77562,脸部标记,身体
2904,chair,0,77402,椅子,物品
450107,thick_eyebrows,0,77258,浓眉,眼睛
418899,plaid_skirt,0,77244,格子裙,服装
387991,abs,0,77016,腹肌,身体
1915,umbrella,0,76782,伞,物品
415974,looking_down,0,76733,低头看,姿势
2091,bandages,0,76312,绷带,服装
2799,beach,0,76274,海滩,背景
395448,thigh_boots,0,76160,大腿靴,服装
1288957,white_footwear,0,76087,白色鞋子,服装
820510,horse_girl,0,76016,马娘,角色
688777,half-closed_eyes,0,75884,半闭眼,表情
442865,headgear,0,75848,头饰,服装
3986,sandals,0,75623,凉鞋,服装
447393,on_side,0,75537,侧躺,姿势
567316,6+girls,0,75465,6+女孩,人物数量
663669,female_pubic_hair,0,75433,女性阴毛,NSFW
1451588,muscular_male,0,75109,肌肉男性,身体
476621,floral_print,0,74141,花纹,服装
572731,heart-shaped_pupils,0,73919,心形瞳孔,眼睛
445388,bob_cut,0,73321,鲍勃头,头发
469652,garter_straps,0,73230,吊袜带,服装
436576,short_dress,0,73208,短连衣裙,服装
8091,drill_hair,0,73194,钻头发,头发
541727,wariza,0,73178,盘腿坐,姿势
475775,arms_behind_back,0,72820,双手背后,姿势
5524,sunglasses,0,72805,太阳镜,服装
3920,obi,0,72527,腰带,服装
13227,happy,0,72523,开心,表情
634316,pectorals,0,72442,胸肌,身体
389777,red_dress,0,72048,红色连衣裙,服装
419387,testicles,0,72016,睾丸,NSFW
8830,shirt_lift,0,71578,掀衬衫,服装
4207,eating,0,71456,吃东西,姿势
572767,grabbing,0,71430,抓握,姿势
484666,transparent_background,0,71418,透明背景,背景
400120,traditional_media,0,71390,传统媒介,风格
584749,pink_background,0,71378,粉色背景,背景
647551,flying_sweatdrops,0,70993,飞汗滴,表情
10231,mouth_hold,0,70701,嘴衔,姿势
460404,stuffed_toy,0,70675,毛绒玩具,物品
563478,dark-skinned_male,0,70557,黑肤男性,身体
589398,hood_down,0,70183,兜帽放下,服装
492544,frilled_dress,0,70149,褶边连衣裙,服装
465810,squatting,0,69991,蹲姿,姿势
467856,clothes_pull,0,69767,拉衣服,服装
477028,cleavage_cutout,0,69718,乳沟开洞,服装
520398,white_skirt,0,69566,白色裙子,服装
3209,table,0,69436,桌子,物品
397327,blue_shirt,0,69364,蓝色衬衫,服装
375176,crossed_arms,0,69341,交叉手臂,姿势
1723,parody,0,69219,恶搞,风格
468534,light_brown_hair,0,69189,浅棕发,头发
403649,thigh_gap,0,68904,大腿间隙,身体
574407,wavy_mouth,0,68694,波浪嘴,表情
420366,from_below,0,68637,从下方,姿势
600250,hair_tubes,0,68156,发管,头发
413672,leg_up,0,68113,抬腿,姿势
3949,ring,0,67951,戒指,服装
1850,oral,0,67834,口交,NSFW
609507,holding_food,0,67804,拿食物,姿势
466226,bound,0,67766,束缚,NSFW
385639,wolf_ears,0,67512,狼耳,特征
619736,blue_jacket,0,67177,蓝色外套,服装
8072,black_socks,0,66442,黑色袜子,服装
2726,moon,0,66386,月亮,背景
580738,black_hairband,0,66338,黑色发带,头发
576310,white_flower,0,66300,白色花,物品
2270,eyepatch,0,66095,眼罩,服装
488167,scrunchie,0,66088,发圈,头发
8831,skirt_lift,0,66052,掀裙,服装
356542,sunlight,0,65746,阳光,背景
459291,standing_on_one_leg,0,65667,单腿站立,姿势
701697,white_bow,0,65469,白色蝴蝶结,服装
2689,formal,0,65325,正装,服装
3593,topless,0,65318,上身裸露,NSFW
2716,cat,0,65240,猫,角色
8068,demon_girl,0,65073,恶魔女孩,角色
465046,cat_girl,0,65001,猫娘,角色
413179,trembling,0,64935,颤抖,表情
582201,mob_cap,0,64743,女仆帽,服装
6128,cardigan,0,64143,开襟毛衣,服装
1556,backpack,0,63312,背包,物品
425206,magical_girl,0,63303,魔法少女,角色
3239,cellphone,0,63072,手机,物品
2770,pantyshot,0,62678,内裤走光,NSFW
900563,own_hands_together,0,62432,双手合十,姿势
643561,eyes_visible_through_hair,0,62070,头发遮眼但可见,头发
465525,crossed_legs,0,61913,交叉腿,姿势
419429,frilled_skirt,0,61747,褶边裙,服装
6364,grass,0,61552,草,背景
470790,demon_horns,0,61440,恶魔角,特征
464903,crying,0,61407,哭泣,表情
404507,sharp_teeth,0,61362,尖牙,表情
7455,tank_top,0,61251,背心,服装
3875,sleeping,0,61239,睡觉,姿势
1976,cover,0,61226,覆盖,服装
1801537,single_hair_bun,0,61221,单发髻,头发
487205,cloudy_sky,0,61186,多云天空,背景
6059,blazer,0,60883,西装外套,服装
7952,suspenders,0,60726,吊带,服装
539837,high_ponytail,0,60681,高马尾,头发
3649,helmet,0,60628,头盔,服装
10229,suit,0,60597,西装,服装
14452,feathers,0,60497,羽毛,特征
487156,3boys,0,60256,3个男孩,人物数量
461293,cum_on_body,0,59894,体射,NSFW
10833,bottle,0,59721,瓶子,物品
379915,stuffed_animal,0,59475,毛绒动物,物品
1337464,x_hair_ornament,0,59311,X发饰,头发
547073,underwear_only,0,59173,只穿内衣,服装
9354,bdsm,0,58821,调教,NSFW
655303,fox_girl,0,58780,狐娘,角色
464573,plant,0,58741,植物,背景
569748,black_background,0,58718,黑色背景,背景
498000,blue_ribbon,0,58682,蓝色丝带,服装
507741,frilled_sleeves,0,58385,褶边袖,服装
1533172,grabbing_another's_breast,0,58320,抓别人胸,NSFW
3474,portrait,0,58297,肖像,姿势
9114,antenna_hair,0,58276,天线头发,头发
375459,looking_up,0,58263,抬头,姿势
575982,light_smile,0,58195,浅笑,表情
375764,bara,0,57756,肌肉男,角色
221,school_swimsuit,0,57727,学校泳装,服装
462569,straddling,0,57688,跨坐,姿势
4526,cross,0,57540,十字,物品
464588,hat_ribbon,0,57298,帽丝带,服装
4474,fire,0,57160,火,背景
464539,bug,0,56981,虫子,物品
219401,denim,0,56921,牛仔,服装
4188,crown,0,56908,王冠,服装
431235,knee_boots,0,56879,膝靴,服装
463115,pink_bow,0,56865,粉色蝴蝶结,服装
466990,;d,0,56727,;d表情,表情
492682,red_necktie,0,56695,红色领带,服装
1297467,lifted_by_self,0,56386,自己掀起,服装
516477,outstretched_arms,0,56344,张开手臂,姿势
8709,fellatio,0,56322,口交,NSFW
429999,tiara,0,56273,头冠,服装
5831,katana,0,55923,日本刀,物品
14814,couple,0,55840,情侣,角色
510254,breasts_out,0,55592,胸部露出,NSFW
1836990,aged_down,0,55292,年龄降低,角色
589376,red_flower,0,55270,红色花,物品
432696,on_stomach,0,54906,俯卧,姿势
1936,crossover,0,54877,跨作品,风格
611487,juliet_sleeves,0,54842,朱丽叶袖,服装
3846,robot,0,54583,机器人,角色
397117,curtains,0,54563,窗帘,背景
489235,motion_lines,0,54552,动作线,风格
413908,spiked_hair,0,54349,刺猬头,头发
10707,sisters,0,54242,姐妹,角色
645320,sex_from_behind,0,54218,后入,NSFW
381279,girl_on_top,0,54215,女上位,NSFW
464574,polka_dot,0,54155,波点,服装
16700,>_<,0,54150,>_<表情,表情
515769,black_nails,0,54149,黑指甲,服装
464565,knife,0,54048,刀,物品
15737,bat_wings,0,54015,蝙蝠翅膀,特征
521712,ear_piercing,0,53880,耳洞,身体
517832,outstretched_arm,0,53853,张开手臂,姿势
82326,?,0,53804,V姿势,姿势
521420,slit_pupils,0,53772,裂缝瞳孔,眼睛
487562,wing_collar,0,53737,翼领,服装
9714,bent_over,0,53651,弯腰,姿势
403577,pointing,0,53548,指向,姿势
319,lingerie,0,52820,内衣,服装
423613,animal_print,0,52678,动物纹,服装
401137,clenched_teeth,0,52665,咬牙,表情
1275600,bright_pupils,0,52480,明亮瞳孔,眼睛
390594,red_shirt,0,52432,红色衬衫,服装
302,elf,0,52282,精灵,角色
421662,5girls,0,52108,5个女孩,人物数量
3592,undressing,0,52035,脱衣服,姿势
15764,striped_thighhighs,0,51920,条纹过膝袜,服装
1388799,blue_sailor_collar,0,51535,蓝色水手领,服装
395015,monster_girl,0,51174,怪物女孩,角色
469701,rabbit_tail,0,51013,兔尾,特征
374782,sneakers,0,51004,运动鞋,服装
1314596,black_leotard,0,50899,黑色紧身衣,服装
656169,hand_on_own_chest,0,50886,手放胸,姿势
668761,white_border,0,50865,白色边框,风格
379387,t-shirt,0,50843,T恤,服装
516211,tassel,0,50706,流苏,服装
1008243,holding_gun,0,50609,拿枪,姿势
464713,head_wings,0,50590,头翅膀,特征
374979,all_fours,0,50589,四肢着地,姿势
479729,gem,0,50476,宝石,物品
1568,yaoi,0,50394,耽美,NSFW
683385,red_footwear,0,50318,红色鞋子,服装
631529,white_apron,0,50311,白色围裙,服装
4232,tan,0,50265,晒黑,身体
537,bondage,0,50150,束缚,NSFW
1281370,red_bowtie,0,50092,红色领结,服装
15749,furry,0,50022,毛茸,角色
452195,hair_bobbles,0,49996,发球,头发
458482,short_twintails,0,49918,短双马尾,头发
401836,messy_hair,0,49904,乱发,头发
4850,lipstick,0,49860,口红,服装
515302,green_skirt,0,49844,绿色裙子,服装
2849,goggles,0,49836,护目镜,服装
561547,shoulder_armor,0,49672,肩甲,服装
704500,holding_cup,0,49616,拿杯子,姿势
12464,brooch,0,49532,胸针,服装
464540,building,0,49394,建筑,背景
389882,group_sex,0,49139,群交,NSFW
2328,polearm,0,49125,长柄武器,物品
471601,black_bra,0,49002,黑色胸罩,服装
458223,horse_tail,0,48715,马尾,特征
1019196,otoko_no_ko,0,48688,伪娘,角色
103483,fishnets,0,48602,渔网,服装
4027,staff,0,48476,法杖,物品
584911,shaded_face,0,48397,阴影脸,表情
1463605,1other,0,48382,1个其他,人物数量
526340,letterboxed,0,47799,信箱格式,风格
401601,loafers,0,47782,乐福鞋,服装
410004,crescent,0,47755,新月,物品
1710,towel,0,47644,毛巾,物品
478557,straight_hair,0,47579,直发,头发
594766,star_(sky),0,47531,星星天空,背景
405345,cherry_blossoms,0,47379,樱花,背景
415668,single_thighhigh,0,47212,单过膝袜,服装
3046,kiss,0,47187,亲吻,姿势
674623,feathered_wings,0,47185,羽翅,特征
575322,clenched_hand,0,46937,握拳,姿势
1865,bandaid,0,46933,创可贴,服装
166531,pink_dress,0,46862,粉色连衣裙,服装
534982,^^^,0,46548,^^^表情,表情
1295582,strapless_leotard,0,46520,无肩带紧身衣,服装
5746,box,0,46473,盒子,物品
524399,hat_bow,0,46372,帽蝴蝶结,服装
4123,wind,0,46311,风,背景
665452,facing_viewer,0,46277,面对观众,姿势
611670,grey_shirt,0,46154,灰色衬衫,服装
647129,black_necktie,0,46085,黑色领带,服装
471498,multiple_tails,0,45875,多尾,特征
448007,drooling,0,45873,流口水,表情
383830,no_pants,0,45838,无裤子,服装
547132,extra_ears,0,45819,额外耳朵,特征
1441877,eyewear_on_head,0,45801,眼镜戴头上,服装
380831,demon_tail,0,45745,恶魔尾,特征
4275,steam,0,45715,蒸汽,表情
358992,bike_shorts,0,45638,自行车短裤,服装
593298,yellow_background,0,45624,黄色背景,背景
368,dog_ears,0,45612,狗耳,特征
428523,hooded_jacket,0,45542,连帽外套,服装
378850,armband,0,45527,臂章,服装
464564,instrument,0,45386,乐器,物品
2362,casual,0,45036,便装,服装
464542,butterfly,0,45017,蝴蝶,物品
465870,surprised,0,44986,惊讶,表情
166133,night_sky,0,44928,夜空,背景
7558,panty_pull,0,44831,拉内裤,NSFW
390662,foreshortening,0,44673,透视缩短,风格
405311,sex_toy,0,44594,性玩具,NSFW
446647,pale_skin,0,44564,苍白皮肤,身体
12667,child,0,44490,儿童,人物
314230,breast_press,0,44420,胸部挤压,NSFW
427968,revealing_clothes,0,44396,暴露服装,服装
3417,anal,0,44311,肛交,NSFW
1416353,red_headwear,0,44263,红色头饰,服装
403060,gauntlets,0,44232,护手,服装
477288,white_ribbon,0,44232,白色丝带,服装
4241,rope,0,44190,绳子,NSFW
395533,sheath,0,44034,剑鞘,物品
465152,china_dress,0,43954,中国连衣裙,服装
1227044,ribbon_trim,0,43890,丝带装饰,服装
93927,pink_panties,0,43819,粉色内裤,服装
566918,adapted_costume,0,43812,改版服装,服装
467811,knees_up,0,43759,膝盖抬起,姿势
670636,multicolored_clothes,0,43748,多色衣服,服装
447919,cover_page,0,43725,封面页,风格
2252,candy,0,43633,糖果,物品
466654,wristband,0,43498,腕带,服装
389705,between_breasts,0,43491,乳沟间,姿势
593296,red_background,0,43164,红色背景,背景
5855,couch,0,43154,沙发,物品
3540,hakama,0,43150,袴,服装
11879,blouse,0,43095,女衬衫,服装
376491,wet_clothes,0,43081,湿衣服,服装
464568,musical_note,0,42823,音符,物品
1532466,colored_inner_hair,0,42796,内发彩色,头发
602295,hair_over_shoulder,0,42714,肩上头发,头发
4555,ejaculation,0,42557,射精,NSFW
395223,scenery,0,42503,风景,背景
1501540,skin_fang,0,42382,皮肤獠牙,表情
684620,puffy_long_sleeves,0,42371,蓬长袖,服装
468477,arms_behind_head,0,42364,双手抱头,姿势
15672,veil,0,42339,面纱,服装
5648,nature,0,42247,自然,背景
10847,breath,0,42154,呼吸,表情
601824,male_pubic_hair,0,42132,男性阴毛,NSFW
488864,red_jacket,0,41989,红色外套,服装
376002,genderswap,0,41888,性别转换,角色
1302826,mole_under_mouth,0,41884,嘴下痣,身体
401968,red_nails,0,41862,红指甲,服装
556011,lace_trim,0,41758,蕾丝装饰,服装
2020445,covering_privates,0,41756,遮挡私处,NSFW
389814,side_braid,0,41751,侧辫,头发
385882,third_eye,0,41739,第三眼,特征
566116,scar_on_face,0,41520,脸伤疤,身体
533054,waist_apron,0,41490,腰围裙,服装
645083,smartphone,0,41397,智能手机,物品
4000,microphone,0,41229,麦克风,物品
2119,facial,0,41120,面部射精,NSFW
628293,skirt_set,0,41037,裙装套装,服装
404,christmas,0,40980,圣诞,文本
643253,web_address,0,40964,网页地址,文本
1629722,large_pectorals,0,40876,巨胸肌,身体
819964,pink_flower,0,40858,粉色花,物品
1316316,pelvic_curtain,0,40852,骨盆帘,服装
1388933,light_blush,0,40730,轻微脸红,表情
466984,...,0,40692,省略,文本
538298,strapless_dress,0,40691,无肩带连衣裙,服装
566461,anger_vein,0,40608,愤怒脉,表情
146061,baseball_cap,0,40470,棒球帽,服装
15260,beard,0,40250,胡须,身体
457883,string_bikini,0,40203,细绳比基尼,服装
524897,interlocked_fingers,0,40147,十指相扣,姿势
4543,striped_panties,0,40119,条纹内裤,服装
635112,light_particles,0,40089,光粒子,背景
1491014,blue_headwear,0,39905,蓝色头饰,服装
11410,claws,0,39881,爪子,特征
659059,breasts_apart,0,39592,乳房分开,身体
417741,bridal_gauntlets,0,39528,新娘护手,服装
320292,cloak,0,39459,斗篷,服装
2056,toenails,0,39312,脚趾甲,身体
448202,peaked_cap,0,39247,尖帽,服装
635786,index_finger_raised,0,39043,举食指,姿势
467585,highleg_leotard,0,38920,高叉紧身衣,服装
1388801,red_neckerchief,0,38847,红色领巾,服装
389108,glowing_eyes,0,38571,发光眼睛,眼睛
560247,white_pupils,0,38454,白色瞳孔,眼睛
717927,short_hair_with_long_locks,0,38453,短发长刘海,头发
390596,purple_dress,0,38386,紫色连衣裙,服装
6526,side-tie_panties,0,38302,侧系内裤,服装
1441885,semi-rimless_eyewear,0,38095,半框眼镜,服装
586765,low_ponytail,0,38029,低马尾,头发
403173,white_pantyhose,0,38001,白色连裤袜,服装
421107,convenient_censoring,0,37975,方便审查,NSFW
469125,jingle_bell,0,37914,铃铛,物品
554980,motor_vehicle,0,37903,机动车,背景
723773,hand_fan,0,37751,手扇,物品
685432,two-tone_background,0,37676,双色背景,背景
616524,grey_skirt,0,37648,灰色裙子,服装
456255,front-tie_top,0,37540,前系上衣,服装
426598,bow_panties,0,37528,蝴蝶结内裤,服装
561,mecha,0,37505,机甲,角色
448477,buckle,0,37316,扣环,服装
1288118,hair_flaps,0,37286,发瓣,头发
383851,twin_drills,0,37284,双钻头发,头发
670638,clothes_writing,0,37258,衣服文字,服装
533356,areola_slip,0,37195,乳晕走光,NSFW
410734,carrying,0,37088,扛着,姿势
668635,pom_pom_(clothes),0,37080,绒球衣服,服装
648130,clothing_aside,0,37048,衣服移开,NSFW
149598,androgynous,0,36961,中性,人物
470798,pink_nails,0,36948,粉指甲,服装
392990,micro_bikini,0,36887,超小比基尼,服装
3508,angry,0,36883,生气,表情
10902,close-up,0,36871,特写,姿势
563256,yellow_bow,0,36820,黄色蝴蝶结,服装
529213,maid_apron,0,36807,女仆围裙,服装
3284,forehead,0,36726,额头,身体
1455296,sleeves_past_fingers,0,36717,袖过手指,服装
673911,hood_up,0,36659,兜帽戴上,服装
407678,wolf_tail,0,36539,狼尾,特征
8198,meme,0,36535,梗,风格
400041,cum_on_breasts,0,36432,乳射,NSFW
4172,corset,0,36404,紧身胸衣,服装
1452299,neck_bell,0,36305,颈铃,服装
497607,blue_nails,0,36295,蓝指甲,服装
389553,skin_tight,0,36226,紧身,服装
656165,hand_on_own_face,0,36141,手扶脸,姿势
581,paizuri,0,36036,乳交,NSFW
382270,rifle,0,35887,步枪,物品
658106,o-ring,0,35866,O环,服装
14946,eyeshadow,0,35831,眼影,服装
2329,tentacles,0,35811,触手,NSFW
1386163,patreon_username,0,35766,Patreon用户名,艺术家
531068,hakama_skirt,0,35742,袴裙,服装
546229,black_belt,0,35695,黑色腰带,服装
2755,lace,0,35682,蕾丝,服装
1251593,holding_phone,0,35670,拿手机,姿势
510802,french_braid,0,35651,法式辫,头发
664258,no_headwear,0,35452,无头饰,服装
448225,tokin_hat,0,35426,头巾帽,服装
584958,spoken_heart,0,35409,说话爱心,文本
376528,:<,0,35305,:<表情,表情
688711,white_sleeves,0,35209,白色袖子,服装
491367,cropped_jacket,0,35199,短外套,服装
390257,eye_contact,0,35104,眼神接触,表情
378743,curvy,0,35065,曲线,身体
626528,cropped_legs,0,35051,截腿,姿势
486327,faceless,0,35016,无脸,表情
9474,licking,0,34914,舔,NSFW
1411175,bikini_top_only,0,34879,只穿比基尼上,服装
486611,brown_gloves,0,34877,棕色手套,服装
1283885,crossed_bangs,0,34861,交叉刘海,头发
394151,plate,0,34856,盘子,物品
397411,restrained,0,34780,束缚,NSFW
2102,snow,0,34707,雪,背景
713987,outside_border,0,34702,边框外,风格
435433,red_gloves,0,34681,红色手套,服装
374845,mary_janes,0,34592,玛丽珍鞋,服装
422340,full_moon,0,34567,满月,背景
376594,spikes,0,34526,尖刺,物品
671227,tearing_up,0,34501,含泪,表情
536573,colored_sclera,0,34468,彩色巩膜,眼睛
376923,black_wings,0,34430,黑色翅膀,特征
574271,science_fiction,0,34425,科幻,风格
491144,blue_bikini,0,34284,蓝色比基尼,服装
658950,holding_book,0,34251,拿书,姿势
15689,:p,0,34251,:p表情,表情
379489,side_slit,0,34242,侧开叉,服装
4530,gift,0,34193,礼物,物品
2907,desk,0,34125,书桌,物品
494869,black_coat,0,34060,黑色大衣,服装
2447,camisole,0,34033,吊带衫,服装
633528,alternate_breast_size,0,33947,备用胸围,身体
429369,finger_to_mouth,0,33778,手指放嘴,姿势
5474,ball,0,33719,球,物品
77257,strap_slip,0,33655,肩带滑落,服装
375519,armlet,0,33414,臂环,服装
615165,green_bow,0,33238,绿色蝴蝶结,服装
549225,single_horn,0,33234,单角,特征
11813,lens_flare,0,33164,镜头光晕,风格
491112,cowgirl_position,0,33035,女上位,NSFW
406964,floating,0,33019,漂浮,姿势
664922,dragon_horns,0,32766,龙角,特征
459933,drinking_glass,0,32765,喝杯,姿势
571690,hair_scrunchie,0,32756,发圈,头发
549356,arm_at_side,0,32752,手臂放侧,姿势
491758,sleeves_rolled_up,0,32731,卷袖,服装
396969,seiza,0,32729,正坐,姿势
1364406,genderswap_(mtf),0,32685,性别转换男变女,角色
684644,gold_trim,0,32660,金边,服装
375723,puffy_nipples,0,32622,膨乳头,NSFW
1303583,blue_necktie,0,32614,蓝色领带,服装
455456,santa_hat,0,32536,圣诞帽,服装
438458,clenched_hands,0,32462,握拳双手,姿势
418395,after_sex,0,32442,事后,NSFW
1388800,black_sailor_collar,0,32420,黑色水手领,服装
376117,wide_hips,0,32326,宽臀,身体
520397,pink_skirt,0,32322,粉色裙子,服装
479374,single_glove,0,32315,单手套,服装
520991,pink_ribbon,0,32244,粉色丝带,服装
442816,veins,0,32238,静脉,身体
3943,smoke,0,32217,烟,背景
462808,tareme,0,32196,下垂眼,眼睛
1396724,white_sailor_collar,0,32187,白色水手领,服装
467493,handgun,0,32146,手枪,物品
435555,heavy_breathing,0,32131,重呼吸,表情
462583,between_legs,0,31993,腿间,姿势
521477,half_updo,0,31990,半盘发,头发
9311,zipper,0,31962,拉链,服装
654772,knee_up,0,31921,膝盖抬起,姿势
646879,brown_background,0,31914,棕色背景,背景
523327,starry_sky,0,31870,星空,背景
577,masturbation,0,31843,自慰,NSFW
1242758,blue_flower,0,31810,蓝色花,物品
1656,handjob,0,31678,手交,NSFW
4536,tsurime,0,31622,上吊眼,眼睛
375606,open_coat,0,31590,敞开大衣,服装
15261,freckles,0,31572,雀斑,身体
617356,blue_shorts,0,31545,蓝色短裤,服装
388067,demon_wings,0,31535,恶魔翅膀,特征
384552,wading,0,31520,涉水,姿势
470314,pencil_skirt,0,31468,铅笔裙,服装
149799,happy_birthday,0,31427,生日快乐,文本
609,fish,0,31423,鱼,物品
593297,green_background,0,31415,绿色背景,背景
514515,pink_shirt,0,31368,粉色衬衫,服装
393879,alcohol,0,31364,酒精,物品
374915,clothed_sex,0,31357,穿衣性交,NSFW
10905,pendant,0,31334,吊坠,服装
665184,ribbed_sweater,0,31324,罗纹毛衣,服装
1592077,topless_male,0,31321,男性上身裸露,NSFW
379725,dual_persona,0,31318,双重人格,角色
651957,clothed_female_nude_male,0,31276,女穿衣男裸,NSFW
545992,high_heel_boots,0,31226,高跟靴,服装
457726,track_jacket,0,31226,运动外套,服装
483919,single_earring,0,31194,单耳环,服装
397215,outline,0,31130,轮廓,风格
579793,frilled_apron,0,30932,褶边围裙,服装
494669,spot_color,0,30882,点彩,风格
643274,partially_submerged,0,30880,部分浸没,姿势
392024,tray,0,30845,托盘,物品
689532,low-tied_long_hair,0,30789,低系长发,头发
615735,asymmetrical_legwear,0,30777,不对称腿装,服装
475004,swim_ring,0,30767,游泳圈,物品
432529,sweater_vest,0,30728,毛衣背心,服装
643898,purple_background,0,30644,紫色背景,背景
535373,cross-laced_footwear,0,30608,交叉系鞋,服装
511594,arm_behind_back,0,30578,手臂背后,姿势
11527,reflection,0,30486,反射,风格
4261,forest,0,30472,森林,背景
402062,!,0,30374,!表情,表情
389402,upskirt,0,30332,裙底走光,NSFW
380540,legs_up,0,30314,腿抬起,姿势
390681,headset,0,30302,耳机,物品
1271922,black_vest,0,30282,黑色背心,服装
483898,frilled_bikini,0,30219,褶边比基尼,服装
14442,walking,0,30123,走路,姿势
1916,cake,0,30092,蛋糕,物品
391297,white_skin,0,30088,白皮肤,身体
10279,hair_rings,0,30087,发环,头发
6441,beads,0,29864,珠子,物品
508016,pocket,0,29843,口袋,服装
396680,personification,0,29571,拟人,角色
1636487,one-hour_drawing_challenge,0,29539,一小时绘画挑战,风格
1631677,mature_male,0,29491,成熟男性,人物
497007,backlighting,0,29462,背光,风格
4596,halloween,0,29425,万圣节,服装
2065694,vertical-striped_clothes,0,29407,竖条纹衣服,服装
168390,bulge,0,29402,隆起,NSFW
375441,dress_lift,0,29387,掀裙,服装
166757,green_dress,0,29371,绿色连衣裙,服装
2006735,unworn_headwear,0,29366,未戴头饰,服装
1258262,frilled_shirt_collar,0,29250,褶边衬衫领,服装
617615,legs_apart,0,29153,腿分开,姿势
494241,long_fingernails,0,29134,长指甲,身体
403286,toned,0,29061,健美,身体
554098,mole_on_breast,0,29049,乳房痣,身体
2863,broom,0,29024,扫帚,物品
1373029,black-framed_eyewear,0,29007,黑框眼镜,服装
529447,arm_behind_head,0,28971,手臂抱头,姿势
474995,brown_pantyhose,0,28910,棕色连裤袜,服装
4925,thong,0,28906,丁字裤,服装
1569,condom,0,28787,避孕套,NSFW
460324,red_bikini,0,28773,红色比基尼,服装
475720,short_ponytail,0,28737,短马尾,头发
602223,out_of_frame,0,28722,出画,姿势
1247162,purple_bow,0,28714,紫色蝴蝶结,服装
391713,long_skirt,0,28690,长裙,服装
1119509,high-waist_skirt,0,28671,高腰裙,服装
1441883,round_eyewear,0,28661,圆眼镜,服装
572906,crying_with_eyes_open,0,28578,睁眼哭,表情
1651,rain,0,28539,雨,背景
1293269,blue_footwear,0,28499,蓝色鞋子,服装
465382,crossdressing,0,28485,变装,服装
384087,angel_wings,0,28458,天使翅膀,特征
463127,white_bra,0,28428,白色胸罩,服装
6175,cuffs,0,28351,袖口,服装
8243,flying,0,28315,飞行,姿势
7450,gym_uniform,0,28254,体育服,服装
3354,cumdrip,0,28205,精液滴,NSFW
610272,purple_skirt,0,28189,紫色裙子,服装
502548,yellow_shirt,0,28162,黄色衬衫,服装
1349206,cropped_torso,0,28143,截躯干,姿势
460907,one_eye_covered,0,28060,遮一只眼,表情
583299,goggles_on_head,0,28051,护目镜戴头上,服装
464538,bubble,0,28015,气泡,背景
1320204,black_bowtie,0,27993,黑色领结,服装
1278062,hand_in_own_hair,0,27986,手插自己头发,姿势
494842,braided_ponytail,0,27973,辫马尾,头发
417888,age_difference,0,27955,年龄差,角色
1373022,red-framed_eyewear,0,27867,红框眼镜,服装
1851,fingering,0,27822,指交,NSFW
427674,epaulettes,0,27692,肩章,服装
394305,curly_hair,0,27691,卷发,头发
375986,empty_eyes,0,27647,空洞眼睛,表情
1258089,ribbon-trimmed_sleeves,0,27643,丝带装饰袖,服装
660814,dot_nose,0,27616,点鼻,表情
453340,santa_costume,0,27503,圣诞服装,服装
389,futanari,0,27483,扶她,角色
4648,teacup,0,27478,茶杯,物品
531403,kemonomimi_mode,0,27413,兽耳模式,特征
483081,high_collar,0,27413,高领,服装
469517,doujin_cover,0,27389,同人封面,风格
469668,raised_eyebrows,0,27372,抬眉,表情
620577,brown_jacket,0,27267,棕色外套,服装
465145,tanlines,0,27147,日晒痕,身体
1810,rape,0,27123,强奸,NSFW
572753,6+boys,0,27118,6+男孩,人物数量
416676,denim_shorts,0,27082,牛仔短裤,服装
1292999,spoken_ellipsis,0,27067,说话省略号,文本
613885,brown_skirt,0,27045,棕色裙子,服装
10402,bowl,0,27031,碗,物品
610698,hat_ornament,0,26950,帽饰,服装
375883,dragon_girl,0,26921,龙娘,角色
1670660,animal_hands,0,26895,动物手,特征
670088,hand_on_another's_head,0,26884,手放别人头,姿势
592555,panties_under_pantyhose,0,26861,内裤穿连裤袜,服装
2169,innertube,0,26827,游泳圈,物品
458932,sideburns,0,26822,鬓角,头发
2378,buruma,0,26800,运动短裤,服装
479955,4boys,0,26792,4个男孩,人物数量
11285,@_@,0,26786,@_@表情,表情
669624,contrapposto,0,26730,对比姿势,姿势
472197,white_pants,0,26704,白色裤子,服装
374849,school_bag,0,26676,书包,物品
492380,jitome,0,26634,眯眼,表情
634781,nontraditional_miko,0,26616,非传统巫女,角色
442316,pouch,0,26605,小袋,物品
728008,thighband_pantyhose,0,26597,大腿带连裤袜,服装
412202,:q,0,26590,:q表情,表情
559163,emphasis_lines,0,26582,强调线,风格
5875,doggystyle,0,26561,后入式,NSFW
1233478,black_serafuku,0,26515,黑色水手服,服装
10031,faceless_male,0,26473,无脸男性,表情
2336,cigarette,0,26448,香烟,物品
460502,dual_wielding,0,26440,双持,姿势
382111,breast_hold,0,26439,抱胸,姿势
494245,red_scarf,0,26363,红色围巾,服装
570718,fur_collar,0,26349,毛领,服装
461492,green_jacket,0,26307,绿色外套,服装
1585391,abyssal_ship,0,26255,深渊舰,角色
479146,sailor_dress,0,26229,水手连衣裙,服装
538475,asymmetrical_hair,0,26186,不对称发,头发
658682,knees_together_feet_apart,0,26179,膝并脚分,姿势
15200,robe,0,26176,长袍,服装
10543,spread_pussy,0,26147,张开阴户,NSFW
7581,garter_belt,0,26141,吊袜带,服装
1045681,white_shorts,0,26132,白色短裤,服装
471755,machinery,0,26075,机械,背景
394759,hand_in_pocket,0,26072,手插兜,姿势
9872,pauldrons,0,26069,肩甲,服装
10376,naughty_face,0,25981,坏笑脸,表情
442474,competition_swimsuit,0,25953,竞技泳装,服装
380572,dog_tail,0,25921,狗尾,特征
377078,cum_in_mouth,0,25880,口内射,NSFW
652293,legs_together,0,25860,腿并拢,姿势
718476,mini_person,0,25810,小人,角色
401289,yellow_ribbon,0,25772,黄色丝带,服装
452086,lolita_fashion,0,25691,洛丽塔时尚,服装
493843,head_rest,0,25583,头靠,姿势
6439,running,0,25570,跑步,姿势
1448325,hands_on_own_hips,0,25548,手扶臀,姿势
15770,top_hat,0,25510,高顶帽,服装
466881,sun_hat,0,25481,遮阳帽,服装
16554,plump,0,25460,丰满,身体
1681088,furry_female,0,25433,毛茸女性,角色
1314750,white_hairband,0,25401,白色发带,头发
513625,asymmetrical_bangs,0,25375,不对称刘海,头发
18013,ass_grab,0,25306,抓臀,NSFW
1822,threesome,0,25283,3P,NSFW
11882,watch,0,25273,手表,物品
462209,thought_bubble,0,25225,思考泡,文本
645579,fake_tail,0,25199,假尾巴,特征
502047,blood_on_face,0,25161,脸有血,表情
2489,sunset,0,25075,日落,背景
1835738,blue_one-piece_swimsuit,0,25047,蓝色连体泳装,服装
1811,twins,0,25038,双胞胎,角色
588674,furrowed_brow,0,25037,皱眉,表情
472407,turtleneck_sweater,0,25013,高领毛衣,服装
464566,monster,0,24877,怪物,角色
4039,dog,0,24867,狗,角色
677856,star_hair_ornament,0,24867,星星发饰,头发
872616,white_kimono,0,24858,白色和服,服装
374921,sports_bra,0,24758,运动胸罩,服装
1441886,under-rim_eyewear,0,24748,底框眼镜,服装
578153,drinking_straw,0,24736,吸管,物品
477439,white_wings,0,24678,白色翅膀,特征
617355,grey_jacket,0,24674,灰色外套,服装
580379,aged_up,0,24592,年龄增加,角色
7585,new_year,0,24573,新年,文本
537668,poke_ball,0,24566,精灵球,物品
1369802,blurry_foreground,0,24511,前模糊,风格
572346,wide-eyed,0,24421,睁大眼,表情
464578,skull,0,24377,骷髅,物品
106450,shield,0,24360,盾,物品
427050,shiny_clothes,0,24358,闪亮衣服,服装
1517199,mature_female,0,24349,成熟女性,人物
472916,female_masturbation,0,24265,女性自慰,NSFW
516350,white_coat,0,24259,白色大衣,服装
380289,missionary,0,24255,传教士位,NSFW
417883,striped_shirt,0,24244,条纹衬衫,服装
1874884,breasts_squeezed_together,0,24177,挤胸,NSFW
509884,impossible_clothes,0,24167,不可能衣服,服装
2967,jeans,0,24130,牛仔裤,服装
1226391,yellow_flower,0,24089,黄色花,物品
465871,rabbit,0,24063,兔子,角色
2467,ghost,0,24062,鬼,角色
398889,circlet,0,24050,头冠,服装
446472,red_rose,0,24046,红色玫瑰,物品
508272,belt_buckle,0,23942,腰带扣,服装
9831,teddy_bear,0,23910,泰迪熊,物品
15916,hair_down,0,23843,头发放下,头发
1515358,blue_theme,0,23838,蓝色主题,风格
10538,ice,0,23821,冰,背景
456688,multicolored_eyes,0,23774,多色眼睛,眼睛
667171,holding_umbrella,0,23709,拿伞,姿势
534168,v_arms,0,23708,V形手臂,姿势
381092,paper,0,23689,纸,物品
452445,+_+,0,23685,#NAME?,表情
394992,shoulder_bag,0,23668,肩包,物品
594664,green_shirt,0,23611,绿色衬衫,服装
417866,serious,0,23551,严肃,表情
538768,height_difference,0,23531,身高差,身体
1644111,official_alternate_hairstyle,0,23485,官方备用发型,头发
1256698,partially_fingerless_gloves,0,23421,部分无指手套,服装
435262,stubble,0,23410,胡茬,身体
4145,spear,0,23393,矛,物品
462546,hand_between_legs,0,23353,手放腿间,姿势
8565,sarashi,0,23319,缠胸布,服装
544306,colored_eyelashes,0,23255,彩色睫毛,眼睛
648056,paw_pose,0,23249,爪姿,姿势
399655,striped_bikini,0,23215,条纹比基尼,服装
467285,crystal,0,23149,水晶,物品
454379,=_=,0,23077,_=表情,表情
472727,wooden_floor,0,23062,木地板,背景
15571,shawl,0,22989,披肩,服装
701042,bandaged_arm,0,22974,绷带手臂,服装
464562,injury,0,22940,受伤,表情
379945,hairpin,0,22895,发夹,头发
660726,rabbit_girl,0,22881,兔娘,角色
11135,rock,0,22861,岩石,背景
4033,lantern,0,22840,灯笼,物品
467008,hoop_earrings,0,22822,圈耳环,服装
477354,sheathed,0,22816,入鞘,物品
1226390,purple_flower,0,22800,紫色花,物品
252271,mug,0,22786,马克杯,物品
394368,bouncing_breasts,0,22761,晃胸,NSFW
2006740,unworn_hat,0,22752,未戴帽子,服装
466335,object_insertion,0,22677,物体插入,NSFW
2268,popsicle,0,22670,冰棒,物品
1312862,blue_bowtie,0,22618,蓝色领结,服装
3603,lollipop,0,22573,棒棒糖,物品
398273,long_legs,0,22566,长腿,身体
493026,tentacle_hair,0,22456,触手头发,头发
1814875,eyebrows_hidden_by_hair,0,22440,眉毛被头发遮,头发
405124,smirk,0,22436,坏笑,表情
1559,minigirl,0,22427,迷你女孩,角色
1339995,green_headwear,0,22342,绿色头饰,服装
453244,wolf_girl,0,22323,狼娘,角色
3478,mirror,0,22290,镜子,物品
399,yukata,0,22289,浴衣,服装
451370,upside-down,0,22255,倒立,姿势
561624,water_drop,0,22248,水滴,物品
643027,light_blue_hair,0,22242,浅蓝发,头发
464536,bouquet,0,22234,花束,物品
534968,mini_hat,0,22230,小帽子,服装
643257,white_leotard,0,22230,白色紧身衣,服装
414971,purple_shirt,0,22226,紫色衬衫,服装
506510,military_hat,0,22221,军帽,服装
400587,reaching,0,22208,伸手,姿势
475744,breastplate,0,22136,胸甲,服装
400,pajamas,0,22081,睡衣,服装
1516547,brown_headwear,0,22056,棕色头饰,服装
461117,snowing,0,22052,下雪,背景
1343866,black_sleeves,0,22026,黑色袖子,服装
562882,blue_pants,0,21957,蓝色裤子,服装
520850,bespectacled,0,21943,戴眼镜,服装
600222,light_rays,0,21941,光线,背景
427398,butt_crack,0,21926,臀缝,身体
434996,o_o,0,21875,o_o表情,表情
457114,dragon_tail,0,21870,龙尾,特征
1335533,holding_staff,0,21815,拿法杖,姿势
717047,page_number,0,21796,页码,文本
3661,oni,0,21738,鬼,角色
548722,enmaided,0,21732,女仆鬼,角色
559022,shirt_tucked_in,0,21721,衬衫塞裤,服装
712723,striped_bow,0,21717,条纹蝴蝶结,服装
553015,open_book,0,21704,打开书,姿势
690177,tress_ribbon,0,21682,发辫丝带,头发
507245,glint,0,21675,闪光,风格
1081309,mouth_mask,0,21658,口罩,服装
387213,handbag,0,21652,手提包,物品
1351963,ass_focus,0,21648,臀部焦点,NSFW
16721,blue_panties,0,21619,蓝色内裤,服装
610013,pink_lips,0,21592,粉色嘴唇,身体
7532,stairs,0,21589,楼梯,背景
423620,:t,0,21565,:t表情,表情
662799,animal_hood,0,21363,动物兜帽,服装
566923,hugging_object,0,21328,抱东西,姿势
1359441,collared_dress,0,21317,有领连衣裙,服装
382969,bow_(weapon),0,21307,弓武器,物品
458728,waving,0,21299,挥手,姿势
687736,short_eyebrows,0,21289,短眉,眼睛
4357,chocolate,0,21286,巧克力,物品
163224,fins,0,21247,鳍,特征
1252945,scar_across_eye,0,21192,跨眼伤疤,身体
645753,orange_background,0,21175,橙色背景,背景
8807,city,0,21152,城市,背景
594859,backless_outfit,0,21128,露背服装,服装
1405752,meme_attire,0,21113,梗服装,服装
447403,jumping,0,21110,跳跃,姿势
4909,chopsticks,0,21101,筷子,物品
513807,hug_from_behind,0,21075,从后抱,姿势
452112,tabard,0,21054,罩袍,服装
16139,mustache,0,21053,胡子,身体
478262,double_v,0,21033,双V,姿势
498828,adjusting_clothes,0,21022,调整衣服,姿势
7426,sign,0,20988,标志,物品
487236,long_dress,0,20965,长连衣裙,服装
397690,motion_blur,0,20963,动作模糊,风格
509379,on_floor,0,20962,在地板上,姿势
6207,sportswear,0,20947,运动服,服装
1802,leash,0,20893,项圈绳,NSFW
377888,torn_pantyhose,0,20893,破连裤袜,服装
473529,;),0,20865,;)表情,表情
560,card,0,20830,卡片,物品
7783,pout,0,20820,撅嘴,表情
376460,fishnet_pantyhose,0,20809,渔网连裤袜,服装
428330,brother_and_sister,0,20808,兄妹,角色
5705,ofuda,0,20779,符札,物品
1255562,folded_ponytail,0,20717,折叠马尾,头发
421492,veiny_penis,0,20633,静脉阴茎,NSFW
464567,mountain,0,20608,山,背景
519572,toenail_polish,0,20601,脚趾甲油,身体
553367,turret,0,20587,炮塔,物品
1249693,borrowed_character,0,20577,借用角色,角色
465048,dog_girl,0,20568,狗娘,角色
456193,outstretched_hand,0,20566,张开手,姿势
1262298,off-shoulder_dress,0,20543,露肩连衣裙,服装
469042,2koma,0,20542,2格漫画,风格
1681089,furry_male,0,20533,毛茸男性,角色
464544,can,0,20502,罐子,物品
433182,!?,0,20336,!?表情,表情
15224,sand,0,20328,沙子,背景
549355,arms_at_sides,0,20324,手臂放侧,姿势
462124,large_penis,0,20320,大阴茎,NSFW
11858,forehead_mark,0,20310,额头标记,身体
570942,front-tie_bikini_top,0,20291,前系比基尼上,服装
392585,contemporary,0,20202,当代,风格
378561,blue_skin,0,20192,蓝色皮肤,身体
8705,ice_cream,0,20178,冰淇淋,物品
2809,spoon,0,20153,勺子,物品
2312,valentine,0,20130,情人节,文本
1358345,pink_footwear,0,20129,粉色鞋子,服装
2074,vibrator,0,20124,振动器,NSFW
464582,strawberry,0,20086,草莓,物品
488169,cleft_of_venus,0,20080,维纳斯裂隙,NSFW
681331,heart_hair_ornament,0,20080,爱心发饰,头发
380423,goatee,0,20033,山羊胡,身体
553797,sharp_fingernails,0,19975,尖指甲,身体
465469,lab_coat,0,19971,实验服,服装
379632,panties_aside,0,19950,内裤移开,NSFW
1611666,dakimakura_(medium),0,19942,抱枕媒介,物品
1671,underwater,0,19830,水下,背景
508726,cum_overflow,0,19827,精液溢出,NSFW
1447826,notice_lines,0,19781,注意线,风格
1835743,black_one-piece_swimsuit,0,19759,黑色连体泳装,服装
3429,drink,0,19758,饮料,物品
8418,fence,0,19727,栅栏,背景
622688,muscular_female,0,19689,肌肉女性,身体
978099,nipple_stimulation,0,19677,乳头刺激,NSFW
7486,fighting_stance,0,19643,战斗姿势,姿势
456370,hands_in_pockets,0,19630,手插兜,姿势
550131,large_areolae,0,19611,大乳晕,NSFW
1363594,red_hairband,0,19604,红色发带,头发
401340,nose,0,19590,鼻子,身体
446622,hime_cut,0,19557,姬发式,头发
2205,mouse_ears,0,19518,鼠耳,特征
478640,hair_bell,0,19510,发铃,头发
442898,skirt_hold,0,19491,抓裙,姿势
1757,music,0,19487,音乐,物品
9434,wedding_dress,0,19476,婚纱,服装
643286,full-face_blush,0,19465,全脸红,表情
1349592,blue_kimono,0,19417,蓝色和服,服装
667849,bandaid_on_face,0,19390,脸创可贴,服装
397045,railing,0,19389,栏杆,背景
13027,fork,0,19377,叉子,物品
375144,nurse_cap,0,19376,护士帽,服装
411759,cum_on_hair,0,19354,发射,NSFW
494337,purple_ribbon,0,19337,紫色丝带,服装
526693,holding_clothes,0,19337,拿衣服,姿势
16609,bloomers,0,19333,灯笼裤,服装
535691,butterfly_hair_ornament,0,19322,蝴蝶发饰,头发
3313,dragon,0,19313,龙,角色
646549,red_cape,0,19308,红色披风,服装
594404,hat_flower,0,19258,帽花,服装
471090,hair_tie,0,19229,发绳,头发
464569,palm_tree,0,19203,棕榈树,背景
609887,blue_gloves,0,19174,蓝色手套,服装
409364,covering_breasts,0,19165,遮胸,NSFW
448882,|_|,0,19161,|_|表情,表情
1569656,arrow_(symbol),0,19159,箭头符号,物品
541903,purple_nails,0,19142,紫指甲,服装
1582,miko,0,19116,巫女,角色
376102,realistic,0,19111,写实,风格
550405,holding_flower,0,19100,拿花,姿势
460911,tiles,0,19068,瓷砖,背景
1648,oekaki,0,19038,涂鸦,风格
10440,door,0,19016,门,背景
4318,pasties,0,19013,乳贴,NSFW
548703,sitting_on_person,0,18992,坐在人上,姿势
384441,alternate_color,0,18979,备用颜色,风格
7508,straw_hat,0,18967,草帽,服装
527256,green_ribbon,0,18961,绿色丝带,服装
13207,bandana,0,18960,头巾,服装
1505129,chinese_text,0,18951,中文文本,文本
1304046,black_bodysuit,0,18944,黑色紧身衣,服装
390589,branch,0,18939,树枝,物品
1372733,blue_leotard,0,18935,蓝色紧身衣,服装
667463,visor_cap,0,18908,帽檐帽,服装
394528,winter_uniform,0,18904,冬季制服,服装
1755,dildo,0,18886,假阳具,NSFW
659868,covering_own_mouth,0,18831,遮自己嘴,姿势
1243463,orange_bow,0,18823,橙色蝴蝶结,服装
498413,jacket_on_shoulders,0,18794,外套披肩,服装
486,doll,0,18789,娃娃,角色
5621,smoking,0,18763,抽烟,姿势
547289,drawstring,0,18745,抽绳,服装
1354790,yellow_ascot,0,18730,黄色领巾,服装
1053124,sideways_glance,0,18724,侧眼看,表情
621064,red_vest,0,18688,红色背心,服装
1307840,stud_earrings,0,18649,钉耳环,服装
656161,hand_on_own_cheek,0,18611,手扶脸颊,姿势
2367,blindfold,0,18557,蒙眼,NSFW
5953,snake,0,18548,蛇,角色
1328010,fur-trimmed_jacket,0,18523,毛边外套,服装
1315939,brown_belt,0,18514,棕色腰带,服装
530083,kneepits,0,18504,膝窝,身体
2562,camera,0,18467,相机,物品
1256471,off-shoulder_shirt,0,18466,露肩衬衫,服装
444411,licking_lips,0,18442,舔嘴唇,表情
614988,pink_jacket,0,18441,粉色外套,服装
15987,logo,0,18440,标志,文本
1329246,center_frills,0,18436,中央褶边,服装
457574,horizon,0,18421,地平线,背景
1327458,steaming_body,0,18399,冒蒸汽身体,表情
1332478,shrug_(clothing),0,18371,耸肩服装,服装
397574,panties_around_one_leg,0,18356,内裤挂一腿,NSFW
543958,bags_under_eyes,0,18342,眼袋,表情
583983,black_cape,0,18333,黑色披风,服装
456585,pink_bra,0,18270,粉色胸罩,服装
15126,interracial,0,18252,跨种族,NSFW
552306,criss-cross_halter,0,18236,交叉吊带,服装
2614,shota,0,18226,正太,人物
472943,black_sclera,0,18223,黑色巩膜,眼睛
165438,anklet,0,18092,脚环,服装
580906,low_wings,0,18091,低翅膀,特征
465444,antennae,0,18040,触角,特征
464583,sunflower,0,17999,向日葵,物品
670983,hand_on_another's_shoulder,0,17985,手放别人肩,姿势
10549,clitoris,0,17983,阴蒂,NSFW
421198,center_opening,0,17983,中央开口,服装
379820,aircraft,0,17978,飞机,背景
375266,top-down_bottom-up,0,17977,上身下身,姿势
1301111,white_sweater,0,17963,白色毛衣,服装
499629,headpiece,0,17950,头饰,服装
531754,long_bangs,0,17941,长刘海,头发
5160,gag,0,17940,口塞,NSFW
471181,eyeliner,0,17928,眼线,服装
461529,apple,0,17919,苹果,物品
578430,floral_background,0,17896,花背景,背景
1602539,vision_(genshin_impact),0,17881,神之眼,物品
1256690,suspender_skirt,0,17880,吊带裙,服装
680569,foot_focus,0,17850,脚焦点,身体
420598,highleg_panties,0,17840,高叉内裤,服装
393578,beanie,0,17837,毛线帽,服装
560167,character_doll,0,17833,角色娃娃,物品
643824,grabbing_from_behind,0,17832,从后抓,姿势
481511,red_lips,0,17829,红色嘴唇,身体
470562,spaghetti_strap,0,17819,细肩带,服装
526218,bandeau,0,17800,裹胸,服装
572684,white_scarf,0,17793,白色围巾,服装
407647,adjusting_hair,0,17749,调整头发,姿势
387050,sun,0,17713,太阳,背景
460323,pink_bikini,0,17710,粉色比基尼,服装
9260,blanket,0,17673,毯子,物品
455932,size_difference,0,17642,大小差,身体
524661,folding_fan,0,17611,折扇,物品
594129,head_out_of_frame,0,17569,头出画,姿势
518422,covered_mouth,0,17510,遮嘴,表情
1077303,underbust,0,17501,胸下,身体
1241714,korean_text,0,17499,韩文文本,文本
8891,zoom_layer,0,17495,缩放层,风格
392031,groping,0,17463,摸索,NSFW
705211,fake_horns,0,17462,假角,特征
505450,gift_box,0,17445,礼盒,物品
460642,spread_arms,0,17444,张开手臂,姿势
5228,wand,0,17436,魔杖,物品
1622419,straight-on,0,17435,正对,姿势
668671,holding_knife,0,17433,拿刀,姿势
454489,no_nose,0,17422,无鼻,表情
1387418,back_bow,0,17416,后蝴蝶结,服装
720637,chromatic_aberration,0,17386,色差,风格
482679,facing_away,0,17370,背对,姿势
1447595,foot_out_of_frame,0,17369,脚出画,姿势
605892,pov_hands,0,17344,主视角手,姿势
1310938,white_one-piece_swimsuit,0,17343,白色连体泳装,服装
640898,alternate_hair_length,0,17341,备用发长,头发
1328421,crown_braid,0,17312,王冠辫,头发
444095,tail_ornament,0,17264,尾饰,特征
541716,yokozuwari,0,17222,横坐,姿势
450779,emblem,0,17215,徽章,物品
742715,adjusting_eyewear,0,17193,调整眼镜,姿势
1569657,arrow_(projectile),0,17191,箭矢,物品
432198,arched_back,0,17185,弓背,姿势
695937,white_outline,0,17176,白色轮廓,风格
297980,hanging_breasts,0,17174,下垂乳,身体
560473,partially_visible_vulva,0,17170,部分可见阴户,NSFW
843399,double-breasted,0,17164,双排扣,服装
520839,sound_effects,0,17145,音效,文本
442577,ahegao,0,17142,阿嘿颜,表情
474819,brown_thighhighs,0,17110,棕色过膝袜,服装
1352777,eighth_note,0,17106,八分音符,物品
4816,gakuran,0,17106,学兰,服装
16738,geta,0,17100,木屐,服装
383337,sailor_hat,0,17071,水手帽,服装
10801,android,0,17067,安卓,角色
15395,clock,0,17058,时钟,物品
246,nun,0,17052,修女,角色
1332796,round_teeth,0,17042,圆齿,表情
451767,food_on_face,0,17039,脸上食物,表情
1389122,black_collar,0,17032,黑色项圈,服装
8104,angel,0,16975,天使,角色
1260354,text_focus,0,16819,文本焦点,文本
409425,bookshelf,0,16793,书架,背景
6032,tabi,0,16770,足袋,服装
397380,name_tag,0,16763,名牌,物品
1263229,hand_on_headwear,0,16763,手放头饰,姿势
457877,leaning_back,0,16741,后仰,姿势
297241,smug,0,16738,得意,表情
1113504,hair_behind_ear,0,16721,耳后头发,头发
818365,selfie,0,16718,自拍,姿势
448279,cabbie_hat,0,16707,出租车帽,服装
542666,flipped_hair,0,16666,翻转头发,头发
1801550,single_side_bun,0,16663,单侧发髻,头发
578,lactation,0,16593,泌乳,NSFW
2898,basket,0,16587,篮子,物品
451332,bun_cover,0,16573,发髻罩,头发
524779,microskirt,0,16557,超短裙,服装
390064,gagged,0,16547,被口塞,NSFW
1372775,pinafore_dress,0,16533,围裙连衣裙,服装
676924,anchor_symbol,0,16530,锚符号,物品
1781,car,0,16519,汽车,背景
1764,guitar,0,16508,吉他,物品
448621,arm_warmers,0,16473,臂暖,服装
4974,gangbang,0,16470,轮奸,NSFW
4308,pen,0,16401,笔,物品
693118,absurdly_long_hair,0,16388,超长发,头发
381163,petticoat,0,16366,衬裙,服装
662424,frog_hair_ornament,0,16351,青蛙发饰,头发
1335363,arm_tattoo,0,16321,手臂纹身,身体
305065,saliva_trail,0,16310,口水痕迹,NSFW
440780,sailor_shirt,0,16292,水手衬衫,服装
331704,bodystocking,0,16270,全身紧身衣,服装
399930,highleg_swimsuit,0,16269,高叉泳装,服装
603647,frilled_shirt,0,16262,褶边衬衫,服装
411783,potted_plant,0,16260,盆栽,物品
420,onsen,0,16169,温泉,背景
1635846,tracen_school_uniform,0,16166,特雷森校服,服装
522051,on_head,0,16141,在头上,姿势
558436,silent_comic,0,16114,无声漫画,风格
9586,habit,0,16109,修女服,服装
453768,fairy_wings,0,16092,仙女翅膀,特征
610524,star-shaped_pupils,0,16027,星形瞳孔,眼睛
149791,drinking,0,16012,喝东西,姿势
1618371,body_fur,0,16011,体毛,身体
1862786,reaching_towards_viewer,0,15994,伸手向观众,姿势
653480,yellow_jacket,0,15984,黄色外套,服装
501706,card_(medium),0,15913,卡片媒介,物品
529493,jack-o'-lantern,0,15891,南瓜灯,物品
407056,unbuttoned,0,15858,解扣,服装
479176,bird_wings,0,15857,鸟翅膀,特征
375285,winter_clothes,0,15837,冬装,服装
9044,leg_lift,0,15824,抬腿,姿势
495530,bikini_under_clothes,0,15818,比基尼穿衣下,服装
481383,wristwatch,0,15808,腕表,物品
392133,heart_censor,0,15789,爱心审查,NSFW
2276,pool,0,15716,泳池,背景
403785,lowleg,0,15716,低腰,服装
379970,bound_wrists,0,15697,绑手腕,NSFW
584250,summer_uniform,0,15690,夏季制服,服装
484924,heart_hands,0,15649,爱心手,姿势
9351,gothic_lolita,0,15646,哥特洛丽塔,服装
3714,cannon,0,15635,大炮,物品
670635,cross-laced_clothes,0,15633,交叉系衣服,服装
390591,nipple_slip,0,15631,乳头走光,NSFW
414765,hair_over_eyes,0,15609,头发遮眼,头发
413878,electricity,0,15604,电,背景
455615,cow_print,0,15581,牛纹,服装
8822,eyeball,0,15555,眼球,物品
5252,cow_ears,0,15555,牛耳,特征
617956,brown_shirt,0,15493,棕色衬衫,服装
1258734,looking_ahead,0,15478,向前看,姿势
3468,classroom,0,15466,教室,背景
5626,antlers,0,15427,鹿角,特征
537093,lace-up_boots,0,15414,系带靴,服装
2181,cheerleader,0,15412,啦啦队,角色
16704,glass,0,15409,玻璃,物品
484456,back-to-back,0,15375,背对背,姿势
571873,checkered_clothes,0,15373,格子衣服,服装
1571375,poke_ball_(basic),0,15372,基础精灵球,物品
669725,holding_bag,0,15345,拿包,姿势
1303251,grey_pants,0,15322,灰色裤子,服装
1374209,food-themed_hair_ornament,0,15303,食物主题发饰,头发
468449,brown_dress,0,15299,棕色连衣裙,服装
11030,silhouette,0,15266,剪影,风格
133767,swimsuit_under_clothes,0,15265,泳装穿衣下,服装
406034,arm_grab,0,15255,抓手臂,姿势
639717,taut_clothes,0,15251,紧绷衣服,服装
408040,hitodama,0,15240,鬼火,物品
2586,witch,0,15209,女巫,角色
588702,vambraces,0,15175,臂甲,服装
5214,overalls,0,15168,工作服,服装
1262171,holding_bottle,0,15154,拿瓶子,姿势
476771,bush,0,15107,灌木,背景
684289,spoken_question_mark,0,15107,说话问号,文本
1667541,pom_pom_(cheerleading),0,15083,啦啦队绒球,物品
1410771,artist_logo,0,15046,艺术家标志,艺术家
1516549,pink_headwear,0,15009,粉色头饰,服装
1285325,wrist_scrunchie,0,15006,腕发圈,服装
509,pocky,0,15003,百奇,物品
1314823,black_sweater,0,15002,黑色毛衣,服装
11270,mittens,0,14959,连指手套,服装
1322401,black_horns,0,14952,黑色角,特征
469224,blue_thighhighs,0,14930,蓝色过膝袜,服装
661340,holding_poke_ball,0,14924,拿精灵球,姿势
42918,scales,0,14883,鳞片,身体
493832,military_vehicle,0,14838,军车,背景
607626,hair_stick,0,14837,发簪,头发
450337,ankle_boots,0,14836,踝靴,服装
84427,reading,0,14827,阅读,姿势
1601823,retro_artstyle,0,14817,复古艺术风格,风格
1276712,layered_sleeves,0,14789,分层袖,服装
613947,toeless_legwear,0,14784,无趾腿装,服装
526607,print_bikini,0,14772,印花比基尼,服装
493887,food_in_mouth,0,14760,嘴里食物,表情
375026,headdress,0,14754,头饰,服装
535186,breast_pocket,0,14746,胸袋,服装
458819,talking,0,14725,说话,表情
1509969,hip_focus,0,14716,臀焦点,身体
445092,wince,0,14699,畏缩,表情
1297465,pulled_by_self,0,14678,自己拉,姿势
8318,nipple_tweak,0,14675,捏乳头,NSFW
4572,candle,0,14665,蜡烛,物品
1574,magic,0,14662,魔法,背景
391568,assault_rifle,0,14630,突击步枪,物品
377998,petite,0,14601,小巧,身体
1257079,print_kimono,0,14599,印花和服,服装
1447858,feather_hair_ornament,0,14590,羽毛发饰,头发
232297,gohei,0,14581,御币,物品
1501454,tinted_eyewear,0,14578,染色眼镜,服装
665407,hand_to_own_mouth,0,14576,手放嘴,姿势
435550,headpat,0,14569,摸头,姿势
574501,ringed_eyes,0,14566,圈眼,表情
393028,controller,0,14549,控制器,物品
414957,confetti,0,14536,彩纸,物品
576287,blood_on_clothes,0,14528,衣服有血,表情
423612,wedding_ring,0,14525,结婚戒指,服装
477517,chinese_zodiac,0,14522,中国生肖,文本
416906,bangle,0,14510,手镯,服装
464543,cable,0,14503,电缆,物品
1297657,zipper_pull_tab,0,14492,拉链拉环,服装
517935,purple_bikini,0,14481,紫色比基尼,服装
378454,wind_lift,0,14466,风掀,服装
397155,huge_ass,0,14457,巨臀,身体
10280,flag,0,14452,旗帜,物品
10713,unzipped,0,14401,拉链拉开,服装
11173,sundress,0,14385,太阳裙,服装
526025,pleated_dress,0,14381,百褶连衣裙,服装
488078,purple_jacket,0,14360,紫色外套,服装
713203,crotch_seam,0,14354,裆缝,服装
397948,road,0,14345,道路,背景
374936,lamp,0,14315,灯,物品
663804,armored_dress,0,14313,装甲连衣裙,服装
704492,armored_boots,0,14309,装甲靴,服装
2319,fantasy,0,14305,幻想,风格
682963,claw_pose,0,14270,爪姿,姿势
646445,mask_on_head,0,14246,面具戴头上,服装
1339640,midriff_peek,0,14221,露脐偷看,服装
843857,red_kimono,0,14215,红色和服,服装
871328,black_kimono,0,14164,黑色和服,服装
838605,animal_focus,0,14160,动物焦点,人物数量
14859,pointless_censoring,0,14157,无意义审查,NSFW
529429,covered_eyes,0,14148,遮眼,表情
152,ninja,0,14131,忍者,角色
616593,purple_gloves,0,14129,紫色手套,服装
2231,fairy,0,14128,仙女,角色
11883,cityscape,0,14123,城市景观,背景
482857,joints,0,14118,关节,身体
485597,grey_dress,0,14117,灰色连衣裙,服装
376451,inverted_nipples,0,14116,内陷乳头,NSFW
1804525,bridal_garter,0,14094,新娘吊袜带,服装
461439,tube_top,0,14090,管状上衣,服装
408359,bare_back,0,14086,裸背,身体
720760,holding_tray,0,14076,拿托盘,姿势
1230896,horn_ornament,0,14072,角饰,特征
446289,cow_horns,0,14060,牛角,特征
394881,school_desk,0,14022,学校课桌,物品
1250483,holding_fan,0,14020,拿扇子,姿势
644684,chestnut_mouth,0,14007,栗子嘴,表情
374533,creature,0,14002,生物,角色
699839,halloween_costume,0,13995,万圣节服装,服装
12457,tatami,0,13959,榻榻米,背景
412037,open_fly,0,13955,拉链敞开,服装
2880,scythe,0,13942,镰刀,物品
280408,salute,0,13933,敬礼,姿势
2780,beachball,0,13925,沙滩球,物品
3880,light,0,13918,光,背景
407744,happy_sex,0,13880,开心性交,NSFW
4436,bench,0,13877,长椅,物品
498201,mini_crown,0,13862,小王冠,服装
458,nurse,0,13754,护士,角色
1396655,white_capelet,0,13696,白色小披风,服装
211409,wet_shirt,0,13694,湿衬衫,服装
1685910,painting_(medium),0,13693,绘画媒介,风格
416331,animal_costume,0,13665,动物服装,服装
6158,orgasm,0,13651,高潮,NSFW
785234,shoulder_cutout,0,13651,肩开洞,服装
669033,triangle_mouth,0,13650,三角嘴,表情
394150,blue_rose,0,13605,蓝色玫瑰,物品
3992,bucket,0,13604,桶,物品
23249,everyone,0,13591,所有人,人物数量
568920,+++,0,13587,#NAME?,表情
500740,very_short_hair,0,13586,极短发,头发
484631,naked_shirt,0,13576,只穿衬衫,服装
614827,tachi-e,0,13576,立绘,风格
686321,half_gloves,0,13574,半手套,服装
377169,stuffed_rabbit,0,13566,毛绒兔,物品
1257811,on_couch,0,13544,在沙发上,姿势
15131,riding,0,13529,骑乘,NSFW
656166,hands_on_own_face,0,13507,手扶脸,姿势
185924,key,0,13495,钥匙,物品
723097,after_vaginal,0,13490,阴道后,NSFW
525152,white_fur,0,13469,白色毛,身体
6318,space,0,13468,太空,背景
656170,hands_on_own_chest,0,13459,手放胸,姿势
6312,femdom,0,13455,女性支配,NSFW
516299,style_parody,0,13449,风格恶搞,风格
545704,blue_hairband,0,13438,蓝色发带,头发
390148,green_skin,0,13429,绿色皮肤,身体
617541,brown_pants,0,13411,棕色裤子,服装
1303436,red_choker,0,13408,红色项圈,服装
624352,strap_gap,0,13384,肩带间隙,服装
572672,japanese_armor,0,13380,日本铠甲,服装
498546,male_underwear,0,13317,男性内裤,服装
1379926,black_hoodie,0,13300,黑色卫衣,服装
1609981,uneven_legwear,0,13299,不对称腿装,服装
1342276,blue_halo,0,13257,蓝色光环,特征
1367435,falling_petals,0,13231,落花瓣,背景
43263,anchor,0,13204,锚,物品
461639,happy_new_year,0,13185,新年快乐,文本
251010,tiger_ears,0,13185,虎耳,特征
615659,blue_vest,0,13181,蓝色背心,服装
464560,frog,0,13148,青蛙,角色
375110,haori,0,13142,羽织,服装
288161,office_lady,0,13140,OL,角色
811495,undercut,0,13129,剃边发,头发
678558,hand_on_own_chin,0,13109,手扶下巴,姿势
389456,holster,0,13098,枪套,物品
230,waitress,0,13088,女服务员,角色
1267724,symbol_in_eye,0,13068,眼中符号,眼睛
656167,hand_on_another's_face,0,13066,手放别人脸,姿势
933253,on_chair,0,13054,在椅子上,姿势
638006,thighlet,0,13040,大腿带,服装
466164,laughing,0,12989,大笑,表情
394722,wet_hair,0,12986,湿发,头发
1420938,holding_polearm,0,12983,拿长柄武器,姿势
2802,earmuffs,0,12974,耳罩,服装
473213,red_thighhighs,0,12958,红色过膝袜,服装
3242,airplane,0,12951,飞机,背景
480027,purple_thighhighs,0,12947,紫色过膝袜,服装
675233,open_cardigan,0,12941,敞开开襟毛衣,服装
507378,yellow_bikini,0,12917,黄色比基尼,服装
1429562,two-tone_dress,0,12910,双色连衣裙,服装
473301,bow_bra,0,12905,蝴蝶结胸罩,服装
480899,5boys,0,12887,5个男孩,人物数量
450702,naval_uniform,0,12876,海军制服,服装
464674,stretching,0,12867,伸展,姿势
551848,polka_dot_background,0,12857,波点背景,背景
15272,bridal_veil,0,12846,新娘面纱,服装
2559,incest,0,12840,乱伦,NSFW
1516550,purple_headwear,0,12834,紫色头饰,服装
449932,w,0,12831,w表情,表情
576561,alternate_eye_color,0,12826,备用眼色,眼睛
411770,cum_in_ass,0,12809,肛内射,NSFW
30851,3koma,0,12802,3格漫画,风格
5104,shade,0,12790,阴影,风格
492202,flat_cap,0,12779,平帽,服装
404958,pilot_suit,0,12756,飞行员服,服装
4939,precum,0,12749,前液,NSFW
461530,balloon,0,12748,气球,物品
1456682,armpit_crease,0,12742,腋下皱褶,身体
506,dark,0,12729,黑暗,背景
547893,indian_style,0,12726,印度坐姿,姿势
450266,wine_glass,0,12719,酒杯,物品
468789,paw_gloves,0,12717,爪手套,服装
536,bukkake,0,12709,颜射,NSFW
464726,tight_clothes,0,12700,紧身衣服,服装
463399,randoseru,0,12691,书包,物品
1253894,holding_microphone,0,12690,拿麦克风,姿势
394136,red_panties,0,12686,红色内裤,服装
1388797,blue_neckerchief,0,12674,蓝色领巾,服装
1278425,rigging,0,12673,索具,物品
715118,ear_covers,0,12668,耳罩,服装
567329,limited_palette,0,12664,有限调色板,风格
441419,:>,0,12662,:>表情,表情
4965,dagger,0,12657,匕首,物品
626241,triangular_headpiece,0,12643,三角头饰,服装
688713,snake_hair_ornament,0,12641,蛇发饰,头发
2565,battle,0,12629,战斗,背景
602796,star_print,0,12628,星星印花,服装
1795966,cone_hair_bun,0,12628,锥发髻,头发
469422,paw_print,0,12618,爪印,物品
672705,pink_kimono,0,12589,粉色和服,服装
528129,one_breast_out,0,12587,一侧胸露出,NSFW
430066,id_card,0,12585,身份证,物品
421188,against_wall,0,12582,靠墙,姿势
1310698,curled_horns,0,12579,卷角,特征
599873,air_bubble,0,12575,气泡,背景
558230,ice_wings,0,12573,冰翅膀,特征
393840,purple_panties,0,12572,紫色内裤,服装
466142,fishnet_thighhighs,0,12567,渔网过膝袜,服装
1669227,hugging_own_legs,0,12529,抱自己腿,姿势
411560,sexually_suggestive,0,12527,性暗示,NSFW
648077,heart_of_string,0,12527,爱心弦,物品
6182,shibari,0,12517,绳艺,NSFW
375461,belly,0,12513,腹部,身体
8180,drunk,0,12508,醉酒,表情
125420,bald,0,12506,秃头,头发
396079,looking_afar,0,12494,眺望,姿势
466325,autumn_leaves,0,12494,秋叶,背景
1308012,red_hakama,0,12472,红色袴,服装
15202,nipple_piercing,0,12442,乳头穿孔,NSFW
659072,muneate,0,12426,胸当,服装
166945,yellow_dress,0,12425,黄色连衣裙,服装
390180,bathing,0,12415,洗澡,姿势
1462380,disposable_cup,0,12388,一次性杯,物品
555246,black_border,0,12383,黑色边框,风格
7495,sarong,0,12366,纱笼,服装
499324,red_shorts,0,12365,红色短裤,服装
1693074,own_hands_clasped,0,12325,自己双手合十,姿势
666816,hand_on_own_head,0,12313,手放自己头,姿势
3748,slippers,0,12296,拖鞋,服装
502136,whisker_markings,0,12285,胡须标记,身体
613998,mismatched_legwear,0,12279,不匹配腿装,服装
1246198,mechanical_halo,0,12275,机械光环,特征
472448,highleg_bikini,0,12261,高叉比基尼,服装
1410613,patreon_logo,0,12259,Patreon标志,艺术家
386389,bracer,0,12257,护腕,服装
1393212,yellow_neckerchief,0,12250,黄色领巾,服装
1470809,red_horns,0,12248,红色角,特征
532943,covering_crotch,0,12247,遮裆,NSFW
533391,open_hand,0,12226,张开手,姿势
1320887,anal_object_insertion,0,12221,肛门物体插入,NSFW
888554,cropped_shirt,0,12205,短衬衫,服装
397156,presenting,0,12193,展示,NSFW
1611664,oil-paper_umbrella,0,12189,油纸伞,物品
544390,>:),0,12177,>:)表情,表情
1685196,hakama_short_skirt,0,12172,袴短裙,服装
459290,snowflakes,0,12170,雪花,背景
412080,sleeve_cuffs,0,12166,袖口,服装
464545,carrot,0,12160,胡萝卜,物品
1302741,red_ascot,0,12149,红色领巾,服装
1316394,hip_vent,0,12122,臀开叉,服装
375915,animal_hat,0,12120,动物帽,服装
461736,alternate_hair_color,0,12118,备用发色,头发
7580,mecha_musume,0,12095,机娘,角色
16149,sack,0,12093,袋子,物品
541599,mechanical_arms,0,12078,机械臂,特征
3444,computer,0,12072,电脑,物品
589024,arm_strap,0,12071,臂带,服装
374409,bad_anatomy,0,12016,坏解剖,风格
592643,navel_cutout,0,11997,肚脐开洞,服装
15771,raccoon_ears,0,11979,浣熊耳,特征
1416387,kita_high_school_uniform,0,11972,北高校服,服装
500472,evil_smile,0,11963,邪恶笑,表情
1617412,bare_pectorals,0,11946,裸胸肌,身体
5861,bishounen,0,11940,美少年,角色
576693,tile_floor,0,11933,瓷砖地板,背景
4787,axe,0,11923,斧头,物品
1257081,scar_on_cheek,0,11893,脸颊伤疤,身体
639869,white_cape,0,11888,白色披风,服装
1812672,pink_halo,0,11868,粉色光环,特征
9481,teapot,0,11866,茶壶,物品
1370047,white_choker,0,11838,白色项圈,服装
720163,partially_unbuttoned,0,11822,部分解扣,服装
2006742,unworn_eyewear,0,11782,未戴眼镜,服装
726825,shoulder_tattoo,0,11775,肩纹身,身体
483988,condom_wrapper,0,11765,避孕套包装,NSFW
525747,lolita_hairband,0,11741,洛丽塔发带,头发
9983,dancing,0,11740,跳舞,姿势
2414,vampire,0,11731,吸血鬼,角色
1468069,multiple_others,0,11683,多人其他,人物数量
469551,facepaint,0,11671,脸部彩绘,表情
1450619,wide_shot,0,11630,广角镜头,姿势
11019,scared,0,11602,害怕,表情
394083,knee_pads,0,11596,护膝,服装
521120,backless_dress,0,11583,露背连衣裙,服装
538023,on_ground,0,11581,在地上,姿势
447310,green_nails,0,11572,绿指甲,服装
434704,string,0,11571,细绳,服装
558653,casual_one-piece_swimsuit,0,11568,便装连体泳装,服装
395583,mother_and_daughter,0,11562,母女,角色
411657,torn_thighhighs,0,11559,破过膝袜,服装
546667,print_shirt,0,11543,印花衬衫,服装
462351,animal_nose,0,11539,动物鼻,特征
408438,hair_up,0,11531,头发盘起,头发
461159,reference_sheet,0,11529,参考图,风格
594366,bat_(animal),0,11529,蝙蝠,物品
411966,used_condom,0,11506,用过的避孕套,NSFW
419116,tied_shirt,0,11504,绑衬衫,服装
492982,layered_dress,0,11503,分层连衣裙,服装
158473,string_panties,0,11497,细绳内裤,服装
13810,torii,0,11489,鸟居,背景
1256688,bandaged_leg,0,11486,绷带腿,服装
3138,bread,0,11482,面包,物品
881062,grabbing_own_breast,0,11480,自己抓胸,NSFW
4026,pumpkin,0,11461,南瓜,物品
1379635,mmf_threesome,0,11460,男男女3P,NSFW
1081137,imminent_penetration,0,11458,即将插入,NSFW
462974,squiggle,0,11431,波浪线,表情
388762,sleeveless_turtleneck,0,11429,无袖高领,服装
380303,bound_arms,0,11427,绑手臂,NSFW
547199,bikini_skirt,0,11423,比基尼裙,服装
669790,futa_with_female,0,11394,扶她与女性,NSFW
484880,architecture,0,11388,建筑,背景
15020,hibiscus,0,11380,扶桑花,物品
1349338,red_leotard,0,11371,红色紧身衣,服装
490069,disembodied_limb,0,11366,无身肢体,风格
728807,animification,0,11364,拟人化,角色
451190,layered_skirt,0,11351,分层裙,服装
5199,leggings,0,11349,紧身裤,服装
1369967,watercraft,0,11343,水上交通工具,背景
562575,green_bikini,0,11334,绿色比基尼,服装
1318267,public_indecency,0,11321,公共暴露,NSFW
1278539,long_sideburns,0,11313,长鬓角,头发
572821,star_earrings,0,11290,星星耳环,服装
372,bath,0,11283,洗澡,姿势
1222476,crescent_hair_ornament,0,11281,新月发饰,头发
530962,arm_under_breasts,0,11276,手臂托胸,姿势
2570,idol,0,11272,偶像,角色
496617,marker_(medium),0,11264,马克笔媒介,风格
1260880,fang_out,0,11260,獠牙露出,表情
409720,scabbard,0,11257,剑鞘,物品
1248463,brown_coat,0,11254,棕色大衣,服装
10369,bedroom,0,11254,卧室,背景
745997,holding_animal,0,11245,抱动物,姿势
428808,wagashi,0,11244,和果子,物品
617315,pantyhose_under_shorts,0,11236,连裤袜穿短裤下,服装
1382120,holding_instrument,0,11234,拿乐器,姿势
414233,cum_on_clothes,0,11217,衣服射,NSFW
400382,mouse_tail,0,11191,鼠尾,特征
456270,tasuki,0,11169,襷,服装
470269,on_one_knee,0,11165,单膝跪,姿势
675356,multicolored_background,0,11164,多色背景,背景
578891,shoulder_blades,0,11164,肩胛骨,身体
650433,invisible_chair,0,11163,隐形椅,姿势
464570,peach,0,11128,桃子,物品
412048,ribbon_choker,0,11127,丝带项圈,服装
426594,lace-trimmed_panties,0,11101,蕾丝装饰内裤,服装
614271,lace-trimmed_legwear,0,11095,蕾丝装饰腿装,服装
12724,field,0,11093,田野,背景
715545,duel_monster,0,11075,决斗怪兽,角色
474210,leg_ribbon,0,11070,腿丝带,服装
563862,gameplay_mechanics,0,11066,游戏机制,风格
474598,tate_eboshi,0,11040,立乌帽子,服装
4358,plugsuit,0,11036,插入服,服装
538586,hat_feather,0,11036,帽羽毛,服装
448185,garrison_cap,0,11002,驻军帽,服装
375526,short_kimono,0,10991,短和服,服装
9504,magatama,0,10984,勾玉,物品
376034,white_eyes,0,10974,白色眼睛,眼睛
504750,princess_carry,0,10974,公主抱,姿势
4960,parasol,0,10971,阳伞,物品
732590,interspecies,0,10968,异种,NSFW
1328025,fur-trimmed_coat,0,10964,毛边大衣,服装
5857,leather,0,10957,皮革,服装
515909,asymmetrical_clothes,0,10934,不对称衣服,服装
473218,lace-trimmed_bra,0,10930,蕾丝装饰胸罩,服装
408248,transparent,0,10916,透明,服装
8577,paintbrush,0,10904,画笔,物品
454128,head_wreath,0,10901,头花环,服装
516029,shimenawa,0,10874,注连绳,物品
444507,deep_skin,0,10868,深肤,身体
684956,frilled_bow,0,10867,褶边蝴蝶结,服装
8301,black_cat,0,10867,黑猫,角色
3473,giant,0,10850,巨人,身体
1488686,tilted_headwear,0,10841,倾斜头饰,服装
1290625,single_bare_shoulder,0,10807,单裸肩,身体
558829,animal_on_head,0,10802,动物在头上,姿势
1269062,mitakihara_school_uniform,0,10791,见泷原校服,服装
1369553,blunt_ends,0,10788,钝发尾,头发
421507,leg_grab,0,10765,抓腿,姿势
4964,nosebleed,0,10736,鼻血,表情
507586,yellow_skirt,0,10728,黄色裙子,服装
75228,aura,0,10714,光环,风格
390530,grey_skin,0,10713,灰皮肤,身体
1749079,sample_watermark,0,10710,样本水印,艺术家
547384,tail_raised,0,10702,尾巴抬起,特征
481547,holding_hair,0,10691,抓头发,姿势
578643,striped_background,0,10680,条纹背景,背景
8433,thumbs_up,0,10677,竖大拇指,姿势
606748,chibi_inset,0,10655,Q版插图,风格
1441862,purple_footwear,0,10654,紫色鞋子,服装
416486,photo_(object),0,10645,照片物体,物品
473248,blue_bra,0,10629,蓝色胸罩,服装
513428,watercolor_(medium),0,10624,水彩媒介,风格
388908,raglan_sleeves,0,10603,插肩袖,服装
6235,harness,0,10600,马具,服装
726933,clothes_around_waist,0,10600,衣服缠腰,服装
1379636,ffm_threesome,0,10592,女女男3P,NSFW
443796,under_covers,0,10588,在被子下,姿势
456515,tiger_print,0,10571,虎纹,服装
596854,blue_scarf,0,10559,蓝色围巾,服装
646363,company_name,0,10555,公司名,文本
1441860,grey_footwear,0,10541,灰色鞋子,服装
1228172,asymmetrical_gloves,0,10537,不对称手套,服装
524381,ear_ornament,0,10536,耳饰,服装
1672,tea,0,10509,茶,物品
574178,o-ring_top,0,10487,O环上衣,服装
544230,asymmetrical_wings,0,10475,不对称翅膀,特征
522720,naked_towel,0,10472,只裹毛巾,服装
491802,standing_sex,0,10468,站立性交,NSFW
547394,o-ring_bikini,0,10467,O环比基尼,服装
493064,over_shoulder,0,10451,肩上,姿势
473742,two_tails,0,10432,双尾,特征
493164,forehead_jewel,0,10431,额头宝石,身体
412376,stitches,0,10412,缝线,身体
835846,white_collar,0,10378,白色领,服装
595503,facial_tattoo,0,10366,脸纹身,身体
1383260,purple_kimono,0,10358,紫色和服,服装
474306,headphones_around_neck,0,10355,耳机挂颈,物品
376270,pantyhose_pull,0,10338,拉连裤袜,服装
1397428,white_tank_top,0,10335,白色背心,服装
13851,halftone,0,10320,半色调,风格
514087,cross_necklace,0,10304,十字项链,服装
403904,french_kiss,0,10301,法式吻,NSFW
1355714,crescent_hat_ornament,0,10296,新月帽饰,服装
478328,rolling_eyes,0,10293,翻白眼,表情
392495,tiptoes,0,10291,踮脚,姿势
593165,out-of-frame_censoring,0,10284,画外审查,NSFW
1400566,toned_male,0,10278,健美男性,身体
468991,kicking,0,10270,踢腿,姿势
6203,vines,0,10267,藤蔓,背景
1233477,crop_top_overhang,0,10263,露脐上衣 overhang,服装
11651,annoyed,0,10255,恼火,表情
562151,short_over_long_sleeves,0,10244,短套长袖,服装
596449,pigeon-toed,0,10242,内八字,姿势
485014,white_rose,0,10225,白色玫瑰,物品
459097,cowbell,0,10180,牛铃,物品
1041483,split_mouth,0,10176,裂嘴,表情
374961,no_pupils,0,10176,无瞳孔,眼睛
469978,glowing_eye,0,10174,发光眼,眼睛
682686,spoken_exclamation_mark,0,10173,说话感叹号,文本
1271756,black_scarf,0,10150,黑色围巾,服装
14461,open_kimono,0,10139,敞开和服,服装
724764,hand_on_own_thigh,0,10138,手放自己大腿,姿势
516432,imminent_kiss,0,10137,即将亲吻,NSFW
406340,oversized_clothes,0,10123,超大衣服,服装
1392820,black_neckerchief,0,10123,黑色领巾,服装
1574663,two-sided_fabric,0,10108,双面布,服装
1262142,holding_bouquet,0,10103,拿花束,姿势
3356,peeing,0,10081,尿尿,NSFW
16791,strap,0,10077,肩带,服装
1328011,fur-trimmed_sleeves,0,10074,毛边袖,服装
661337,aqua_nails,0,10074,水色指甲,服装
610074,platform_footwear,0,10065,厚底鞋,服装
462735,old,0,10057,老年,人物
1301235,pubic_tattoo,0,10055,阴部纹身,NSFW
1750248,onee-shota,0,10041,姐姐正太,角色
484616,maple_leaf,0,10021,枫叶,物品
501583,in_container,0,10019,在容器中,姿势
1740,mermaid,0,10018,美人鱼,角色
1481917,sakuragaoka_high_school_uniform,0,10017,樱丘高校服,服装
1244676,one-piece_tan,0,10006,连体晒痕,身体
383117,breast_sucking,0,9999,吸乳,NSFW
483436,fish_tail,0,9995,鱼尾,特征
1385413,white_hoodie,0,9989,白色卫衣,服装
612000,constricted_pupils,0,9970,收缩瞳孔,眼睛
515552,striped_dress,0,9966,条纹连衣裙,服装
710372,orange_shirt,0,9944,橙色衬衫,服装
488261,blue_cape,0,9942,蓝色披风,服装
1719049,split-color_hair,0,9941,分色头发,头发
665739,holding_gift,0,9927,拿礼物,姿势
1689923,pectoral_cleavage,0,9907,胸肌沟,身体
465393,pee,0,9901,尿,NSFW
519374,white_belt,0,9896,白色腰带,服装
492645,gyaru,0,9888,辣妹,角色
439130,anniversary,0,9882,纪念日,文本
491645,head_fins,0,9881,头鳍,特征
703196,leaf_hair_ornament,0,9880,叶子发饰,头发
1431068,holding_stuffed_toy,0,9869,拿毛绒玩具,姿势
3971,handcuffs,0,9863,手铐,NSFW
1554924,m_legs,0,9855,M腿,姿势
614744,red_pants,0,9839,红色裤子,服装
403779,navel_piercing,0,9834,肚脐穿孔,NSFW
472069,cross-section,0,9824,剖面,风格
440369,multiple_persona,0,9817,多重人格,角色
1320888,vaginal_object_insertion,0,9817,阴道物体插入,NSFW
496894,face-to-face,0,9806,面对面,姿势
414159,x-ray,0,9799,透视,NSFW
1491182,vehicle_focus,0,9795,车辆焦点,背景
11555,bathroom,0,9780,浴室,背景
465707,biting,0,9765,咬,NSFW
200140,magic_circle,0,9745,魔法阵,背景
1375840,rabbit_hair_ornament,0,9742,兔发饰,头发
447060,spiked_collar,0,9739,尖刺项圈,服装
1451201,draph,0,9738,德拉夫,角色
2215,house,0,9728,房屋,背景
7929,shackles,0,9725,脚镣,NSFW
415106,neck_ring,0,9724,颈环,服装
4633,singing,0,9722,唱歌,姿势
4429,pencil,0,9721,铅笔,物品
381114,red_skin,0,9714,红色皮肤,身体
1701063,holding_another's_wrist,0,9710,抓别人手腕,姿势
5157,sad,0,9706,伤心,表情
460555,hair_censor,0,9699,头发审查,NSFW
400657,one-eyed,0,9698,独眼,特征
4065,explosion,0,9688,爆炸,背景
662950,name_connection,0,9680,名字连接,文本
2566,mushroom,0,9669,蘑菇,物品
10704,bamboo,0,9665,竹子,背景
559585,playing_instrument,0,9664,演奏乐器,姿势
513423,graphite_(medium),0,9656,石墨媒介,风格
423348,chest_hair,0,9656,胸毛,身体
384905,symmetrical_docking,0,9650,对称对接,NSFW
9331,falling,0,9639,坠落,姿势
1320534,pink_bowtie,0,9638,粉色领结,服装
1313352,brown_sweater,0,9638,棕色毛衣,服装
1260411,holding_plate,0,9624,拿盘子,姿势
1418952,colored_tips,0,9622,染色发尖,头发
268105,pants_pull,0,9617,拉裤子,服装
374955,ruins,0,9613,废墟,背景
1238881,yellow_necktie,0,9603,黄色领带,服装
698860,hand_on_own_knee,0,9589,手放自己膝,姿势
666125,holding_fruit,0,9585,拿水果,姿势
53988,fox_mask,0,9576,狐面具,服装
2100,summer,0,9573,夏季,背景
482927,belt_pouch,0,9568,腰包,物品
681480,light_frown,0,9559,轻皱眉,表情
474715,crescent_moon,0,9557,新月,背景
399391,spiked_bracelet,0,9552,尖刺手镯,服装
2006746,unworn_shoes,0,9545,未穿鞋,服装
471436,doughnut,0,9533,甜甜圈,物品
495147,hair_slicked_back,0,9522,头发向后,头发
490261,partially_colored,0,9509,部分上色,风格
379375,red_coat,0,9507,红色大衣,服装
663521,shoe_soles,0,9502,鞋底,身体
390893,water_bottle,0,9498,水瓶,物品
6202,winter,0,9488,冬季,背景
659487,black_tank_top,0,9487,黑色背心,服装
501739,folded,0,9477,折叠,姿势
490606,afterimage,0,9472,残像,风格
1354336,grey_shorts,0,9457,灰色短裤,服装
13126,lineart,0,9450,线稿,风格
395294,head_scarf,0,9449,头巾,服装
3102,greaves,0,9432,护胫,服装
384906,asymmetrical_docking,0,9422,不对称对接,NSFW
2918,fireworks,0,9416,烟花,背景
560670,narrow_waist,0,9411,窄腰,身体
16170,television,0,9403,电视,物品
466015,kitsune,0,9396,狐狸,角色
12391,double_penetration,0,9389,双插,NSFW
590917,leaf_on_head,0,9363,头上叶子,物品
673732,goat_horns,0,9359,山羊角,特征
420828,sliding_doors,0,9358,拉门,背景
658791,necktie_between_breasts,0,9356,领带乳沟间,服装
569780,pink_rose,0,9354,粉色玫瑰,物品
430765,sunbeam,0,9352,阳光束,背景
499772,copyright_notice,0,9347,版权声明,文本
54490,monitor,0,9323,显示器,物品
643811,micro_shorts,0,9312,超短裤,服装
2576,fat,0,9309,肥胖,身体
443371,raccoon_tail,0,9302,浣熊尾,特征
464580,split,0,9286,分裂,姿势
530616,checkered_floor,0,9253,格子地板,背景
637674,slingshot_swimsuit,0,9251,弹弓泳装,服装
2998,cunnilingus,0,9242,舔阴,NSFW
560578,multicolored_skin,0,9238,多色皮肤,身体
4924,camouflage,0,9220,迷彩,服装
543207,east_asian_architecture,0,9215,东亚建筑,背景
396470,arm_cannon,0,9211,臂炮,物品
1515359,pink_theme,0,9198,粉色主题,风格
718360,polka_dot_bow,0,9184,波点蝴蝶结,服装
629455,striped_necktie,0,9181,条纹领带,服装
7834,naked_apron,0,9176,只穿围裙,NSFW
11870,manly,0,9167,男子气概,人物
393313,nervous,0,9157,紧张,表情
1326379,red_capelet,0,9156,红色小披风,服装
1261156,green_vest,0,9155,绿色背心,服装
1152618,bandaid_on_leg,0,9155,腿创可贴,服装
1320207,white_bowtie,0,9144,白色领结,服装
395658,christmas_tree,0,9120,圣诞树,物品
1269638,handheld_game_console,0,9117,掌上游戏机,物品
534254,brick_wall,0,9106,砖墙,背景
1330221,fur-trimmed_gloves,0,9083,毛边手套,服装
393891,no_shirt,0,9075,无衬衫,服装
15959,loose_socks,0,9069,松袜,服装
532949,trigger_discipline,0,9053,扳机纪律,姿势
279773,body_writing,0,9040,身体文字,NSFW
1422110,ears_through_headwear,0,9035,耳朵穿过头饰,特征
390703,purple_skin,0,9029,紫色皮肤,身体
12286,badge,0,9007,徽章,物品
1575551,gap_(touhou),0,9006,隙间,角色
1510922,other_focus,0,8998,其他焦点,人物数量
1390702,multicolored_jacket,0,8997,多色外套,服装
491943,dark_persona,0,8992,黑暗人格,角色
537886,shorts_under_skirt,0,8986,裙下短裤,服装
575497,starry_background,0,8986,星空背景,背景
546385,heart_earrings,0,8984,爱心耳环,服装
148527,stool,0,8984,凳子,物品
1401801,black_capelet,0,8979,黑色小披风,服装
676529,licking_penis,0,8976,舔阴茎,NSFW
606828,bead_necklace,0,8976,珠项链,服装
15258,torpedo,0,8970,鱼雷,物品
436870,:/,0,8953,:/表情,表情
486934,no_mouth,0,8953,无嘴,表情
238471,babydoll,0,8941,娃娃裙,服装
464550,coin,0,8936,硬币,物品
511662,arm_guards,0,8933,臂护,服装
452549,!!,0,8930,!!表情,表情
1312164,green_necktie,0,8924,绿色领带,服装
1409552,ooarai_school_uniform,0,8922,大洗校服,服装
644510,dark_background,0,8914,黑暗背景,背景
1915731,double-parted_bangs,0,8912,双分刘海,头发
1230827,dark_blue_hair,0,8894,深蓝发,头发
706995,erection_under_clothes,0,8888,衣服下勃起,NSFW
1302909,brown_shorts,0,8887,棕色短裤,服装
604394,pointing_at_viewer,0,8882,指向观众,姿势
420298,big_hair,0,8881,大头发,头发
464551,cookie,0,8873,饼干,物品
69696,undershirt,0,8867,内衫,服装
378581,brothers,0,8866,兄弟,角色
1169097,frilled_hairband,0,8852,褶边发带,头发
1385535,grey_sweater,0,8843,灰色毛衣,服装
714822,red_theme,0,8839,红色主题,风格
393361,seductive_smile,0,8836,诱惑笑,表情
498950,orange_skirt,0,8834,橙色裙子,服装
640872,pov_crotch,0,8829,主视角裆,NSFW
1484630,see-through_sleeves,0,8825,透视袖,服装
724584,hooded_cloak,0,8824,连帽斗篷,服装
10802,bonnet,0,8816,软帽,服装
460204,hair_over_breasts,0,8815,头发遮胸,NSFW
1329446,green_shorts,0,8802,绿色短裤,服装
421031,huge_weapon,0,8799,巨武器,物品
392034,dripping,0,8797,滴落,NSFW
1314745,blue_choker,0,8794,蓝色项圈,服装
461699,blank_eyes,0,8791,空白眼睛,表情
186201,skirt_pull,0,8762,拉裙,姿势
1437338,brown_cardigan,0,8761,棕色开襟毛衣,服装
491474,gym_shirt,0,8756,体育衬衫,服装
385088,earphones,0,8753,耳机,物品
108777,bra_lift,0,8744,掀胸罩,NSFW
1303018,blue_coat,0,8724,蓝色大衣,服装
1320446,facing_another,0,8713,面对对方,姿势
1261355,bead_bracelet,0,8710,珠手镯,服装
500,fundoshi,0,8704,兜裆布,服装
666377,hair_spread_out,0,8695,头发散开,头发
16507,lion_ears,0,8690,狮耳,特征
487745,sitting_on_lap,0,8689,坐在腿上,姿势
463475,iron_cross,0,8687,铁十字,物品
465836,cutoffs,0,8672,剪短裤,服装
1415843,white_ascot,0,8670,白色领巾,服装
1364407,genderswap_(ftm),0,8667,性别转换女变男,角色
510068,splashing,0,8666,溅水,姿势
556987,sparkling_eyes,0,8664,闪亮眼睛,眼睛
402799,tiger_tail,0,8655,虎尾,特征
581653,smoking_pipe,0,8649,烟斗,物品
4940,foreskin,0,8642,包皮,NSFW
467794,cow_girl,0,8630,牛娘,角色
1393342,erune,0,8623,艾露恩,角色
395929,bikini_pull,0,8614,拉比基尼,NSFW
502731,hachimaki,0,8605,钵卷,服装
1392012,white_bodysuit,0,8588,白色紧身衣,服装
715714,voice_actor_connection,0,8587,声优连接,角色
581500,plaid_vest,0,8580,格子背心,服装
593668,huge_ahoge,0,8563,巨大呆毛,头发
615907,pink_gloves,0,8562,粉色手套,服装
392008,chalkboard,0,8561,黑板,物品
498466,implied_sex,0,8547,暗示性交,NSFW
493465,playing_card,0,8542,扑克牌,物品
408887,shoulder_pads,0,8531,肩垫,服装
2089747,argyle_clothes,0,8516,菱形格衣服,服装
1496184,tassel_earrings,0,8511,流苏耳环,服装
1380647,drink_can,0,8509,饮料罐,物品
458210,bikini_armor,0,8507,比基尼铠甲,服装
1465099,black_sports_bra,0,8492,黑色运动胸罩,服装
385431,submachine_gun,0,8490,冲锋枪,物品
457806,artist_self-insert,0,8485,艺术家自插,角色
3898,tank,0,8480,坦克,物品
1304069,yellow_bowtie,0,8471,黄色领结,服装
375594,pink_thighhighs,0,8462,粉色过膝袜,服装
376018,ribs,0,8461,肋骨,身体
1363856,star_hat_ornament,0,8461,星星帽饰,服装
418177,ripples,0,8458,水波,背景
1318186,braided_bun,0,8449,辫发髻,头发
606296,dappled_sunlight,0,8448,斑驳阳光,背景
6230,latex,0,8441,乳胶,服装
1375839,holding_chopsticks,0,8436,拿筷子,姿势
1326641,purple_bowtie,0,8421,紫色领结,服装
1898,hammer,0,8418,锤子,物品
416507,torn_shirt,0,8414,破衬衫,服装
665765,animal_collar,0,8411,动物项圈,服装
417892,shell,0,8408,贝壳,物品
1613133,assertive_female,0,8396,强势女性,人物
1474967,grey_headwear,0,8390,灰色头饰,服装
388149,ranguage,0,8386,语言错误,文本
401680,sweater_dress,0,8383,毛衣连衣裙,服装
419695,sakazuki,0,8376,盏,物品
10403,futon,0,8374,被褥,物品
388207,yin_yang,0,8373,阴阳,物品
462594,bobby_socks,0,8366,短袜,服装
1508967,purple_theme,0,8354,紫色主题,风格
3509,syringe,0,8346,注射器,物品
1248639,grey_gloves,0,8345,灰色手套,服装
482376,game_controller,0,8313,游戏手柄,物品
391251,breast_rest,0,8310,胸靠,姿势
1313798,blue_sweater,0,8310,蓝色毛衣,服装
665137,sandwiched,0,8306,夹击,NSFW
516937,oversized_object,0,8296,超大物体,物品
434799,0_0,0,8295,0_0表情,表情
606732,soaking_feet,0,8292,泡脚,姿势
660963,diamond_(shape),0,8290,钻石形状,物品
4803,birthday,0,8266,生日,文本
1490428,fringe_trim,0,8265,流苏装饰,服装
378072,huge_penis,0,8261,巨大阴茎,NSFW
622607,official_style,0,8260,官方风格,风格
142348,wardrobe_malfunction,0,8257,衣柜故障,NSFW
410002,sheet_grab,0,8240,抓床单,姿势
1282122,green_footwear,0,8222,绿色鞋子,服装
413865,planet,0,8212,行星,背景
382729,striped_pantyhose,0,8211,条纹连裤袜,服装
527888,animalization,0,8208,动物化,风格
483418,mini_top_hat,0,8205,小高顶帽,服装
412952,arm_garter,0,8204,臂吊带,服装
511571,zzz,0,8198,zzz,表情
1318935,aqua_necktie,0,8195,水色领带,服装
478321,checkered_background,0,8194,格子背景,背景
438708,frilled_panties,0,8188,褶边内裤,服装
416892,;o,0,8183,;o表情,表情
5006,rice,0,8164,米饭,物品
1251101,off-shoulder_sweater,0,8163,露肩毛衣,服装
551141,arm_ribbon,0,8162,臂丝带,服装
1316159,leaning_to_the_side,0,8162,侧倾,姿势
2298,watermelon,0,8160,西瓜,物品
1396773,fur-trimmed_capelet,0,8152,毛边小披风,服装
3904,rainbow,0,8152,彩虹,背景
390768,old_man,0,8150,老男人,人物
541644,aqua_background,0,8137,水色背景,背景
108765,broom_riding,0,8136,骑扫帚,姿势
588956,untied_bikini,0,8132,解开比基尼,NSFW
431532,fake_screenshot,0,8126,假截图,风格
3531,bridge,0,8125,桥,背景
8696,bathtub,0,8099,浴缸,背景
2182,police,0,8097,警察,角色
663579,holding_spoon,0,8094,拿勺子,姿势
1394264,holding_bow_(weapon),0,8090,拿弓,姿势
1548634,braided_bangs,0,8082,辫刘海,头发
487559,lamppost,0,8066,路灯,背景
552246,red_collar,0,8062,红色项圈,服装
1661326,content_rating,0,8043,内容评级,文本
582833,ear_blush,0,8037,耳红,表情
374967,power_lines,0,8015,电线,背景
435834,torso_grab,0,8004,抓躯干,NSFW
423161,object_on_head,0,7992,头上物体,姿势
1948371,nervous_sweating,0,7962,紧张出汗,表情
1600,beer,0,7950,啤酒,物品
526026,multicolored_dress,0,7935,多色连衣裙,服装
8988,sniper_rifle,0,7935,狙击枪,物品
378042,bear_ears,0,7934,熊耳,特征
561394,reverse_cowgirl_position,0,7919,反向女上位,NSFW
504035,film_grain,0,7919,胶片颗粒,风格
511640,single_shoe,0,7915,单鞋,服装
1732562,bikini_bottom_only,0,7915,只穿比基尼底,服装
380747,speed_lines,0,7914,速度线,风格
34553,dirty,0,7913,脏,表情
464547,cherry,0,7908,樱桃,物品
1316985,shark_tail,0,7907,鲨鱼尾,特征
1551197,1990s_(style),0,7906,1990s风格,风格
1711150,red_halo,0,7902,红色光环,特征
509903,tying_hair,0,7897,绑头发,姿势
1416880,yellow_footwear,0,7893,黄色鞋子,服装
640090,red_eyeshadow,0,7890,红色眼影,服装
376671,scroll,0,7888,卷轴,物品
501783,miqo'te,0,7886,米科特,角色
394743,cushion,0,7885,靠垫,物品
458796,sheep_horns,0,7884,羊角,特征
1367825,green_kimono,0,7871,绿色和服,服装
564515,vertical-striped_thighhighs,0,7865,竖条纹过膝袜,服装
603198,red_sweater,0,7859,红色毛衣,服装
392117,insect_wings,0,7857,昆虫翅膀,特征
1637638,heart_brooch,0,7846,爱心胸针,服装
1397927,puff_of_air,0,7835,空气喷,表情
1441887,rimless_eyewear,0,7826,无框眼镜,服装
466467,burger,0,7817,汉堡,物品
1582095,bow_hairband,0,7816,蝴蝶结发带,头发
1364404,male_swimwear,0,7811,男性泳装,服装
6425,scissors,0,7801,剪刀,物品
473284,frilled_bra,0,7791,褶边胸罩,服装
109153,saucer,0,7782,茶碟,物品
1770616,blue_gemstone,0,7778,蓝色宝石,物品
1269470,chest_tattoo,0,7767,胸纹身,身体
464558,egg,0,7763,蛋,物品
666921,holding_fork,0,7761,拿叉子,姿势
492671,moaning,0,7759,呻吟,表情
396065,green_panties,0,7752,绿色内裤,服装
5011,horse,0,7744,马,角色
1684829,heads_together,0,7741,头靠头,姿势
492465,grey_thighhighs,0,7737,灰色过膝袜,服装
414773,aiming,0,7735,瞄准,姿势
1008745,sanpaku,0,7731,散白眼,眼睛
694174,torogao,0,7723,呆脸,表情
462578,merry_christmas,0,7722,圣诞快乐,文本
1733109,jaggy_lines,0,7721,锯齿线,风格
11231,feeding,0,7713,喂食,姿势
516375,biceps,0,7702,二头肌,身体
398297,shouting,0,7695,大喊,表情
3569,sleepy,0,7687,困,表情
538953,zouri,0,7682,草鞋,服装
902927,collared_jacket,0,7680,有领外套,服装
404056,yukkuri_shiteitte_ne,0,7680,慢慢来,文本
2762,coffee,0,7678,咖啡,物品
1542129,skin-covered_horns,0,7677,皮肤覆盖角,特征
465523,race_queen,0,7661,赛车女郎,角色
1398298,fur-trimmed_dress,0,7652,毛边连衣裙,服装
3577,motorcycle,0,7649,摩托车,背景
3860,cooking,0,7643,烹饪,姿势
1854325,yellow_halo,0,7632,黄色光环,特征
8671,female_ejaculation,0,7627,女性射精,NSFW
399604,fucked_silly,0,7624,被操傻,NSFW
1782390,traditional_bowtie,0,7617,传统领结,服装
502301,tail_wagging,0,7612,摇尾,特征
1264677,anchor_hair_ornament,0,7597,锚发饰,头发
469544,navel_hair,0,7596,肚脐毛,身体
1304062,yellow_hairband,0,7581,黄色发带,头发
547756,bare_tree,0,7571,光秃树,背景
14258,nekomata,0,7569,猫又,角色
374606,giantess,0,7557,女巨人,身体
421520,no_eyes,0,7553,无眼,表情
797417,ear_bow,0,7552,耳蝴蝶结,服装
14297,cyborg,0,7550,赛博格,角色
2006744,unworn_panties,0,7541,未穿内裤,服装
1251292,fur-trimmed_cape,0,7534,毛边披风,服装
375373,long_coat,0,7526,长大衣,服装
465180,ball_gag,0,7517,球塞,NSFW
579943,hair_pulled_back,0,7517,头发向后拉,头发
416268,v-neck,0,7513,V领,服装
712121,trait_connection,0,7506,特征连接,角色
1268860,chest_jewel,0,7506,胸宝石,身体
2006743,unworn_skirt,0,7503,未穿裙子,服装
490010,extra_arms,0,7502,额外手臂,特征
449907,topknot,0,7501,丸髻,头发
1384761,blue_hoodie,0,7483,蓝色卫衣,服装
5473,tape,0,7470,胶带,物品
464537,bruise,0,7458,瘀伤,身体
520820,female_orgasm,0,7448,女性高潮,NSFW
422654,gigantic_breasts,0,7436,巨大乳房,身体
420744,shelf,0,7432,架子,物品
1447648,sailor_senshi_uniform,0,7431,水兵服,服装
436889,stomach_bulge,0,7421,腹部隆起,NSFW
547348,extra_eyes,0,7395,额外眼睛,特征
418912,cum_string,0,7394,精液线,NSFW
605308,between_fingers,0,7393,指间,姿势
439891,d:,0,7385,d:表情,表情
16739,clipboard,0,7383,剪贴板,物品
8354,reclining,0,7382,斜躺,姿势
553870,sleeveless_jacket,0,7382,无袖外套,服装
1505172,engrish_text,0,7377,英语错误文本,文本
403477,electric_guitar,0,7376,电吉他,物品
570005,green_pants,0,7371,绿色裤子,服装
1515356,green_theme,0,7364,绿色主题,风格
1389146,white_neckerchief,0,7364,白色领巾,服装
1428556,standing_split,0,7362,站立劈腿,姿势
329,bestiality,0,7360,兽交,NSFW
468075,jiangshi,0,7347,僵尸,角色
410239,superhero,0,7335,超级英雄,角色
511642,single_sock,0,7329,单袜,服装
1326581,brown_vest,0,7322,棕色背心,服装
391915,print_panties,0,7314,印花内裤,服装
379427,skeleton,0,7309,骷髅,角色
467264,yawning,0,7306,打哈欠,表情
563425,waist_cape,0,7305,腰披风,服装
15994,shirt_pull,0,7302,拉衬衫,服装
1262324,shared_bathing,0,7301,共浴,NSFW
495048,lily_(flower),0,7300,百合花,物品
501384,long_braid,0,7300,长辫,头发
615718,green_gloves,0,7297,绿色手套,服装
651810,holding_card,0,7296,拿卡,姿势
1258905,holding_can,0,7296,拿罐,姿势
1393856,hooded_coat,0,7295,连帽大衣,服装
651956,clothed_male_nude_female,0,7294,男穿衣女裸,NSFW
415942,jester_cap,0,7288,小丑帽,服装
614881,open_vest,0,7283,敞开背心,服装
695377,planted,0,7267,插在地上,姿势
615970,yellow_sclera,0,7267,黄色巩膜,眼睛
493130,plaid_shirt,0,7266,格子衬衫,服装
487850,tentacle_sex,0,7261,触手性交,NSFW
1345874,weapon_on_back,0,7257,武器背上,姿势
481294,detached_wings,0,7252,分离翅膀,特征
1346561,holding_cigarette,0,7251,拿香烟,姿势
421658,cardboard_box,0,7232,纸箱,物品
1708,sake,0,7226,清酒,物品
679252,solid_oval_eyes,0,7223,实心椭圆眼,眼睛
1618887,infection_monitor_(arknights),0,7221,感染监测器,物品
480577,:|,0,7210,:|表情,表情
4491,monocle,0,7209,单片眼镜,服装
492769,picture_frame,0,7206,画框,物品
652562,book_stack,0,7196,书堆,物品
1408307,black_blindfold,0,7192,黑色蒙眼布,NSFW
578856,pink_sweater,0,7179,粉色毛衣,服装
238935,track_suit,0,7177,运动服,服装
710056,fox_shadow_puppet,0,7177,狐狸手影,姿势
1303914,pink_choker,0,7174,粉色项圈,服装
397487,pillow_hug,0,7168,抱枕,姿势
1827216,cube_hair_ornament,0,7168,立方体发饰,头发
547349,heart_ahoge,0,7165,爱心呆毛,头发
1257578,frilled_collar,0,7142,褶边领,服装
587579,floating_object,0,7140,漂浮物体,物品
482913,black_suit,0,7139,黑色西装,服装
399455,poolside,0,7137,泳池边,背景
2648,nightgown,0,7131,睡袍,服装
408582,expressions,0,7119,表情,表情
504234,punching,0,7113,打拳,姿势
626633,spoken_musical_note,0,7108,说话音符,文本
432914,flat_color,0,7106,平涂,风格
375424,the_pose,0,7104,the姿势,姿势
706041,cross-shaped_pupils,0,7103,十字瞳孔,眼睛
508932,side-by-side,0,7099,并排,姿势
1298744,frilled_choker,0,7097,褶边项圈,服装
710095,striped_bowtie,0,7095,条纹领结,服装
15670,beach_umbrella,0,7093,沙滩伞,物品
2008674,artistic_error,0,7088,艺术错误,风格
464571,pillar,0,7085,柱子,背景
381678,broken,0,7083,破碎,表情
647130,white_necktie,0,7082,白色领带,服装
11067,jumpsuit,0,7080,连身裤,服装
642359,faulds,0,7079,裙甲,服装
13859,perspective,0,7078,透视,风格
15117,police_uniform,0,7069,警察制服,服装
422720,uwabaki,0,7039,上履,服装
378899,bride,0,7038,新娘,角色
569436,blood_on_hands,0,7032,手上血,表情
474091,downblouse,0,7028,下视乳沟,NSFW
375185,doll_joints,0,7018,娃娃关节,身体
661260,yellow_nails,0,7006,黄色指甲,服装
1347239,holding_wand,0,7000,拿魔杖,姿势
664517,kariginu,0,6998,狩衣,服装
2311,pregnant,0,6994,怀孕,身体
16710,sepia,0,6992,棕褐色,风格
713253,cross_hair_ornament,0,6991,十字发饰,头发
656330,hands_on_own_cheeks,0,6987,手扶脸颊,姿势
398857,mind_control,0,6987,精神控制,NSFW
3249,wine,0,6970,葡萄酒,物品
506311,weapon_over_shoulder,0,6962,武器肩上,姿势
473775,pointy_hair,0,6960,尖发,头发
841221,very_dark_skin,0,6959,极黑皮肤,身体
1243442,competition_school_swimsuit,0,6953,竞技校泳装,服装
471574,over-kneehighs,0,6946,过膝袜以上,服装
202427,3:00,0,6936,0.125,文本
1275190,twisted_torso,0,6932,扭曲躯干,姿势
507496,chess_piece,0,6930,棋子,物品
512713,aqua_bow,0,6927,水色蝴蝶结,服装
1669073,official_alternate_hair_length,0,6926,官方备用发长,头发
784749,leotard_under_clothes,0,6914,紧身衣穿衣下,服装
4547,lowleg_panties,0,6905,低腰内裤,服装
420311,\m/,0,6904,\m/姿势,姿势
474717,front_ponytail,0,6893,前马尾,头发
608355,karakasa_obake,0,6893,唐伞妖,角色
377360,take_your_pick,0,6891,任选,文本
821048,pink_hairband,0,6890,粉色发带,头发
511691,sweater_lift,0,6890,掀毛衣,服装
498646,crack,0,6889,裂纹,表情
545740,taut_shirt,0,6884,紧绷衬衫,服装
11458,baseball_bat,0,6884,棒球棒,物品
707075,tile_wall,0,6875,瓷砖墙,背景
393283,orb,0,6874,球体,物品
383707,pun,0,6870,双关,文本
633774,bandaid_on_nose,0,6866,鼻创可贴,服装
476548,pinky_out,0,6839,小指伸出,姿势
412879,playing_games,0,6838,玩游戏,姿势
41161,street,0,6837,街道,背景
9449,internal_cumshot,0,6827,体内射精,NSFW
377,mouse,0,6812,鼠标,物品
2282,footjob,0,6807,足交,NSFW
639323,skull_hair_ornament,0,6801,骷髅发饰,头发
414161,cum_on_ass,0,6796,臀射,NSFW
727102,hand_on_own_stomach,0,6790,手放自己腹,姿势
549705,red_bodysuit,0,6771,红色紧身衣,服装
603226,heart_print,0,6764,爱心印花,服装
660644,heart_cutout,0,6764,爱心开洞,服装
9894,lap_pillow,0,6759,大腿枕,姿势
391704,pervert,0,6759,变态,角色
6413,uterus,0,6758,子宫,NSFW
216327,shy,0,6744,害羞,表情
440458,xd,0,6738,xd表情,表情
568318,bokeh,0,6733,虚化,风格
580402,plaid_scarf,0,6724,格子围巾,服装
473022,side_braids,0,6720,侧辫,头发
398955,flower_field,0,6716,花田,背景
3767,laptop,0,6714,笔记本电脑,物品
546417,girl_sandwich,0,6714,女孩夹击,NSFW
540619,holding_hat,0,6708,拿帽子,姿势
502421,glaring,0,6708,怒视,表情
495851,open_hoodie,0,6700,敞开卫衣,服装
471598,tail_bow,0,6699,尾蝴蝶结,服装
425624,charm_(object),0,6698,护身符,物品
473214,red_bra,0,6696,红色胸罩,服装
473283,purple_bra,0,6694,紫色胸罩,服装
1590671,chest_harness,0,6690,胸具,服装
582827,adjusting_headwear,0,6684,调整头饰,姿势
1468296,beamed_eighth_notes,0,6682,八分音符连,物品
1312162,short_necktie,0,6677,短领带,服装
485638,blood_splatter,0,6660,血溅,表情
655244,cross_earrings,0,6657,十字耳环,服装
1429011,holding_candy,0,6654,拿糖,姿势
545136,coat_on_shoulders,0,6644,外套披肩,服装
1168235,halter_dress,0,6639,露背连衣裙,服装
1875949,lower_teeth_only,0,6637,只露下齿,表情
1425519,tokiwadai_school_uniform,0,6634,常盘台校服,服装
466986,horn_ribbon,0,6631,角丝带,服装
439983,knees,0,6628,膝盖,身体
1483713,multiple_rings,0,6626,多戒指,服装
10367,prosthesis,0,6621,假肢,身体
422021,cow_tail,0,6617,牛尾,特征
1276067,floppy_ears,0,6612,垂耳,特征
3516,river,0,6609,河流,背景
456272,dog_tags,0,6605,狗牌,物品
388210,gold,0,6604,金色,颜色
2806,exhibitionism,0,6596,暴露癖,NSFW
1405351,mountainous_horizon,0,6594,山地地平线,背景
609685,two-tone_skin,0,6592,双色皮肤,身体
381455,shopping_bag,0,6589,购物袋,物品
460159,body_blush,0,6589,身体脸红,表情
695469,plaid_bow,0,6586,格子蝴蝶结,服装
448399,dougi,0,6576,道衣,服装
434225,purple_lips,0,6576,紫色嘴唇,身体
1450868,chaldea_uniform,0,6570,迦勒底制服,服装
1616,kotatsu,0,6568,被炉,物品
399265,fat_mons,0,6566,肥阴唇,NSFW
665797,hand_on_own_ass,0,6565,手放自己臀,姿势
1631734,single_mechanical_arm,0,6563,单机械臂,特征
1394528,single_sidelock,0,6556,单侧发,头发
455753,leg_warmers,0,6540,腿暖,服装
474502,explosive,0,6537,爆炸物,物品
2786,loincloth,0,6534,遮裆布,服装
474204,frilled_thighhighs,0,6524,褶边过膝袜,服装
409832,robot_joints,0,6523,机器人关节,身体
379609,bra_pull,0,6518,拉胸罩,NSFW
524012,pinstripe_pattern,0,6515,细条纹,服装
1312163,purple_necktie,0,6504,紫色领带,服装
468509,paper_lantern,0,6503,纸灯笼,物品
486149,military_jacket,0,6502,军外套,服装
2083,meat,0,6499,肉,物品
399834,forehead_protector,0,6499,额护,服装
509953,holding_paper,0,6489,拿纸,姿势
389066,castle,0,6488,城堡,背景
1397752,two-tone_shirt,0,6486,双色衬衫,服装
646772,solid_circle_eyes,0,6480,实心圆眼,眼睛
1076628,holding_ball,0,6477,拿球,姿势
1444169,yellow_headwear,0,6476,黄色头饰,服装
9127,dango,0,6473,团子,物品
491550,lanyard,0,6463,挂绳,物品
1424093,otonokizaka_school_uniform,0,6460,音之咲校服,服装
438177,father_and_daughter,0,6448,父女,角色
11935,whistle,0,6445,哨子,物品
623331,company_connection,0,6443,公司连接,角色
1269471,leg_tattoo,0,6442,腿纹身,身体
1335474,sleeves_past_elbows,0,6441,袖过肘,服装
539284,heart_pasties,0,6437,爱心乳贴,NSFW
585249,faceless_female,0,6431,无脸女性,表情
1399176,two-tone_fur,0,6428,双色毛,身体
577266,chain-link_fence,0,6426,链条栅栏,背景
415545,twilight,0,6426,黄昏,背景
379975,bound_legs,0,6422,绑腿,NSFW
1393858,white_camisole,0,6416,白色吊带衫,服装
1398817,thighhighs_under_boots,0,6412,过膝袜穿靴下,服装
511644,single_wing,0,6410,单翅膀,特征
398888,vase,0,6408,花瓶,物品
471020,covering_face,0,6385,遮脸,表情
4174,tomboy,0,6381,假小子,人物
3288,penguin,0,6380,企鹅,角色
494456,utility_pole,0,6380,电线杆,背景
466779,belt_collar,0,6378,腰带项圈,服装
1281052,brown_bow,0,6373,棕色蝴蝶结,服装
1251890,suggestive_fluid,0,6355,暗示液体,NSFW
1915972,medium_bangs,0,6351,中刘海,头发
389995,red_wings,0,6329,红色翅膀,特征
424779,thigh_holster,0,6325,大腿枪套,服装
6188,dressing,0,6320,穿衣,姿势
410885,skyscraper,0,6307,摩天大楼,背景
379597,shorts_pull,0,6306,拉短裤,服装
388072,costume_switch,0,6304,服装切换,服装
4119,suitcase,0,6304,手提箱,物品
623300,bubble_skirt,0,6301,泡泡裙,服装
891436,food_focus,0,6299,食物焦点,物品
375037,striped_socks,0,6294,条纹袜,服装
507242,monster_boy,0,6292,怪物男孩,角色
1531697,mismatched_pupils,0,6291,不匹配瞳孔,眼睛
460488,feet_up,0,6288,脚抬起,姿势
9469,noodles,0,6266,面条,物品
882518,blue_butterfly,0,6259,蓝色蝴蝶,物品
1587249,oripathy_lesion_(arknights),0,6259,源石病变,物品
399073,waistcoat,0,6250,背心,服装
10495,cowboy_hat,0,6247,牛仔帽,服装
413907,;p,0,6240,;p表情,表情
5086,whip,0,6238,鞭子,物品
525997,print_dress,0,6235,印花连衣裙,服装
439147,cum_on_tongue,0,6224,舌上射,NSFW
396696,evening,0,6224,傍晚,背景
460438,damaged,0,6223,损坏,服装
387233,paper_fan,0,6220,纸扇,物品
383172,train_interior,0,6216,列车内部,背景
5814,autumn,0,6214,秋季,背景
717483,flower-shaped_pupils,0,6214,花形瞳孔,眼睛
1336152,asymmetrical_sleeves,0,6212,不对称袖,服装
1234394,see-through_shirt,0,6210,透视衬衫,服装
2006747,unworn_clothes,0,6204,未穿衣服,服装
407260,polka_dot_panties,0,6203,波点内裤,服装
12438,grapes,0,6199,葡萄,物品
1747766,lapels,0,6198,翻领,服装
406023,projectile_cum,0,6198,喷射精液,NSFW
481812,teardrop,0,6197,泪滴,表情
1392010,blue_bodysuit,0,6194,蓝色紧身衣,服装
449465,firing,0,6189,射击,姿势
172313,time_paradox,0,6180,时间悖论,风格
2688,knight,0,6179,骑士,角色
1553182,grabbing_another's_hair,0,6172,抓别人头发,NSFW
10045,family,0,6172,家庭,角色
416506,torn_pants,0,6172,破裤子,服装
1258923,star_in_eye,0,6170,眼中星星,眼睛
672073,brown_fur,0,6154,棕毛,身体
1972174,holding_removed_eyewear,0,6149,拿脱下眼镜,姿势
564680,print_pantyhose,0,6147,印花连裤袜,服装
723993,bird_tail,0,6138,鸟尾,特征
7818,anal_beads,0,6130,肛珠,NSFW
668478,holding_pen,0,6130,拿笔,姿势
568650,grey_pantyhose,0,6124,灰色连裤袜,服装
533114,turn_pale,0,6124,脸色发白,表情
375456,zombie,0,6123,僵尸,角色
483292,gradient_eyes,0,6117,渐变眼睛,眼睛
1559670,cow_print_bikini,0,6114,牛纹比基尼,服装
10322,albino,0,6113,白化,身体
406885,thong_bikini,0,6110,丁字比基尼,服装
1576265,bra_visible_through_clothes,0,6106,胸罩透视,服装
634063,flag_print,0,6104,旗帜印花,服装
582261,unmoving_pattern,0,6103,不动图案,风格
450547,water_gun,0,6091,水枪,物品
1411020,white_bloomers,0,6082,白色灯笼裤,服装
538432,full_armor,0,6077,全身铠甲,服装
413872,breast_envy,0,6075,胸羡慕,表情
498156,panty_peek,0,6075,内裤偷看,NSFW
430114,popped_collar,0,6071,翻领,服装
1714873,chest_sarashi,0,6067,胸缠布,服装
407913,bursting_breasts,0,6064,爆乳,身体
821623,female_pervert,0,6062,女变态,角色
2364,onigiri,0,6062,饭团,物品
302968,wet_panties,0,6058,湿内裤,NSFW
11062,fox,0,6055,狐狸,角色
1385298,animal_ear_headphones,0,6049,动物耳耳机,物品
4440,wolf,0,6033,狼,角色
1256968,swivel_chair,0,6029,转椅,物品
418178,waves,0,6025,波浪,背景
618610,yellow_gloves,0,6020,黄色手套,服装
291535,pearl_necklace,0,6020,珍珠项链,服装
430739,large_bow,0,6018,大蝴蝶结,服装
1356896,armpit_peek,0,6017,腋下偷看,身体
1286651,heart-shaped_box,0,6014,爱心盒,物品
725289,multicolored_nails,0,6014,多色指甲,服装
1322968,old_school_swimsuit,0,6008,老式泳装,服装
432947,no_socks,0,6006,无袜,服装
417653,convenient_leg,0,5990,方便腿,姿势
438648,stand_(jojo),0,5986,替身,物品
1313101,green_bowtie,0,5983,绿色领结,服装
405409,tail_ribbon,0,5982,尾丝带,服装
605808,snout,0,5975,口鼻,特征
1409996,flower_knot,0,5971,花结,服装
427529,fat_man,0,5967,胖男人,人物
512126,shushing,0,5965,嘘,表情
405861,rose_petals,0,5963,玫瑰花瓣,背景
1390882,blue_sleeves,0,5963,蓝色袖子,服装
374357,yandere,0,5953,病娇,角色
626701,bird_ears,0,5947,鸟耳,特征
1419007,stirrup_legwear,0,5938,马镫腿装,服装
4022,maebari,0,5936,贴片,NSFW
521411,husband_and_wife,0,5934,夫妻,角色
1454257,2others,0,5933,2个其他,人物数量
1289945,orange_jacket,0,5927,橙色外套,服装
1378403,purple_leotard,0,5915,紫色紧身衣,服装
591983,disembodied_penis,0,5914,无身阴茎,NSFW
433344,pussy_peek,0,5912,阴户偷看,NSFW
403588,pink_skin,0,5909,粉色皮肤,身体
1590430,squatting_cowgirl_position,0,5894,蹲女上位,NSFW
669436,streaming_tears,0,5888,流泪,表情
546453,cat_boy,0,5886,猫男,角色
10205,notebook,0,5879,笔记本,物品
459940,beer_mug,0,5878,啤酒杯,物品
584023,shark_girl,0,5876,鲨鱼女孩,角色
456933,microphone_stand,0,5875,麦克风架,物品
1345564,partially_unzipped,0,5871,部分拉开,服装
626243,aiguillette,0,5866,肩绳,服装
1574241,dolphin_shorts,0,5865,海豚短裤,服装
3778,amputee,0,5857,截肢,身体
379182,energy,0,5857,能量,背景
531372,mouse_girl,0,5848,鼠娘,角色
1639310,arthropod_girl,0,5848,节肢动物女孩,角色
1295644,vertical-striped_shirt,0,5847,竖条纹衬衫,服装
410928,multiple_4koma,0,5846,多格漫画,风格
449974,fur_hat,0,5846,毛帽,服装
8475,bicycle,0,5839,自行车,物品
1413412,obijime,0,5834,腰带结,服装
2025918,mixed-sex_bathing,0,5830,混浴,NSFW
1555383,fur-trimmed_headwear,0,5830,毛边头饰,服装
419682,bra_strap,0,5828,胸罩肩带,服装
479932,strap_pull,0,5826,拉肩带,姿势
677008,school_chair,0,5815,学校椅子,物品
476779,ice_cream_cone,0,5815,冰淇淋筒,物品
568513,animal_on_shoulder,0,5808,动物在肩,姿势
492418,orange_dress,0,5807,橙色连衣裙,服装
1303985,blue_buruma,0,5804,蓝色运动短裤,服装
1537333,interface_headset,0,5800,界面耳机,物品
1285261,pink_necktie,0,5800,粉色领带,服装
673216,toeless_footwear,0,5797,无趾鞋,服装
394179,crotchless,0,5794,无裆,服装
477117,raised_eyebrow,0,5790,抬眉,表情
648630,boy_on_top,0,5786,男孩在上,NSFW
554588,suit_jacket,0,5785,西装外套,服装
12858,bone,0,5783,骨头,物品
475381,striped_scarf,0,5778,条纹围巾,服装
380477,whiskers,0,5777,胡须,身体
626303,mismatched_gloves,0,5771,不匹配手套,服装
6328,chick,0,5760,小鸡,角色
177781,cane,0,5759,手杖,物品
1356361,grey_vest,0,5756,灰色背心,服装
248665,money,0,5754,钱,物品
473292,blue_socks,0,5750,蓝色袜子,服装
410903,black_skin,0,5743,黑色皮肤,身体
461563,poster_(object),0,5739,海报物体,物品
619558,peeking_out,0,5734,偷看露出,NSFW
1411717,medium_skirt,0,5729,中裙,服装
613923,argyle_legwear,0,5729,菱形格腿装,服装
675901,frilled_hat,0,5727,褶边帽,服装
423823,ship,0,5725,船,背景
547742,open_hands,0,5722,张开手,姿势
526806,tengu-geta,0,5718,天狗木屐,服装
482236,striped_skirt,0,5715,条纹裙,服装
55663,danmaku,0,5713,弹幕,背景
656163,hand_on_another's_cheek,0,5708,手放别人脸颊,姿势
496288,orange_(fruit),0,5708,橙子,物品
698475,showgirl_skirt,0,5705,表演裙,服装
561421,striped_ribbon,0,5703,条纹丝带,服装
415277,recording,0,5695,录制,姿势
390,demon,0,5694,恶魔,角色
429487,double_handjob,0,5683,双手手交,NSFW
1471843,waist_bow,0,5677,腰蝴蝶结,服装
374989,quiver,0,5672,箭筒,物品
360746,waking_up,0,5664,醒来,姿势
3045,alien,0,5660,外星人,角色
520554,blue_fire,0,5654,蓝火,背景
1505313,romaji_text,0,5651,罗马字文本,文本
559442,red_buruma,0,5641,红色运动短裤,服装
673956,falling_leaves,0,5640,落叶,背景
1632773,heart-shaped_chocolate,0,5627,爱心巧克力,物品
1389971,nintendo_switch,0,5622,任天堂Switch,物品
578948,closed_umbrella,0,5620,收起伞,物品
1497310,button_gap,0,5613,纽扣间隙,服装
494868,black_cloak,0,5610,黑色斗篷,服装
15294,lightning,0,5608,闪电,背景
494896,hydrangea,0,5603,绣球花,物品
494236,taking_picture,0,5601,拍照,姿势
5723,fedora,0,5594,软呢帽,服装
1518573,cable_knit,0,5589,缆绳编织,服装
1319919,hands_on_own_knees,0,5587,手放膝,姿势
405981,breast_suppress,0,5584,压胸,姿势
724241,holding_camera,0,5583,拿相机,姿势
7469,revolver,0,5578,左轮手枪,物品
684687,grabbing_own_ass,0,5574,自己抓臀,NSFW
571473,bandaid_on_knee,0,5574,膝创可贴,服装
686687,hatching_(texture),0,5567,影线纹理,风格
459964,unsheathing,0,5562,拔剑,姿势
1631539,slime_(substance),0,5556,史莱姆物质,物品
516128,backboob,0,5555,背乳,身体
613646,on_desk,0,5550,在桌子上,姿势
485999,coffee_mug,0,5544,咖啡杯,物品
1492952,super_crown,0,5542,超级皇冠,物品
1453261,low_twin_braids,0,5536,低双辫,头发
11990,spring_onion,0,5533,葱,物品
1498357,single_leg_pantyhose,0,5533,单腿连裤袜,服装
1399133,grey_cardigan,0,5533,灰色开襟毛衣,服装
8594,ladle,0,5531,勺子,物品
390918,elbow_pads,0,5531,肘垫,服装
10049,crotch,0,5530,裆部,身体
473251,print_thighhighs,0,5527,印花过膝袜,服装
399003,skinny,0,5522,瘦,身体
423074,photo_background,0,5521,照片背景,背景
517481,winter_coat,0,5519,冬季大衣,服装
1304117,yellow_sweater,0,5513,黄色毛衣,服装
1406853,serval_print,0,5512,猎豹纹,服装
400837,crazy_eyes,0,5505,疯狂眼睛,表情
1328649,orange_flower,0,5500,橙色花,物品
1298903,half-closed_eye,0,5497,半闭眼,表情
1309652,holding_strap,0,5496,抓肩带,姿势
1847367,see-through_cleavage,0,5493,透视乳沟,NSFW
466143,wine_bottle,0,5490,酒瓶,物品
657475,back_cutout,0,5479,后开洞,服装
1437532,two-tone_jacket,0,5478,双色外套,服装
511643,single_elbow_glove,0,5469,单肘手套,服装
535048,humanization,0,5468,人类化,风格
378695,statue,0,5453,雕像,物品
500976,netorare,0,5449,NTR,NSFW
449502,dimples_of_venus,0,5448,维纳斯酒窝,身体
648045,sideways_mouth,0,5446,侧嘴,表情
505613,thigh_grab,0,5440,抓大腿,NSFW
405636,locker,0,5439,储物柜,背景
683424,cat_hair_ornament,0,5438,猫发饰,头发
1302924,yellow_shorts,0,5434,黄色短裤,服装
396968,reverse_trap,0,5433,伪娘反转,角色
1330707,cake_slice,0,5423,蛋糕片,物品
9172,kitchen,0,5419,厨房,背景
684169,ambiguous_gender,0,5418,模糊性别,人物
502180,blue_wings,0,5412,蓝色翅膀,特征
7770,naked_ribbon,0,5406,只系丝带,服装
98920,starfish,0,5404,海星,物品
513605,colored_pencil_(medium),0,5404,彩铅媒介,风格
510943,orange_bikini,0,5400,橙色比基尼,服装
538327,black_flower,0,5397,黑色花,物品
500990,torn_dress,0,5397,破连衣裙,服装
9857,throne,0,5395,王座,物品
3152,lance,0,5391,长枪,物品
1373278,black_ascot,0,5391,黑色领巾,服装
1263450,print_skirt,0,5390,印花裙,服装
7529,ringlets,0,5379,卷发,头发
392453,butterfly_wings,0,5378,蝴蝶翅膀,特征
13099,hot,0,5371,热,表情
1512867,multiple_hair_bows,0,5364,多蝴蝶结头发,头发
10332,crow,0,5363,乌鸦,角色
616137,reverse_grip,0,5358,反握,姿势
1262158,holding_broom,0,5357,拿扫帚,姿势
375919,demon_boy,0,5357,恶魔男孩,角色
1770615,red_gemstone,0,5356,红色宝石,物品
599652,spoken_blush,0,5354,说话脸红,文本
105306,condom_in_mouth,0,5351,嘴里避孕套,NSFW
375076,crowd,0,5350,人群,人物数量
2006749,unworn_jacket,0,5338,未穿外套,服装
537720,track_pants,0,5337,运动裤,服装
419496,male_masturbation,0,5336,男性自慰,NSFW
1492981,bikini_bottom_aside,0,5336,比基尼底移开,NSFW
1291919,holding_shield,0,5328,拿盾,姿势
579607,towel_around_neck,0,5327,毛巾挂颈,服装
596219,sagging_breasts,0,5319,下垂乳,身体
515350,knees_to_chest,0,5315,膝盖抱胸,姿势
667200,hand_on_another's_chin,0,5312,手放别人下巴,姿势
1235097,blood_on_weapon,0,5307,武器有血,表情
674492,dress_bow,0,5302,连衣裙蝴蝶结,服装
4568,crab,0,5301,螃蟹,角色
548543,arm_hair,0,5299,手臂毛,身体
431528,gears,0,5292,齿轮,物品
85824,pole,0,5288,杆,物品
640153,muted_color,0,5285,柔和颜色,风格
1400488,pink_neckerchief,0,5280,粉色领巾,服装
1389116,red_scrunchie,0,5270,红色发圈,头发
5094,snowman,0,5265,雪人,物品
376585,stick,0,5263,棍子,物品
1391985,grey_hoodie,0,5260,灰色卫衣,服装
616844,blood_from_mouth,0,5246,嘴出血,表情
473410,dragon_wings,0,5239,龙翅膀,特征
1291900,yellow_fur,0,5235,黄色毛,身体
1862825,one-piece_swimsuit_pull,0,5232,连体泳装拉下,NSFW
400555,business_suit,0,5231,商务西装,服装
356574,tower,0,5227,塔,背景
1319842,forked_eyebrows,0,5227,分叉眉,眼睛
12857,wedgie,0,5226,内裤卡臀,NSFW
394795,baggy_pants,0,5225,宽松裤,服装
1328598,holding_bowl,0,5224,拿碗,姿势
1344144,metal_collar,0,5219,金属项圈,服装
2006753,unworn_mask,0,5210,未戴面具,服装
415839,armchair,0,5209,扶手椅,物品
441477,defeat,0,5209,失败,表情
387742,gourd,0,5208,葫芦,物品
1341593,bandaged_hand,0,5202,绷带手,服装
9176,boat,0,5202,船,背景
12570,armpit_hair,0,5201,腋毛,身体
1337096,white_vest,0,5197,白色背心,服装
485218,trading_card,0,5197,交易卡,物品
2476,hose,0,5196,软管,物品
391942,long_tongue,0,5194,长舌,身体
392700,machine_gun,0,5192,机枪,物品
631542,pointing_at_self,0,5187,指向自己,姿势
11620,spread_anus,0,5184,张开肛门,NSFW
1396558,frilled_hair_tubes,0,5180,褶边发管,头发
151645,evil_grin,0,5168,邪恶咧嘴,表情
415000,impossible_shirt,0,5162,不可能衬衫,服装
553763,unbuttoned_shirt,0,5161,解扣衬衫,服装
1582503,scar_on_chest,0,5159,胸伤疤,身体
398219,breast_lift,0,5154,托胸,姿势
400542,road_sign,0,5148,路标,物品
394089,lock,0,5148,锁,物品
1422082,digimon_(creature),0,5145,数码兽生物,角色
1229697,drop_shadow,0,5141,投影,风格
1528415,roswaal_mansion_maid_uniform,0,5137,罗兹瓦尔宅女仆服,服装
1408536,holding_lollipop,0,5134,拿棒棒糖,姿势
1515362,yellow_theme,0,5133,黄色主题,风格
463152,poking,0,5128,戳,姿势
1421763,blue_capelet,0,5126,蓝色小披风,服装
399131,barcode,0,5122,条码,物品
2073,hairpods,0,5121,发耳机,物品
6280,waterfall,0,5114,瀑布,背景
1636976,footwear_bow,0,5112,鞋蝴蝶结,服装
396001,pocket_watch,0,5107,怀表,物品
7444,dark_elf,0,5105,黑暗精灵,角色
524552,shiny_pokemon,0,5102,闪光宝可梦,角色
1338623,purple_hairband,0,5095,紫色发带,头发
4855,school,0,5090,学校,背景
4898,baby,0,5087,婴儿,人物
464548,clone,0,5085,克隆,角色
535308,body_markings,0,5081,身体标记,身体
188179,letter,0,5077,信,物品
667663,elbow_rest,0,5076,肘靠,姿势
1477193,lightning_bolt_symbol,0,5075,闪电符号,物品
3997,landscape,0,5070,风景,背景
522913,multiple_wings,0,5069,多翅膀,特征
483830,imagining,0,5067,想象,表情
386870,trident,0,5066,三叉戟,物品
466061,album_cover,0,5063,专辑封面,风格
560881,soap_bubbles,0,5056,肥皂泡,背景
550765,wrist_ribbon,0,5054,腕丝带,服装
1533927,garreg_mach_monastery_uniform,0,5047,加尔格玛赫修道院制服,服装
566804,single_sleeve,0,5045,单袖,服装
570382,hands_in_hair,0,5042,手插头发,姿势
437197,surgical_mask,0,5038,手术口罩,服装
572,toilet,0,5036,厕所,背景
584126,pointing_up,0,5035,指向上,姿势
1950723,unconventional_maid,0,5031,非常规女仆,角色
446993,open_collar,0,5030,敞领,服装
8591,bustier,0,5029,紧身胸衣,服装
663513,brown_bag,0,5027,棕色包,物品
1376523,weibo_username,0,5026,微博用户名,艺术家
589889,v_over_eye,0,5025,V遮眼,姿势
649248,red_pupils,0,5021,红色瞳孔,眼睛
380931,pirate_hat,0,5018,海盗帽,服装
492359,towel_on_head,0,5009,头上毛巾,服装
1312340,red_rope,0,5009,红色绳,NSFW
406620,pouring,0,5006,倒东西,姿势
596179,anal_tail,0,5006,肛尾,NSFW
1280405,sleeveless_kimono,0,5006,无袖和服,服装
1670357,furry_with_non-furry,0,5004,毛茸与非毛茸,NSFW
432388,leather_jacket,0,5001,皮夹克,服装
475366,trench_coat,0,4995,风衣,服装
1518440,mouth_drool,0,4988,嘴流口水,表情
429161,paizuri_under_clothes,0,4980,衣服下乳交,NSFW
1320211,orange_bowtie,0,4977,橙色领结,服装
1416797,pink_cardigan,0,4974,粉色开襟毛衣,服装
661261,planted_sword,0,4972,插剑,姿势
684190,gradient_sky,0,4972,渐变天空,背景
550308,>:(,0,4971,>:(表情,表情
1524489,looking_at_object,0,4968,看物体,姿势
1516548,orange_headwear,0,4967,橙色头饰,服装
643102,loose_necktie,0,4962,松领带,服装
1794320,bow-shaped_hair,0,4948,弓形头发,头发
405756,hypnosis,0,4946,催眠,NSFW
4478,bodypaint,0,4941,身体彩绘,身体
395984,dress_pull,0,4937,拉连衣裙,服装
464541,bullet,0,4931,子弹,物品
1246561,brown_scarf,0,4929,棕色围巾,服装
406397,against_glass,0,4913,靠玻璃,姿势
6453,death,0,4911,死亡,表情
539090,imminent_rape,0,4910,即将强奸,NSFW
383468,lowleg_bikini,0,4902,低腰比基尼,服装
1409115,green_sailor_collar,0,4902,绿色水手领,服装
1257056,holding_towel,0,4895,拿毛巾,姿势
618153,pink_scarf,0,4893,粉色围巾,服装
1409116,red_sailor_collar,0,4890,红色水手领,服装
6381,clover,0,4888,三叶草,物品
451769,toe_scrunch,0,4886,脚趾蜷缩,身体
431758,locked_arms,0,4886,锁臂,姿势
586284,heart_background,0,4879,爱心背景,背景
395355,fusion,0,4879,融合,角色
754200,oppai_loli,0,4868,乳萝莉,人物
1342157,fur-trimmed_boots,0,4864,毛边靴,服装
404134,spread_ass,0,4863,张开臀,NSFW
716981,holding_own_arm,0,4851,抱自己臂,姿势
990162,heart_in_eye,0,4847,眼中爱心,眼睛
1256300,multicolored_skirt,0,4845,多色裙,服装
1444529,linea_alba,0,4843,腹白线,身体
408052,gym_shorts,0,4839,体育短裤,服装
383694,jar,0,4836,罐子,物品
649373,command_spell,0,4836,令咒,物品
488003,leg_hair,0,4831,腿毛,身体
411896,no_nipples,0,4830,无乳头,NSFW
662240,mini_wings,0,4829,小翅膀,特征
3093,bear,0,4829,熊,角色
1229660,multiple_horns,0,4828,多角,特征
481427,steepled_fingers,0,4824,指尖合十,姿势
1307533,carrot_hair_ornament,0,4819,胡萝卜发饰,头发
473300,mandarin_orange,0,4819,橘子,物品
394046,power_armor,0,4817,动力装甲,服装
1374290,covered_collarbone,0,4812,遮锁骨,身体
380538,bubble_blowing,0,4812,吹泡泡,姿势
54471,midair,0,4810,空中,姿势
1205954,looking_at_penis,0,4808,看阴茎,NSFW
426470,silk,0,4807,丝绸,服装
374379,hairy,0,4805,多毛,身体
4069,sailor,0,4804,水手,角色
581054,keyboard_(computer),0,4801,键盘电脑,物品
644588,long_eyelashes,0,4797,长睫毛,眼睛
1468959,horror_(theme),0,4790,恐怖主题,风格
1298076,winged_arms,0,4789,翼臂,特征
376168,puddle,0,4788,水洼,背景
639592,heart_necklace,0,4787,爱心项链,服装
375225,flaccid,0,4784,松软,NSFW
675353,frilled_gloves,0,4781,褶边手套,服装
426587,yellow_panties,0,4778,黄色内裤,服装
2606,milk,0,4777,牛奶,物品
1376935,blue_ascot,0,4768,蓝色领巾,服装
660422,leaning_on_person,0,4763,靠别人,姿势
589477,argyle_background,0,4757,菱形格背景,背景
1335364,stomach_tattoo,0,4757,腹纹身,身体
482941,flight_deck,0,4757,飞行甲板,背景
541609,open_door,0,4755,开门,背景
1161088,2021,0,4746,2021,文本
677023,underboob_cutout,0,4745,下乳开洞,服装
584478,leaf_print,0,4742,叶子印花,服装
638426,arm_belt,0,4740,臂带,服装
486797,unsheathed,0,4731,出鞘,物品
589286,purple_rose,0,4727,紫色玫瑰,物品
544274,backwards_hat,0,4726,反戴帽,服装
540428,arm_around_shoulder,0,4724,手臂绕肩,姿势
652486,v-fin,0,4722,V形发际线,头发
2191,shop,0,4720,商店,背景
1350141,cat_cutout,0,4719,猫开洞,服装
409818,polka_dot_bikini,0,4718,波点比基尼,服装
411038,:>=,0,4717,:>=表情,表情
9618,library,0,4714,图书馆,背景
578084,black_tail,0,4713,黑色尾,特征
1161089,2022,0,4707,2022,文本
631144,halftone_background,0,4706,半色调背景,背景
1219136,hand_on_own_arm,0,4705,手放自己臂,姿势
408969,no_pussy,0,4703,无阴户,NSFW
1619425,crescent_pin,0,4699,新月别针,服装
1035339,red_headband,0,4699,红色头带,头发
553007,strapless_bikini,0,4699,无肩带比基尼,服装
675804,nervous_smile,0,4695,紧张笑,表情
390314,nude_cover,0,4693,裸体封面,NSFW
1327681,red_sleeves,0,4693,红色袖子,服装
1400482,earclip,0,4693,耳夹,服装
403942,earpiece,0,4689,耳机部件,物品
526090,checkered_skirt,0,4682,格子裙,服装
567636,painting_(object),0,4682,绘画物体,物品
1299132,holding_box,0,4679,拿盒子,姿势
474982,white_robe,0,4678,白色长袍,服装
1560432,reverse_outfit,0,4677,反穿服装,服装
379878,thorns,0,4673,刺,背景
539465,tiger_girl,0,4671,虎娘,角色
1355655,grey_coat,0,4666,灰色大衣,服装
460085,mechanical_wings,0,4666,机械翅膀,特征
616376,assisted_exposure,0,4665,协助暴露,NSFW
461372,mobile_suit,0,4662,机动战士,角色
473818,tissue_box,0,4661,纸巾盒,物品
458486,mother_and_son,0,4660,母子,角色
1350220,cat_lingerie,0,4660,猫内衣,服装
507697,purple_pantyhose,0,4659,紫色连裤袜,服装
1489840,white_horns,0,4659,白色角,特征
456376,pince-nez,0,4656,夹鼻眼镜,服装
422775,dark_nipples,0,4654,深乳头,NSFW
441110,office_chair,0,4648,办公椅,物品
1350193,musical_note_hair_ornament,0,4645,音符发饰,头发
750849,holding_mask,0,4635,拿面具,姿势
636788,frilled_pillow,0,4633,褶边枕头,物品
392612,pentagram,0,4626,五芒星,物品
468460,torn_skirt,0,4619,破裙,服装
702916,imminent_vaginal,0,4618,即将阴道插入,NSFW
582680,unaligned_breasts,0,4616,不对齐乳,身体
506307,thong_leotard,0,4613,丁字紧身衣,服装
1448342,two-tone_gloves,0,4609,双色手套,服装
397397,cum_pool,0,4602,精液池,NSFW
516646,macaron,0,4602,马卡龙,物品
1141250,black_fur,0,4595,黑色毛,身体
1336138,red_belt,0,4588,红色腰带,服装
634393,heart_choker,0,4587,爱心项圈,服装
664058,orange_ribbon,0,4579,橙色丝带,服装
390579,colorful,0,4564,彩色,风格
723098,after_anal,0,4564,肛交后,NSFW
3291,teacher,0,4563,老师,角色
1437301,black_bag,0,4563,黑色包,物品
536524,tablet_pc,0,4562,平板电脑,物品
1385010,kissing_cheek,0,4559,亲脸颊,NSFW
1582500,scar_on_arm,0,4557,手臂伤疤,身体
459009,penis_on_face,0,4555,阴茎在脸上,NSFW
638022,see-through_silhouette,0,4555,透视剪影,NSFW
4365,tsundere,0,4550,傲娇,角色
1454264,heart-shaped_eyewear,0,4550,爱心眼镜,服装
380805,flashing,0,4548,闪光,NSFW
6376,lake,0,4548,湖,背景
11366,policewoman,0,4547,女警察,角色
1161090,2023,0,4544,2023,文本
378543,egg_vibrator,0,4543,蛋振动器,NSFW
11828,flexible,0,4542,柔软,身体
1258092,ribbon-trimmed_legwear,0,4541,丝带装饰腿装,服装
479792,circle,0,4541,圆,物品
465851,defloration,0,4541,破处,NSFW
1411341,hooded_capelet,0,4538,连帽小披风,服装
413820,deep_penetration,0,4535,深插入,NSFW
1183480,blue_belt,0,4530,蓝色腰带,服装
460863,spider_web,0,4523,蜘蛛网,背景
1421703,small_horns,0,4517,小角,特征
424585,viewfinder,0,4515,取景器,物品
634270,bat_print,0,4510,蝙蝠印花,服装
619121,hair_beads,0,4509,发珠,头发
392360,stage,0,4505,舞台,背景
1928,tiger,0,4503,老虎,角色
1766885,demon_slayer_uniform,0,4499,鬼灭制服,服装
395198,test_tube,0,4495,试管,物品
560677,arm_rest,0,4494,臂靠,姿势
434827,soccer_uniform,0,4492,足球服,服装
1344732,striped_jacket,0,4485,条纹外套,服装
493515,game_console,0,4481,游戏机,物品
466449,spider_lily,0,4478,彼岸花,物品
1238711,pink_shorts,0,4478,粉色短裤,服装
1423707,holding_scythe,0,4475,拿镰刀,姿势
1438791,holding_pom_poms,0,4475,拿绒球,姿势
1415656,grey_sailor_collar,0,4474,灰色水手领,服装
720478,lifting_person,0,4472,抬人,姿势
1326150,purple_vest,0,4469,紫色背心,服装
472867,arm_hug,0,4468,手臂抱,姿势
1403308,virgin_killer_sweater,0,4466,处女杀手毛衣,服装
611884,uneven_eyes,0,4463,不对称眼,眼睛
1282899,improvised_gag,0,4460,即兴口塞,NSFW
390569,cat_paws,0,4458,猫爪,特征
646029,egasumi,0,4458,绘霞,风格
449248,scope,0,4454,瞄准镜,物品
399479,fog,0,4453,雾,背景
1559152,reverse_bunnysuit,0,4453,反兔女郎,服装
883683,white_feathers,0,4452,白色羽毛,特征
621745,brand_name_imitation,0,4448,品牌模仿,文本
376648,fishing_rod,0,4447,钓竿,物品
386432,leaning,0,4444,倾斜,姿势
382106,fisheye,0,4442,鱼眼,风格
1315028,lower_body,0,4426,下半身,姿势
2288,octopus,0,4423,章鱼,角色
446070,lion_tail,0,4423,狮尾,特征
411148,remote_control,0,4421,遥控器,物品
1478255,dangle_earrings,0,4414,垂吊耳环,服装
718139,food_print,0,4404,食物印花,服装
619493,ears_down,0,4399,耳朵垂下,表情
543455,bolt_action,0,4395,栓动,物品
1235204,bike_shorts_under_skirt,0,4394,自行车短裤裙下,服装
151042,envelope,0,4394,信封,物品
1291748,print_bow,0,4393,印花蝴蝶结,服装
601423,yellow_scarf,0,4393,黄色围巾,服装
382125,rapier,0,4390,细剑,物品
443901,shide,0,4389,纸垂,物品
262264,tight_pants,0,4384,紧裤,服装
405623,dog_boy,0,4380,狗男,角色
1257075,number_tattoo,0,4377,数字纹身,身体
427758,kiseru,0,4376,烟管,物品
11028,swimming,0,4375,游泳,姿势
491861,sleeves_pushed_up,0,4374,袖推起,服装
1622516,earth_(planet),0,4374,地球,背景
1551196,1980s_(style),0,4373,1980s风格,风格
560091,cat_hood,0,4367,猫兜帽,服装
554092,food_on_body,0,4366,身上食物,NSFW
1455730,raccoon_girl,0,4364,浣熊娘,角色
684686,grabbing_another's_ass,0,4354,抓别人臀,NSFW
687681,partially_undressed,0,4347,部分脱衣,姿势
849024,bikini_top_lift,0,4347,掀比基尼上,NSFW
638728,print_gloves,0,4347,印花手套,服装
605145,soul_gem,0,4342,灵魂宝石,物品
623390,glowing_weapon,0,4338,发光武器,物品
822828,reverse_suspended_congress,0,4336,反吊性交,NSFW
464577,shooting_star,0,4334,流星,背景
481604,penis_awe,0,4332,阴茎敬畏,NSFW
1303383,blue_scrunchie,0,4331,蓝色发圈,头发
420283,leotard_aside,0,4331,紧身衣移开,NSFW
9275,butt_plug,0,4326,肛塞,NSFW
4434,violin,0,4323,小提琴,物品
222138,shrine,0,4322,神社,背景
1245131,bikini_tan,0,4317,比基尼晒痕,身体
508193,novelty_censor,0,4317,新奇审查,NSFW
891880,lion_girl,0,4315,狮娘,角色
8255,dancer,0,4314,舞者,角色
1428577,ryouou_school_uniform,0,4308,陵王校服,服装
400245,opaque_glasses,0,4307,不透明眼镜,服装
1327007,holding_axe,0,4306,拿斧,姿势
535299,red_sclera,0,4300,红色巩膜,眼睛
9799,kunai,0,4298,苦无,物品
476371,showering,0,4295,淋浴,姿势
1332539,pubic_hair_peek,0,4287,阴毛偷看,NSFW
614707,no_legwear,0,4287,无腿装,服装
399418,shore,0,4286,海岸,背景
467080,thank_you,0,4284,谢谢,文本
11981,kyuubi,0,4284,九尾,角色
463490,spacecraft,0,4272,航天器,背景
576406,folded_fan,0,4270,折扇,物品
46079,robot_ears,0,4269,机器人耳,特征
543339,bandaids_on_nipples,0,4269,乳头创可贴,NSFW
400545,red_moon,0,4266,红月,背景
568804,anus_peek,0,4263,肛门偷看,NSFW
1257314,idol_clothes,0,4263,偶像服装,服装
600421,after_fellatio,0,4262,口交后,NSFW
1312165,orange_necktie,0,4262,橙色领带,服装
553771,cheek-to-cheek,0,4261,脸颊贴脸颊,姿势
493348,christmas_ornaments,0,4259,圣诞饰品,物品
3375,chicken,0,4258,鸡,角色
1940092,biting_own_lip,0,4251,咬自己唇,表情
383173,train,0,4248,火车,背景
16128,you_gonna_get_raped,0,4245,你要被强奸,文本
7801,lamia,0,4242,蛇女,角色
634638,text_background,0,4242,文本背景,背景
425654,beak,0,4237,喙,特征
422830,paper_bag,0,4237,纸袋,物品
1387105,pink_leotard,0,4232,粉色紧身衣,服装
374959,still_life,0,4229,静物,风格
609122,multiple_belts,0,4228,多腰带,服装
379189,floor,0,4220,地板,背景
411223,father_and_son,0,4220,父子,角色
10469,duck,0,4219,鸭子,角色
560040,framed_breasts,0,4216,框乳,身体
10983,shotgun,0,4216,霰弹枪,物品
546810,orange_sky,0,4212,橙色天空,背景
1533601,sideless_outfit,0,4209,侧无服装,服装
399543,flip-flops,0,4208,人字拖,服装
1322421,bandaid_on_cheek,0,4203,脸颊创可贴,服装
395305,wizard_hat,0,4199,巫师帽,服装
10359,middle_finger,0,4197,中指,姿势
652354,too_many,0,4195,太多,文本
1475826,holding_pokemon,0,4191,拿宝可梦,姿势
458711,hand_under_clothes,0,4189,手伸衣服下,NSFW
5980,rooftop,0,4188,屋顶,背景
6424,cage,0,4188,笼子,物品
1281555,aran_sweater,0,4188,阿兰毛衣,服装
4191,sushi,0,4186,寿司,物品
2089095,goth_fashion,0,4186,哥特时尚,服装
461531,banana,0,4184,香蕉,物品
666708,w_arms,0,4182,w形手臂,姿势
724362,single_detached_sleeve,0,4177,单分离袖,服装
1530508,scar_on_nose,0,4175,鼻伤疤,身体
7631,harpy,0,4173,鸟妖,角色
588209,irrumatio,0,4172,口爆,NSFW
525461,smokestack,0,4170,烟囱,背景
7994,fighting,0,4166,打斗,姿势
758409,taur,0,4162,人马,角色
481088,constellation,0,4160,星座,背景
1304570,cat_ear_headphones,0,4160,猫耳耳机,物品
1253174,employee_uniform,0,4158,员工制服,服装
551333,uchiwa,0,4156,团扇,物品
492468,plaid_dress,0,4155,格子连衣裙,服装
629987,radio_antenna,0,4155,天线,物品
5567,pizza,0,4153,比萨,物品
4768,sheep,0,4152,羊,角色
641554,tomoe_(symbol),0,4151,巴纹,物品
389804,quad_tails,0,4145,四尾,特征
599594,prosthetic_arm,0,4145,假臂,身体
548829,chewing_gum,0,4143,口香糖,物品
49941,lemon,0,4140,柠檬,物品
1217551,black_armor,0,4140,黑色铠甲,服装
464585,tomato,0,4136,西红柿,物品
10919,lineup,0,4132,排列,姿势
1440623,jacket_partially_removed,0,4130,外套部分脱,服装
676138,asymmetrical_footwear,0,4124,不对称鞋,服装
461542,red_sash,0,4123,红色腰带,服装
385804,lifebuoy,0,4123,救生圈,物品
1273311,vertical-striped_dress,0,4122,竖条纹连衣裙,服装
1252645,orange_nails,0,4121,橙指甲,服装
2709,needle,0,4119,针,物品
440347,leopard_print,0,4118,豹纹,服装
1242915,rose_print,0,4118,玫瑰印花,服装
12336,costume,0,4114,服装,服装
1770614,green_gemstone,0,4113,绿色宝石,物品
378993,energy_sword,0,4104,能量剑,物品
11912,wrench,0,4101,扳手,物品
446690,gloom_(expression),0,4099,忧郁表情,表情
477228,drum,0,4098,鼓,物品
502536,paint_splatter,0,4098,颜料溅,背景
458795,suction_cups,0,4089,吸盘,物品
476596,sode,0,4089,袖,服装
551537,lying_on_person,0,4078,躺在人上,姿势
513303,afloat,0,4075,漂浮,姿势
419379,bandage_over_one_eye,0,4073,单眼绷带,服装
485061,hair_tucking,0,4072,塞头发,姿势
377929,sheep_ears,0,4068,羊耳,特征
482172,contrail,0,4066,尾迹,背景
16144,rubber_duck,0,4063,橡皮鸭,物品
530963,arms_under_breasts,0,4062,手臂托胸,姿势
489904,arms_around_neck,0,4060,手臂绕颈,姿势
558384,on_grass,0,4060,在草上,姿势
464576,seagull,0,4058,海鸥,角色
1552754,breast_curtains,0,4057,胸帘,NSFW
522010,character_profile,0,4053,角色简介,文本
2006752,unworn_bra,0,4053,未穿胸罩,服装
10769,transformation,0,4053,变身,风格
420128,upright_straddle,0,4052,直立跨坐,NSFW
1392011,purple_bodysuit,0,4049,紫色紧身衣,服装
521852,pussy_juice_trail,0,4049,爱液痕迹,NSFW
769705,holding_another's_arm,0,4047,抓别人臂,姿势
404436,ribbed_shirt,0,4047,罗纹衬衫,服装
459215,finger_gun,0,4046,手指枪,姿势
1612103,milestone_celebration,0,4045,里程碑庆祝,文本
549346,blue_pantyhose,0,4041,蓝色连裤袜,服装
228096,spacesuit,0,4039,太空服,服装
450123,staring,0,4038,凝视,表情
10692,sandwich,0,4037,三明治,物品
471771,pumps,0,4035,高跟鞋,服装
590039,animal_feet,0,4030,动物脚,身体
11436,deepthroat,0,4029,深喉,NSFW
1435434,two-tone_skirt,0,4029,双色裙,服装
1467259,diagonal_bangs,0,4028,对角刘海,头发
383907,swimsuit_aside,0,4026,泳装移开,NSFW
1319620,wing_hair_ornament,0,4026,翼发饰,头发
520227,cowlick,0,4025,牛舔,头发
1274212,green_cape,0,4024,绿色披风,服装
687202,pussy_juice_stain,0,4021,爱液污渍,NSFW
468068,spread_toes,0,4020,张开脚趾,身体
410131,perky_breasts,0,4018,坚挺乳,身体
1782786,median_furrow,0,4016,腹中线,身体
1233722,maid_bikini,0,4015,女仆比基尼,服装
447984,vegetable,0,4015,蔬菜,物品
656168,hands_on_another's_face,0,4014,手放别人脸,姿势
5171,map,0,4011,地图,物品
586174,neon_trim,0,4008,霓虹装饰,服装
1344905,holding_dagger,0,4007,拿匕首,姿势
573688,reindeer_antlers,0,3998,驯鹿角,特征
1339523,bone_hair_ornament,0,3991,骨发饰,头发
1227710,tail_through_clothes,0,3990,尾巴穿过衣服,服装
1305030,green_leotard,0,3987,绿色紧身衣,服装
380328,pompadour,0,3984,庞巴度发型,头发
397148,huge_nipples,0,3983,巨大乳头,NSFW
9510,cream,0,3980,奶油,物品
411511,adjusting_swimsuit,0,3979,调整泳装,姿势
1307725,green_scarf,0,3979,绿色围巾,服装
3759,parfait,0,3978,圣代,物品
447030,candy_apple,0,3978,糖苹果,物品
394619,furisode,0,3977,振袖,服装
507625,calligraphy_brush,0,3977,毛笔,物品
1517305,presenting_armpit,0,3976,展示腋下,姿势
711562,striped_tail,0,3970,条纹尾,特征
468016,;q,0,3970,;q表情,表情
659834,spoken_squiggle,0,3966,说话波浪线,文本
375882,cuts,0,3963,切口,身体
559692,clothed_pokemon,0,3963,穿衣宝可梦,角色
1888618,fairy_(sao),0,3962,仙女SAO,角色
519703,alternate_universe,0,3961,备用宇宙,风格
506137,jacket_around_waist,0,3958,外套缠腰,服装
595006,green_sweater,0,3958,绿色毛衣,服装
1227744,multiple_crossover,0,3956,多跨作品,风格
676352,pokephilia,0,3955,人兽,NSFW
467500,beer_can,0,3954,啤酒罐,物品
1641895,gloved_handjob,0,3954,手套手交,NSFW
430704,medical_eyepatch,0,3952,医疗眼罩,服装
513153,magazine_(weapon),0,3937,杂志武器,物品
1383010,purple_choker,0,3930,紫色项圈,服装
510576,swim_trunks,0,3929,泳裤,服装
387248,banner,0,3926,横幅,物品
147971,stylus,0,3925,触笔,物品
1417279,holding_underwear,0,3923,拿内衣,姿势
1436828,obiage,0,3923,腰带上,服装
1835909,frilled_one-piece_swimsuit,0,3923,褶边连体泳装,服装
476448,kote,0,3923,小手,服装
515648,coattails,0,3922,燕尾,服装
1956240,braided_hair_rings,0,3917,辫发环,头发
1805482,non-humanoid_robot,0,3917,非人形机器人,角色
1441861,orange_footwear,0,3916,橙色鞋子,服装
380329,briefcase,0,3915,公文包,物品
1373356,yellow_kimono,0,3914,黄色和服,服装
703219,multicolored_wings,0,3914,多色翅膀,特征
382440,pantylines,0,3914,内裤线,NSFW
1312614,blue_hakama,0,3913,蓝色袴,服装
1441884,rectangular_eyewear,0,3910,矩形眼镜,服装
619633,baozi,0,3907,包子,物品
7646,slave,0,3905,奴隶,角色
483981,american_flag,0,3904,美国旗,物品
605759,skirt_suit,0,3897,裙装,服装
1371311,aqua_bowtie,0,3895,水色领结,服装
613840,happy_halloween,0,3891,万圣快乐,文本
378767,bleeding,0,3886,流血,表情
12733,thinking,0,3886,思考,表情
493576,feather_boa,0,3880,羽毛围巾,服装
575181,o-ring_bottom,0,3878,O环底,服装
7641,piggyback,0,3875,背人,姿势
375460,ceiling,0,3869,天花板,背景
590746,goggles_around_neck,0,3869,护目镜挂颈,服装
583009,arm_around_waist,0,3869,手臂绕腰,姿势
494260,purple_wings,0,3869,紫色翅膀,特征
1316028,american_flag_legwear,0,3867,美国旗腿装,服装
484752,clothes_grab,0,3864,抓衣服,姿势
488365,letterman_jacket,0,3857,字母夹克,服装
1390670,breast_tattoo,0,3856,乳纹身,身体
375792,kogal,0,3854,辣妹,角色
207834,mascara,0,3853,睫毛膏,服装
578557,digital_media_player,0,3848,数字媒体播放器,物品
403195,squirrel_ears,0,3848,松鼠耳,特征
2833,collage,0,3844,拼贴,风格
548910,chain_necklace,0,3844,链项链,服装
1410709,ejaculating_while_penetrated,0,3841,插入时射精,NSFW
682128,hands_on_another's_shoulders,0,3841,手放别人肩,姿势
662265,object_namesake,0,3838,物体同名,文本
347508,miniboy,0,3838,迷你男孩,角色
511645,single_kneehigh,0,3838,单及膝袜,服装
585305,ear_ribbon,0,3837,耳丝带,服装
1400382,barbell_piercing,0,3836,杠铃穿孔,NSFW
725441,black_headband,0,3831,黑色发带,头发
707150,finger_on_trigger,0,3828,手指扳机,姿势
1684874,laevatein_(touhou),0,3820,莱瓦汀,物品
1336997,green_coat,0,3819,绿色大衣,服装
1316609,mole_on_thigh,0,3817,大腿痣,身体
677406,multiple_earrings,0,3815,多耳环,服装
652707,domino_mask,0,3809,面具,服装
743282,layered_clothes,0,3806,分层衣服,服装
483264,yellow_rose,0,3802,黄色玫瑰,物品
1300235,purple_pants,0,3797,紫色裤子,服装
585211,energy_gun,0,3795,能量枪,物品
1280102,single_hair_intake,0,3789,单发际线,头发
1301494,spoken_interrobang,0,3787,说话感叹问号,文本
467674,sake_bottle,0,3785,清酒瓶,物品
426621,grey_panties,0,3783,灰色内裤,服装
541137,kanzashi,0,3783,簪子,服装
650514,wet_swimsuit,0,3782,湿泳装,服装
375886,sheep_girl,0,3775,羊娘,角色
375251,egyptian,0,3774,埃及,角色
405671,soda_can,0,3772,汽水罐,物品
551584,updo,0,3772,盘发,头发
470690,pancake,0,3765,煎饼,物品
424961,remote_control_vibrator,0,3764,遥控振动器,NSFW
631299,pillarboxed,0,3763,柱状,风格
1582181,string_of_fate,0,3763,命运红线,物品
9511,spotlight,0,3762,聚光灯,背景
488,flute,0,3761,长笛,物品
1451190,white_wrist_cuffs,0,3759,白色腕袖,服装
442883,city_lights,0,3756,城市灯光,背景
471821,debris,0,3755,碎片,背景
1738,figure,0,3751,雕像,物品
1730,what,0,3748,什么,表情
460940,lily_pad,0,3745,睡莲叶,物品
386503,binoculars,0,3741,望远镜,物品
15004,toy,0,3740,玩具,物品
656916,animal_penis,0,3738,动物阴茎,NSFW
447189,spitroast,0,3736,烤肉串,NSFW
722842,frilled_kimono,0,3734,褶边和服,服装
1395493,eyepatch_bikini,0,3734,眼罩比基尼,服装
1308608,bag_charm,0,3733,包护符,物品
438208,throwing,0,3733,投掷,姿势
1853327,bar_(place),0,3731,酒吧,背景
1319452,hand_on_another's_arm,0,3725,手放别人臂,姿势
1839475,chips_(food),0,3723,薯片,物品
1400511,fur-trimmed_hood,0,3721,毛边兜帽,服装
669594,bat_hair_ornament,0,3718,蝙蝠发饰,头发
2065896,diagonal-striped_clothes,0,3718,斜条纹衣服,服装
1382349,goggles_on_headwear,0,3714,护目镜戴头饰,服装
667185,burn_scar,0,3712,烧伤疤,身体
847095,sparkle_background,0,3709,闪光背景,背景
580695,big_belly,0,3709,大腹,身体
656171,hand_on_another's_chest,0,3708,手放别人胸,NSFW
1277869,horned_headwear,0,3708,角头饰,服装
856710,neck_tattoo,0,3708,颈纹身,身体
1468130,paradis_military_uniform,0,3708,帕拉迪斯军服,服装
4262,surreal,0,3707,超现实,风格
461788,scowl,0,3701,怒视,表情
409293,open_dress,0,3700,敞开连衣裙,服装
1408401,white_scrunchie,0,3699,白色发圈,头发
514260,left-handed,0,3697,左撇子,人物
1304169,au_ra,0,3697,敖拉,角色
455038,capri_pants,0,3695,七分裤,服装
476787,talons,0,3694,爪,特征
1312757,bra_peek,0,3690,胸罩偷看,NSFW
475209,button_badge,0,3688,纽扣徽章,物品
1450243,weibo_logo,0,3687,微博标志,文本
378782,hiding,0,3683,隐藏,姿势
13976,frying_pan,0,3683,平底锅,物品
462213,peeing_self,0,3681,自己尿,NSFW
1504889,rudder_footwear,0,3674,舵鞋,服装
653049,red_eyeliner,0,3670,红色眼线,服装
1417504,nanamori_school_uniform,0,3669,七森校服,服装
404857,cupcake,0,3667,纸杯蛋糕,物品
480444,shouji,0,3667,障子,背景
465450,trash_can,0,3667,垃圾桶,物品
685091,hand_on_another's_back,0,3665,手放别人背,姿势
378151,megaphone,0,3664,扩音器,物品
1399079,holding_drink,0,3664,拿饮料,姿势
380157,shovel,0,3660,铲子,物品
1636673,wiffle_gag,0,3659,威夫尔口塞,NSFW
1455114,hair_tie_in_mouth,0,3657,嘴里发绳,表情
1407477,black_scrunchie,0,3656,黑色发圈,头发
12650,subtitled,0,3653,字幕,文本
479397,white_headband,0,3653,白色发带,头发
1373025,blue-framed_eyewear,0,3649,蓝框眼镜,服装
411566,nightcap,0,3643,睡帽,服装
540767,abstract_background,0,3640,抽象背景,背景
4470,duel,0,3640,决斗,姿势
626084,bangs_pinned_back,0,3632,刘海别后,头发
380265,skates,0,3631,冰鞋,物品
403196,squirrel_tail,0,3627,松鼠尾,特征
398608,hair_twirling,0,3623,卷头发,姿势
513195,bird_on_head,0,3623,头上鸟,姿势
12326,owl,0,3617,猫头鹰,角色
425142,submerged,0,3617,浸没,姿势
2230,guro,0,3614,猎奇,风格
10624,exercise,0,3612,锻炼,姿势
1322674,latin_cross,0,3609,拉丁十字,物品
612379,bubble_tea,0,3609,珍珠奶茶,物品
1330167,american_flag_dress,0,3609,美国旗连衣裙,服装
1328271,layered_bikini,0,3608,分层比基尼,服装
1623670,diamond_button,0,3606,钻石纽扣,服装
1413751,print_bowtie,0,3606,印花领结,服装
1392360,black_camisole,0,3605,黑色吊带衫,服装
384248,trefoil,0,3604,三叶草,物品
1304208,black_cardigan,0,3600,黑色开襟毛衣,服装
508748,horn_bow,0,3594,角蝴蝶结,服装
460475,naked_sweater,0,3590,只穿毛衣,服装
2571,mochi,0,3584,麻糬,物品
1291568,pink_apron,0,3584,粉色围裙,服装
1251054,okobo,0,3582,木屐,服装
592316,colored_pubic_hair,0,3581,彩色阴毛,NSFW
12721,gas_mask,0,3578,防毒面具,服装
5597,newspaper,0,3576,报纸,物品
1384369,green_hairband,0,3576,绿色发带,头发
1422860,two-tone_swimsuit,0,3574,双色泳装,服装
378810,grinding,0,3573,磨蹭,NSFW
1312906,rei_no_himo,0,3570,零之绳,服装
950553,yoga_pants,0,3570,瑜伽裤,服装
538859,kindergarten_uniform,0,3567,幼儿园制服,服装
2377,piano,0,3566,钢琴,物品
1314965,horizontal_pupils,0,3566,水平瞳孔,眼睛
13273,stained_glass,0,3564,彩绘玻璃,背景
1427966,yellow_cardigan,0,3563,黄色开襟毛衣,服装
759492,wolf_boy,0,3561,狼男,角色
447824,doorway,0,3555,门口,背景
1365001,black_robe,0,3554,黑色长袍,服装
1471518,horseshoe_ornament,0,3554,马蹄饰,物品
462978,??,0,3553, :d表情,表情
1201870,prone_bone,0,3551,俯卧后入,NSFW
1579047,rabbit_pose,0,3550,兔姿,姿势
828858,hand_over_own_mouth,0,3549,手遮自己嘴,姿势
1507443,sidelighting,0,3549,侧光,风格
1925724,basketball_(object),0,3549,篮球物体,物品
473217,green_bra,0,3547,绿色胸罩,服装
8808,hallway,0,3547,走廊,背景
480578,hagoromo,0,3547,羽衣,服装
16978,writing,0,3546,写作,姿势
588534,in_box,0,3545,在盒子里,姿势
1791866,holding_smoking_pipe,0,3545,拿烟斗,姿势
405984,snot,0,3544,鼻涕,表情
4807,spill,0,3530,洒,物品
680046,carrying_person,0,3529,背人,姿势
486210,tie_clip,0,3526,领带夹,服装
474988,speaker,0,3524,扬声器,物品
1270233,1koma,0,3523,1格漫画,风格
14861,chef_hat,0,3522,厨师帽,服装
1379954,diffraction_spikes,0,3522,衍射光斑,背景
491714,santa_dress,0,3520,圣诞连衣裙,服装
1472233,high-waist_shorts,0,3518,高腰短裤,服装
473427,green_thighhighs,0,3516,绿色过膝袜,服装
1425516,uranohoshi_school_uniform,0,3516,浦之星校服,服装
619145,orange_gloves,0,3515,橙色手套,服装
1403286,black_mask,0,3513,黑色面具,服装
637971,heart_tattoo,0,3511,爱心纹身,身体
1383796,rabbit_hood,0,3509,兔兜帽,服装
644051,aiming_at_viewer,0,3508,瞄准观众,姿势
2075860,lifting_another's_clothes,0,3508,掀别人衣服,服装
484394,four-leaf_clover,0,3507,四叶草,物品
548668,excalibur_(fate/stay_night),0,3507,誓约胜利之剑,物品
406895,tunic,0,3504,束腰外衣,服装
4550,grenade,0,3490,手榴弹,物品
514768,grey_sky,0,3489,灰色天空,背景
399829,magazine_cover,0,3488,杂志封面,风格
1342976,rabbit_print,0,3487,兔印花,服装
379306,public_nudity,0,3487,公共裸露,NSFW
471929,cum_on_stomach,0,3485,腹射,NSFW
1408498,japari_symbol,0,3482,嘉帕里符号,物品
663385,crossed_ankles,0,3480,交叉脚踝,姿势
1410099,purple_sleeves,0,3479,紫色袖子,服装
11381,frogtie,0,3478,蛙缚,NSFW
453895,mechanical_parts,0,3478,机械零件,身体
647907,dragon_print,0,3477,龙印花,服装
589610,spider_web_print,0,3476,蜘蛛网印花,服装
465416,sleeveless_sweater,0,3470,无袖毛衣,服装
488487,ankle_socks,0,3469,踝袜,服装
602690,stuffed_cat,0,3469,毛绒猫,物品
567734,shikishi,0,3468,色纸,物品
519804,black_lips,0,3468,黑色嘴唇,身体
385637,earbuds,0,3466,耳塞,物品
473206,grey_socks,0,3465,灰色袜子,服装
469445,sleepwear,0,3465,睡衣,服装
2025977,qingdai_guanmao,0,3461,清代官帽,服装
402497,lotus,0,3460,莲花,物品
5272,dice,0,3457,骰子,物品
666648,mitsudomoe_(shape),0,3451,三巴纹,物品
682862,hand_on_another's_hip,0,3450,手放别人臀,姿势
3237,goldfish,0,3450,金鱼,物品
449458,bullpup,0,3447,牛犊枪,物品
1372792,fox_boy,0,3447,狐男,角色
688378,multi-tied_hair,0,3445,多系发,头发
478568,medal,0,3444,勋章,物品
530091,corruption,0,3442,堕落,NSFW
466613,slime_girl,0,3441,史莱姆女孩,角色
1976321,animal_ear_piercing,0,3434,动物耳穿孔,NSFW
1514281,shark_hair_ornament,0,3434,鲨鱼发饰,头发
490993,colored_tongue,0,3433,彩舌,身体
484121,leg_lock,0,3432,腿锁,NSFW
540545,rod_of_remorse,0,3432,悔悟之杖,物品
10731,chainsaw,0,3431,电锯,物品
1283223,shibari_over_clothes,0,3431,衣服上绳艺,NSFW
502177,bird_girl,0,3431,鸟娘,角色
1393855,holding_flag,0,3430,拿旗,姿势
471357,treble_clef,0,3429,高音谱号,物品
390685,darkness,0,3429,黑暗,背景
1259682,ribbed_dress,0,3425,罗纹连衣裙,服装
1335455,watson_cross,0,3424,华生十字,物品
413033,gaping,0,3423,张开,NSFW
523488,flower_pot,0,3420,花盆,物品
1448570,gold_earrings,0,3419,金耳环,服装
378,cheese,0,3418,奶酪,物品
1430633,two-tone_bikini,0,3417,双色比基尼,服装
457141,lace_panties,0,3416,蕾丝内裤,服装
1697967,tassel_hair_ornament,0,3413,流苏发饰,头发
380355,chained,0,3411,被链,NSFW
1554926,wide_spread_legs,0,3411,宽张腿,姿势
577161,in_tree,0,3410,在树上,姿势
379713,bad_feet,0,3407,坏脚,风格
557508,loose_belt,0,3407,松腰带,服装
494802,on_shoulder,0,3407,在肩上,姿势
14111,candy_cane,0,3405,拐杖糖,物品
440796,triangle,0,3405,三角,物品
629659,food_on_head,0,3405,头上食物,表情
621930,mandarin_collar,0,3404,立领,服装
539295,feather_hair,0,3403,羽毛头发,头发
9335,5koma,0,3402,5格漫画,风格
615041,finger_to_cheek,0,3400,手指放脸颊,姿势
433704,super_saiyan,0,3396,超级赛亚人,角色
531896,2020,0,3391,2020,文本
540150,puckered_lips,0,3390,撅嘴,表情
15201,soldier,0,3385,士兵,角色
702200,sailor_bikini,0,3385,水手比基尼,服装
350,ramen,0,3382,拉面,物品
396737,striped_bra,0,3381,条纹胸罩,服装
1402835,scene_reference,0,3380,场景参考,风格
1384365,orange_hairband,0,3380,橙色发带,头发
572410,ankle_ribbon,0,3379,踝丝带,服装
11433,nipple_rings,0,3378,乳头环,NSFW
682638,flower_earrings,0,3378,花耳环,服装
15667,riding_crop,0,3376,马鞭,物品
407041,profanity,0,3376,脏话,文本
428664,embers,0,3376,余烬,背景
2641,paint,0,3375,颜料,物品
1342770,strappy_heels,0,3375,带状高跟,服装
505313,torn_sleeves,0,3373,破袖,服装
1488457,grey_horns,0,3371,灰色角,特征
517255,plum_blossoms,0,3370,梅花,背景
670773,happy_valentine,0,3369,情人节快乐,文本
1901,orgy,0,3368,群交,NSFW
393166,bloom,0,3367,开花,背景
1438722,plunging_neckline,0,3366,深V领,服装
487143,bamboo_forest,0,3365,竹林,背景
458232,flats,0,3362,平底鞋,服装
528325,red_pantyhose,0,3360,红色连裤袜,服装
440956,fluffy,0,3358,蓬松,身体
1394292,blue_serafuku,0,3357,蓝色水手服,服装
1402052,white_cloak,0,3357,白色斗篷,服装
709557,torn_bodysuit,0,3356,破紧身衣,服装
1762322,greyscale_with_colored_background,0,3354,灰度彩色背景,风格
613940,white_cat,0,3352,白猫,角色
1280149,crescent_earrings,0,3351,新月耳环,服装
1318470,yellow_pupils,0,3351,黄色瞳孔,眼睛
1371098,purple_umbrella,0,3350,紫色伞,物品
1945860,drill_sidelocks,0,3347,钻头侧发,头发
667460,real_life_insert,0,3341,现实插入,风格
144057,harem_outfit,0,3341,后宫服装,服装
1315142,pink_scrunchie,0,3339,粉色发圈,头发
6339,dusk,0,3338,黄昏,背景
1481015,hands_in_opposite_sleeves,0,3335,手插对袖,姿势
8796,electric_fan,0,3334,电风扇,物品
1515727,strap_between_breasts,0,3332,乳沟肩带,服装
458132,winged_hat,0,3331,翼帽,服装
526914,licking_finger,0,3330,舔手指,表情
7526,crotch_rope,0,3329,裆绳,NSFW
482791,tusks,0,3327,獠牙,身体
470441,plastic_bag,0,3326,塑料袋,物品
1343573,holding_arrow,0,3325,拿箭,姿势
375231,shirt_tug,0,3324,拉衬衫,姿势
1311981,meiji_schoolgirl_uniform,0,3324,明治女校服,服装
1613301,obliques,0,3323,腹斜肌,身体
488260,purple_cape,0,3321,紫色披风,服装
617590,wa_maid,0,3321,WA女仆,角色
9002,stethoscope,0,3319,听诊器,物品
533035,undersized_clothes,0,3317,小号衣服,服装
1215711,numbered,0,3314,编号,文本
279898,shell_casing,0,3313,弹壳,物品
1291177,orange_bodysuit,0,3312,橙色紧身衣,服装
546133,ghost_tail,0,3312,鬼尾,特征
503705,paw_shoes,0,3311,爪鞋,服装
1289525,cross_scar,0,3310,十字伤疤,身体
497966,penis_grab,0,3309,抓阴茎,NSFW
692418,suspender_shorts,0,3307,吊带短裤,服装
1422416,twitter_logo,0,3307,推特标志,文本
16992,see-through_dress,0,3306,透视连衣裙,服装
604468,eye_mask,0,3303,眼罩,服装
617471,female_pov,0,3299,女性视角,姿势
505860,tally,0,3299,计数,文本
4177,lotion,0,3298,乳液,物品
1463294,holding_controller,0,3297,拿手柄,姿势
572264,gold_chain,0,3295,金链,服装
4773,puppet,0,3293,木偶,物品
665350,microdress,0,3293,超短连衣裙,服装
581551,covered_face,0,3293,遮脸,表情
1443349,blue_cardigan,0,3292,蓝色开襟毛衣,服装
695265,clitoral_stimulation,0,3287,阴蒂刺激,NSFW
448292,porkpie_hat,0,3283,猪肉派帽,服装
380173,seashell,0,3280,贝壳,物品
379595,breast_slip,0,3274,乳走光,NSFW
1397450,plantar_flexion,0,3274,足底屈曲,身体
633092,arm_held_back,0,3272,手臂后拉,姿势
552818,parted_hair,0,3271,分发,头发
426384,clitoral_hood,0,3271,阴蒂包皮,NSFW
512534,squirrel_girl,0,3270,松鼠娘,角色
1480168,white_sports_bra,0,3268,白色运动胸罩,服装
722453,thumb_ring,0,3268,大拇指戒,服装
587679,vibrator_under_clothes,0,3260,衣服下振动器,NSFW
1434382,spade_(shape),0,3260,黑桃形状,物品
495857,arm_around_neck,0,3260,手臂绕颈,姿势
1383769,dot_mouth,0,3260,点嘴,表情
586749,mismatched_footwear,0,3260,不匹配鞋,服装
422957,come_hither,0,3258,来这边,表情
493298,police_hat,0,3258,警察帽,服装
1344680,holding_doll,0,3257,拿娃娃,姿势
658525,white_cardigan,0,3255,白色开襟毛衣,服装
2025868,cellphone_photo,0,3254,手机照片,物品
1441888,over-rim_eyewear,0,3254,上框眼镜,服装
1484339,diagonal-striped_bow,0,3254,斜条纹蝴蝶结,服装
1163924,blue_fur,0,3248,蓝色毛,身体
1874313,covering_own_eyes,0,3244,遮自己眼,姿势
11243,shower_head,0,3242,淋浴喷头,物品
390347,flask,0,3242,烧瓶,物品
1119065,heart-shaped_pillow,0,3240,爱心枕头,物品
516930,hanfu,0,3240,汉服,服装
462454,small_penis,0,3239,小阴茎,NSFW
665809,hugging_doll,0,3239,抱娃娃,姿势
2006755,unworn_helmet,0,3239,未戴头盔,服装
11717,mohawk,0,3239,莫霍克发型,头发
1497777,multi-strapped_bikini_bottom,0,3239,多系比基尼底,服装
558702,pinching,0,3238,捏,姿势
419192,monkey_tail,0,3238,猴尾,特征
397935,ladder,0,3237,梯子,物品
406406,shoe_dangle,0,3236,鞋悬挂,姿势
586819,energy_wings,0,3236,能量翅膀,特征
8874,pudding,0,3234,布丁,物品
574719,multicolored_swimsuit,0,3233,多色泳装,服装
713394,hand_on_another's_thigh,0,3230,手放别人大腿,NSFW
11316,abstract,0,3228,抽象,风格
13958,locker_room,0,3226,更衣室,背景
649327,wide_ponytail,0,3226,宽马尾,头发
1253185,snowflake_hair_ornament,0,3226,雪花发饰,头发
1321301,purple_shorts,0,3223,紫色短裤,服装
407322,smell,0,3220,气味,表情
1551114,covered_abs,0,3220,遮腹肌,身体
1475838,blue_overalls,0,3219,蓝色工作服,服装
569544,condom_on_penis,0,3211,避孕套戴阴茎,NSFW
1178138,snowflake_print,0,3209,雪花印花,服装
515468,head-mounted_display,0,3209,头戴显示器,物品
472424,skull_and_crossbones,0,3208,骷髅与交叉骨,物品
547698,sunburst,0,3208,日出,背景
1515357,orange_theme,0,3207,橙色主题,风格
409789,rubber_boots,0,3207,橡胶靴,服装
607667,checkered_scarf,0,3206,格子围巾,服装
643426,reverse_upright_straddle,0,3205,反向直立跨坐,NSFW
1396985,holding_sheath,0,3204,拿剑鞘,姿势
9554,g-string,0,3204,G弦,服装
501057,breastless_clothes,0,3203,无乳衣服,服装
1304064,black_apron,0,3202,黑色围裙,服装
447780,peeking,0,3201,偷看,姿势
520473,beard_stubble,0,3201,胡茬,身体
721674,purple_scarf,0,3201,紫色围巾,服装
420964,hip_bones,0,3199,髋骨,身体
389161,french_fries,0,3198,薯条,物品
637281,mechanical_legs,0,3196,机械腿,特征
1515361,white_theme,0,3194,白色主题,风格
1327736,purple_coat,0,3191,紫色大衣,服装
633519,american_flag_bikini,0,3189,美国旗比基尼,服装
419258,child_on_child,0,3186,儿童与儿童,人物
2848,wedding,0,3186,婚礼,背景
493584,striped_pants,0,3185,条纹裤,服装
1819565,jirai_kei,0,3185,地雷系,服装
1326377,black_corset,0,3183,黑色紧身胸衣,服装
489623,glowstick,0,3181,荧光棒,物品
1338640,yellow_scrunchie,0,3178,黄色发圈,头发
433752,yunomi,0,3177,汤饮,物品
662701,brown_ribbon,0,3177,棕色丝带,服装
15996,moonlight,0,3176,月光,背景
481778,stage_lights,0,3176,舞台灯,背景
816551,jackal_ears,0,3174,豺耳,特征
464876,bento,0,3172,便当,物品
1637933,evolutionary_line,0,3172,进化线,角色
523426,hand_grab,0,3171,抓手,姿势
2316,carpet,0,3168,地毯,背景
1447394,whistle_around_neck,0,3168,哨子挂颈,物品
640820,spoken_anger_vein,0,3166,说话愤怒脉,文本
9101,cigar,0,3166,雪茄,物品
511736,heart_in_mouth,0,3166,嘴里爱心,表情
1627141,gae_bolg_(fate),0,3164,盖伯尔格,物品
587435,side_cutout,0,3164,侧开洞,服装
1300390,bandaged_head,0,3163,绷带头,服装
619992,world_war_ii,0,3161,二战,背景
1928414,high_side_ponytail,0,3160,高侧马尾,头发
526974,coffee_cup,0,3160,咖啡杯,物品
1343802,holding_basket,0,3159,拿篮子,姿势
1431325,mismatched_bikini,0,3159,不匹配比基尼,服装
429439,fetal_position,0,3156,胎儿姿势,姿势
521817,black_feathers,0,3156,黑色羽毛,特征
471577,red_socks,0,3156,红色袜子,服装
459289,blue_lips,0,3156,蓝色嘴唇,身体
449624,bass_guitar,0,3153,低音吉他,物品
590943,neck_ruff,0,3153,颈毛,特征
1409831,kuromorimine_military_uniform,0,3152,黑森峰军服,服装
7867,orc,0,3145,兽人,角色
1261354,feather_trim,0,3144,羽毛装饰,服装
578713,giving,0,3143,给,姿势
10631,paddle,0,3142,桨,物品
2490,pirate,0,3140,海盗,角色
1252969,white_nails,0,3140,白色指甲,服装
1287705,song_name,0,3138,歌曲名,文本
399594,urethra,0,3137,尿道,NSFW
540097,turtle_shell,0,3136,龟壳,物品
437149,tongue_piercing,0,3135,舌穿孔,NSFW
470159,jealous,0,3133,嫉妒,表情
410379,praying,0,3125,祈祷,姿势
510070,:i,0,3124,:i表情,表情
160066,driving,0,3122,开车,姿势
699975,shoulder_spikes,0,3122,肩刺,特征
402204,holding_panties,0,3119,拿内裤,姿势
1328016,o-ring_choker,0,3118,O环项圈,服装
381372,cold,0,3117,冷,表情
1349485,clover_hair_ornament,0,3116,三叶草发饰,头发
375272,evening_gown,0,3115,晚礼服,服装
1582499,scar_on_forehead,0,3115,额头伤疤,身体
32298,duffel_bag,0,3113,行李袋,物品
610726,shared_clothes,0,3112,共穿衣服,服装
1392007,pink_bodysuit,0,3110,粉色紧身衣,服装
1258390,holding_leash,0,3108,拿绳,姿势
1474162,gekkoukan_high_school_uniform,0,3108,月光馆校服,服装
9921,panda,0,3107,熊猫,角色
692860,alternate_legwear,0,3106,备用腿装,服装
486062,on_lap,0,3102,在腿上,姿势
390154,left-to-right_manga,0,3102,左到右漫画,风格
1312065,chinese_knot,0,3099,中国结,物品
10340,shark,0,3096,鲨鱼,角色
699142,diamond-shaped_pupils,0,3095,钻石瞳孔,眼睛
482936,long_pointy_ears,0,3089,长尖耳,特征
675346,frilled_ribbon,0,3088,褶边丝带,服装
1350232,orange_shorts,0,3084,橙色短裤,服装
400905,talisman,0,3082,护符,物品
1446770,instant_loss,0,3082,即时败北,NSFW
456655,broken_glass,0,3081,破玻璃,背景
1386147,holding_hammer,0,3080,拿锤,姿势
2006756,unworn_shirt,0,3080,未穿衬衫,服装
581705,sitting_on_desk,0,3079,坐在桌上,姿势
776463,enpera,0,3079,圆帽,服装
409034,bite_mark,0,3078,咬痕,NSFW
556999,two-footed_footjob,0,3076,双足足交,NSFW
3874,sink,0,3076,水槽,物品
1984282,cum_on_male,0,3076,男体射,NSFW
468923,screaming,0,3073,尖叫,表情
575698,torn_cape,0,3073,破披风,服装
550123,sitting_on_face,0,3072,坐在脸上,NSFW
514239,holding_condom,0,3070,拿避孕套,姿势
417408,keyhole,0,3070,钥匙孔,物品
700189,finger_in_another's_mouth,0,3069,手指放别人嘴,NSFW
612542,bow_bikini,0,3068,蝴蝶结比基尼,服装
572679,rubbing_eyes,0,3067,揉眼,表情
676653,mouse_(computer),0,3064,电脑鼠标,物品
1793456,cooperative_fellatio,0,3063,合作口交,NSFW
10309,fashion,0,3061,时尚,服装
673057,matching_outfits,0,3060,匹配服装,服装
622606,anime_coloring,0,3057,动漫上色,风格
1389873,orange_kimono,0,3055,橙色和服,服装
1457889,red_armband,0,3055,红色臂章,服装
466898,strangling,0,3053,勒颈,NSFW
1723482,flame-tipped_tail,0,3052,火焰尾尖,特征
1321704,string_of_flags,0,3051,旗帜串,物品
653053,strapless_shirt,0,3050,无肩带衬衫,服装
628271,turning_head,0,3047,转头,姿势
1482386,tiger_boy,0,3047,虎男,角色
474252,path,0,3046,小路,背景
393321,scratches,0,3046,抓痕,身体
615392,hair_horns,0,3046,头发角,头发
1268348,pawpads,0,3045,肉垫,身体
10412,shaved_ice,0,3044,刨冰,物品
242,princess,0,3044,公主,角色
1343930,black_hakama,0,3043,黑色袴,服装
644284,holding_sign,0,3043,拿标志,姿势
413035,soccer_ball,0,3041,足球,物品
438849,pill,0,3041,药丸,物品
1631337,shimakaze_(kancolle)_(cosplay),0,3039,岛风cosplay,角色
961827,pink_hoodie,0,3038,粉色卫衣,服装
12396,ice_cube,0,3037,冰块,物品
1449257,gem_uniform_(houseki_no_kuni),0,3034,宝石制服,服装
10168,suspension,0,3033,悬吊,NSFW
1515354,brown_theme,0,3031,棕色主题,风格
645791,patterned_background,0,3030,图案背景,背景
395226,shoulder_carry,0,3030,肩扛,姿势
390993,sigh,0,3026,叹气,表情
473040,tombstone,0,3026,墓碑,物品
1856853,asticassia_school_uniform,0,3024,阿斯提卡西亚校服,服装
684621,puffy_detached_sleeves,0,3022,蓬分离袖,服装
616023,aqua_dress,0,3019,水色连衣裙,服装
1521615,skin_fangs,0,3018,皮肤獠牙,表情
691977,egyptian_clothes,0,3017,埃及服装,服装
409526,thigh_sex,0,3016,大腿性交,NSFW
484124,deer_ears,0,3015,鹿耳,特征
573757,beach_towel,0,3014,沙滩巾,物品
549590,uneven_gloves,0,3013,不对称手套,服装
862221,club_(weapon),0,3010,棍棒,物品
1411720,medium_dress,0,3008,中连衣裙,服装
554120,dirty_face,0,3007,脏脸,表情
376473,mallet,0,3006,槌,物品
426146,fur_coat,0,3005,毛大衣,服装
1499947,looking_over_eyewear,0,3004,眼镜下看,表情
1403936,bodysuit_under_clothes,0,2999,紧身衣穿衣下,服装
374334,open_shorts,0,2998,敞开短裤,服装
717296,hand_in_another's_hair,0,2997,手插别人头发,姿势
1234797,foot_up,0,2995,抬脚,姿势
3917,toothbrush,0,2992,牙刷,物品
468817,flower_wreath,0,2990,花环,服装
640801,clothes_in_mouth,0,2989,嘴里衣服,表情
400527,skirt_tug,0,2988,拉裙,姿势
11486,jellyfish,0,2986,水母,物品
482447,tailcoat,0,2984,燕尾服,服装
1373030,pink-framed_eyewear,0,2983,粉框眼镜,服装
1344462,blue_apron,0,2982,蓝色围裙,服装
1305007,chest_belt,0,2982,胸带,服装
1330014,year_of_the_tiger,0,2982,虎年,文本
859661,red_cloak,0,2979,红色斗篷,服装
5871,restaurant,0,2976,餐厅,背景
876681,year_of_the_rabbit,0,2972,兔年,文本
1261917,looking_at_phone,0,2971,看手机,姿势
1434570,hadanugi_dousa,0,2968,袒胸,姿势
475709,bandaid_on_pussy,0,2966,阴部创可贴,NSFW
664440,lace-trimmed_dress,0,2965,蕾丝装饰连衣裙,服装
662500,caterpillar_tracks,0,2962,履带,物品
700045,stray_pubic_hair,0,2962,散乱阴毛,NSFW
1307801,feather_earrings,0,2962,羽毛耳环,服装
1427258,holding_sack,0,2961,拿袋,姿势
14074,raincoat,0,2960,雨衣,服装
380573,quill,0,2956,羽毛笔,物品
525182,santa_bikini,0,2956,圣诞比基尼,服装
1502082,brown_sweater_vest,0,2952,棕色毛衣背心,服装
513765,broken_horn,0,2950,破角,特征
588453,laurel_crown,0,2948,月桂冠,服装
1975377,loose_hair_strand,0,2946,松散发丝,头发
477184,large_hat,0,2945,大帽子,服装
519626,on_table,0,2941,在桌上,姿势
1468295,quarter_note,0,2939,四分音符,物品
618149,yugake,0,2938,弓手套,服装
427771,omelet,0,2937,煎蛋,物品
69844,pig,0,2937,猪,角色
297185,drumsticks,0,2935,鼓槌,物品
633809,eastern_dragon,0,2935,东方龙,角色
414783,padlock,0,2935,挂锁,物品
673352,flaming_eye,0,2932,火焰眼,眼睛
702226,holding_cat,0,2931,抱猫,姿势
410525,typo,0,2929,打字错误,文本
468765,pith_helmet,0,2929,遮阳盔,服装
398229,people,0,2928,人,人物数量
3537,sticker,0,2928,贴纸,物品
400119,melting,0,2927,融化,表情
390096,hill,0,2927,山丘,背景
1403984,brown_capelet,0,2927,棕色小披风,服装
1279634,mating_press,0,2923,交配压,NSFW
1298625,open-chest_sweater,0,2920,敞胸毛衣,服装
1667891,pom_pom_hair_ornament,0,2918,绒球发饰,头发
377197,desert,0,2917,沙漠,背景
494832,faux_traditional_media,0,2915,仿传统媒介,风格
382047,sunrise,0,2911,日出,背景
444189,arabian_clothes,0,2911,阿拉伯服装,服装
1446284,looking_at_animal,0,2910,看动物,姿势
527607,magazine_(object),0,2905,杂志物体,物品
1262166,seamed_legwear,0,2905,缝线腿装,服装
662965,tokkuri,0,2901,德利,物品
1609053,twitching_penis,0,2901,抽动阴茎,NSFW
466731,ear_tag,0,2901,耳标签,物品
421506,head_grab,0,2900,抓头,NSFW
625484,glitch,0,2900,故障,风格
378452,hand_in_panties,0,2899,手伸内裤,NSFW
1333530,grey_fur,0,2899,灰毛,身体
1315557,grey_bow,0,2899,灰色蝴蝶结,服装
570082,swirl_lollipop,0,2895,旋涡棒棒糖,物品
405207,arch,0,2895,拱门,背景
25477,chemise,0,2893,衬裙,服装
661191,aqua_skirt,0,2892,水色裙,服装
605757,pant_suit,0,2891,裤装,服装
595850,hooded_cape,0,2891,连帽披风,服装
399308,walk-in,0,2889,走入,姿势
687728,hands_on_own_head,0,2886,手放自己头,姿势
2553,basketball,0,2884,篮球,物品
1467949,single_ear_cover,0,2883,单耳罩,服装
602427,wrestling_outfit,0,2880,摔跤服,服装
9032,attack,0,2877,攻击,姿势
379555,graffiti,0,2875,涂鸦,物品
484578,disembodied_head,0,2874,无身头,风格
1700602,thick_arms,0,2874,粗臂,身体
1334708,holding_paintbrush,0,2872,拿画笔,姿势
1350604,cat_ear_panties,0,2872,猫耳内裤,服装
844443,red_umbrella,0,2871,红色伞,物品
1422826,sangvis_ferri,0,2869,桑维斯,角色
445826,phimosis,0,2867,包茎,NSFW
784913,wife_and_wife,0,2866,妻妻,角色
528555,flat_ass,0,2865,平臀,身体
477241,birthday_cake,0,2865,生日蛋糕,物品
1338653,fur_scarf,0,2865,毛围巾,服装
619600,zombie_pose,0,2856,僵尸姿势,姿势
686220,pink_sleeves,0,2853,粉色袖子,服装
388452,sweets,0,2852,甜食,物品
1247633,narrowed_eyes,0,2851,眯眼,表情
396063,asphyxiation,0,2850,窒息,NSFW
422821,safety_pin,0,2849,安全别针,物品
669792,futa_with_male,0,2849,扶她与男性,NSFW
1076181,flower_(symbol),0,2849,花符号,物品
11943,zero_suit,0,2844,零装,服装
13691,bomber_jacket,0,2844,轰炸机夹克,服装
553947,>_o,0,2844,>_o表情,表情
1399795,no_eyewear,0,2843,无眼镜,服装
379208,smelling,0,2840,闻,姿势
1338775,patterned_clothing,0,2840,图案服装,服装
1943362,very_sweaty,0,2840,很汗,表情
1451957,naoetsu_high_school_uniform,0,2835,直江津高校服,服装
1390886,brown_kimono,0,2834,棕色和服,服装
109323,cliff,0,2834,悬崖,背景
1286664,kabedon,0,2834,壁咚,姿势
469020,rice_bowl,0,2831,饭碗,物品
613439,roman_numeral,0,2831,罗马数字,文本
1420004,blur_censor,0,2829,模糊审查,NSFW
404541,hexagram,0,2826,六芒星,物品
1253523,\||/,0,2826,\||/姿势,姿势
13606,cervix,0,2826,子宫颈,NSFW
821841,2019,0,2826,2019,文本
1330708,purple_sweater,0,2824,紫色毛衣,服装
393832,impregnation,0,2824,受孕,NSFW
1438761,high-waist_pants,0,2823,高腰裤,服装
375083,tuxedo,0,2820,燕尾服,服装
598410,ceiling_light,0,2820,天花板灯,物品
473703,car_interior,0,2818,车内,背景
104991,have_to_pee,0,2818,要尿,表情
688904,overskirt,0,2818,外裙,服装
420294,yellow_skin,0,2817,黄色皮肤,身体
422126,moss,0,2815,苔藓,背景
1597364,chain_leash,0,2812,链绳,NSFW
543351,crossed_bandaids,0,2812,交叉创可贴,服装
423600,bit_gag,0,2810,咬口塞,NSFW
1416804,orange_scrunchie,0,2809,橙色发圈,头发
189096,anal_fingering,0,2808,肛门指交,NSFW
2626,volleyball,0,2807,排球,物品
622943,cover_image,0,2806,封面图像,风格
4031,negligee,0,2805,睡袍,服装
673610,green_choker,0,2805,绿色项圈,服装
381887,caught,0,2803,被抓,表情
395568,cyberpunk,0,2803,赛博朋克,风格
1768472,borrowed_clothes,0,2802,借衣服,服装
14927,dessert,0,2801,甜点,物品
643796,power_symbol,0,2797,力量符号,物品
534340,calendar_(object),0,2794,日历物体,物品
1578780,diagonal-striped_necktie,0,2793,斜条纹领带,服装
653262,back_tattoo,0,2791,后背纹身,身体
16335,spatula,0,2791,铲子,物品
1404865,brown_sailor_collar,0,2791,棕色水手领,服装
518423,black_leggings,0,2791,黑色紧身裤,服装
666929,light_trail,0,2789,光轨,背景
564233,hand_on_hilt,0,2788,手放剑柄,姿势
1161083,2018,0,2787,2018,文本
418007,o3o,0,2786,o3o表情,表情
664066,aqua_ribbon,0,2786,水色丝带,服装
673694,large_tail,0,2786,大尾巴,特征
1695986,tied_up_(nonsexual),0,2785,非性束缚,NSFW
1581461,bread_slice,0,2785,面包片,物品
467696,black_rose,0,2779,黑色玫瑰,物品
697213,averting_eyes,0,2779,回避眼神,表情
550621,head_back,0,2778,头后仰,姿势
433619,dreadlocks,0,2777,脏辫,头发
87501,wire,0,2776,电线,物品
499060,ainu_clothes,0,2776,阿伊努服,服装
1344665,yellow_vest,0,2774,黄色背心,服装
539585,sleeping_upright,0,2773,直立睡,姿势
657424,candlestand,0,2772,烛台,物品
455175,smiley_face,0,2768,笑脸,表情
1416546,red_hoodie,0,2767,红色卫衣,服装
1052255,drawing_(object),0,2766,绘画物体,物品
481514,white_suit,0,2765,白色西装,服装
1260991,pink_pants,0,2764,粉色裤子,服装
1331430,bandaid_on_arm,0,2764,臂创可贴,服装
511515,grimace,0,2763,鬼脸,表情
396726,wreath,0,2763,花环,物品
1268355,carrot_necklace,0,2762,胡萝卜项链,服装
1253396,character_hair_ornament,0,2762,角色发饰,头发
1370858,mechanical_horns,0,2762,机械角,特征
880368,humanoid_robot,0,2760,人形机器人,角色
2075856,pulling_another's_clothes,0,2757,拉别人衣服,姿势
1374594,grey-framed_eyewear,0,2756,灰框眼镜,服装
398742,pastry,0,2755,糕点,物品
1277599,ribbon-trimmed_skirt,0,2754,丝带装饰裙,服装
683211,carrying_over_shoulder,0,2754,肩扛,姿势
379432,lights,0,2752,灯光,背景
663171,sun_symbol,0,2752,太阳符号,物品
457376,milk_bottle,0,2751,牛奶瓶,物品
1605926,see-through_legwear,0,2750,透视腿装,服装
555933,sword_of_hisou,0,2750,秘封剑,物品
1423058,facing_to_the_side,0,2749,面对侧面,姿势
712510,bare_hips,0,2748,裸臀,身体
601821,nape,0,2748,颈背,身体
1673151,uneven_sleeves,0,2748,不对称袖,服装
480812,steam_censor,0,2745,蒸汽审查,NSFW
478965,light_bulb,0,2745,灯泡,物品
560724,belly_chain,0,2744,腹链,服装
909672,star_halo,0,2744,星星光环,特征
521350,color_guide,0,2742,颜色指南,风格
1606642,white_male_underwear,0,2741,白色男性内裤,服装
3139,samurai,0,2735,武士,角色
478424,striker_unit,0,2734,打击者装置,服装
377993,petting,0,2730,抚摸,姿势
647581,look-alike,0,2728,相似,角色
1285391,turtleneck_dress,0,2728,高领连衣裙,服装
646637,cocktail_glass,0,2727,鸡尾酒杯,物品
1243347,mega_pokemon,0,2726,超进化宝可梦,角色
514885,after_kiss,0,2725,吻后,NSFW
491230,horseback_riding,0,2724,骑马,姿势
453104,cameo,0,2724,客串,角色
506895,ankle_cuffs,0,2721,踝铐,NSFW
1505132,russian_text,0,2721,俄文文本,文本
835764,untied_panties,0,2719,解开内裤,NSFW
3993,mop,0,2718,拖把,物品
1241321,striped_horns,0,2718,条纹角,特征
623327,creator_connection,0,2718,创作者连接,角色
666137,aqua_bikini,0,2718,水色比基尼,服装
1328259,multiple_moles,0,2717,多痣,身体
1476167,holding_handheld_game_console,0,2716,拿掌机,姿势
1665195,reference_inset,0,2715,参考插图,风格
1397369,year_of_the_ox,0,2712,牛年,文本
478305,striped_sleeves,0,2711,条纹袖,服装
1270535,curtained_hair,0,2710,帘发,头发
403183,nail,0,2709,钉子,物品
427930,liquid,0,2708,液体,物品
475076,cat_hat,0,2707,猫帽,服装
660754,aqua_shirt,0,2707,水色衬衫,服装
485269,clothes_hanger,0,2706,衣架,物品
514196,cat_print,0,2703,猫印花,服装
222208,eraser,0,2702,橡皮,物品
1336227,red_bag,0,2702,红色包,物品
1853,tribadism,0,2701,磨镜,NSFW
839099,green_lips,0,2701,绿色嘴唇,身体
1538888,kitauji_high_school_uniform,0,2701,北宇治校服,服装
1410787,st._gloriana's_school_uniform,0,2700,圣葛罗莉亚娜校服,服装
490692,shading_eyes,0,2699,遮眼,姿势
1438860,black_sash,0,2698,黑色腰带,服装
1618015,slime_(creature),0,2697,史莱姆生物,角色
879036,false_smile,0,2696,假笑,表情
1356833,frilled_capelet,0,2696,褶边小披风,服装
1231015,character_print,0,2695,角色印花,服装
448198,shako_cap,0,2695,军帽,服装
16614,diadem,0,2695,头冠,服装
3054,curry,0,2694,咖喱,物品
1233843,impossible_bodysuit,0,2694,不可能紧身衣,服装
416356,corpse,0,2693,尸体,角色
452530,ok_sign,0,2692,OK手势,姿势
555866,pillow_grab,0,2692,抓枕头,姿势
484182,nose_piercing,0,2691,鼻穿孔,NSFW
1393295,orange_choker,0,2690,橙色项圈,服装
10638,boxers,0,2689,拳击短裤,服装
461720,buzz_cut,0,2687,平头,头发
1426454,holding_clipboard,0,2686,拿剪贴板,姿势
1360724,brown_cape,0,2686,棕色披风,服装
8279,church,0,2683,教堂,背景
374542,daisy,0,2683,雏菊,物品
498627,short_sword,0,2681,短剑,物品
1204400,playing_with_own_hair,0,2680,玩自己头发,姿势
1345684,holding_syringe,0,2679,拿注射器,姿势
514943,torn_shorts,0,2679,破短裤,服装
1240596,mole_on_neck,0,2679,颈痣,身体
475212,very_long_sleeves,0,2678,极长袖,服装
420749,turban,0,2677,头巾,服装
551169,transparent_umbrella,0,2672,透明伞,物品
495002,skirt_around_one_leg,0,2669,裙挂一腿,服装
644564,butterfly_print,0,2669,蝴蝶印花,服装
911862,mask_pull,0,2669,拉面具,服装
631055,tree_shade,0,2668,树荫,背景
460050,sleep_molestation,0,2665,睡奸,NSFW
495234,inflatable_toy,0,2665,充气玩具,物品
655271,naked_jacket,0,2665,只穿外套,服装
530881,spilling,0,2663,洒出,物品
1835734,red_one-piece_swimsuit,0,2663,红色连体泳装,服装
643401,dragon_boy,0,2663,龙男,角色
550560,oni_mask,0,2658,鬼面具,服装
417809,denim_skirt,0,2657,牛仔裙,服装
724196,thigh_pouch,0,2657,大腿袋,物品
10736,spandex,0,2656,弹力纤维,服装
648389,spread_fingers,0,2656,张开手指,姿势
854287,ribbed_legwear,0,2654,罗纹腿装,服装
379744,counter,0,2652,柜台,背景
1305912,notched_lapels,0,2650,缺口翻领,服装
585851,bound_ankles,0,2649,绑脚踝,NSFW
433470,fanny_pack,0,2649,腰包,物品
540105,fleeing,0,2647,逃跑,姿势
440361,lipstick_mark,0,2646,口红印,表情
1513962,tam_o'_shanter,0,2645,苏格兰帽,服装
632927,alternate_headwear,0,2641,备用头饰,服装
556491,convenient_arm,0,2640,方便臂,姿势
1281997,asymmetrical_horns,0,2640,不对称角,特征
1418114,green_hoodie,0,2639,绿色卫衣,服装
413782,d-pad,0,2638,方向键,物品
695921,white_sash,0,2637,白色腰带,服装
1161081,2016,0,2629,2016,文本
1412053,magatama_necklace,0,2628,勾玉项链,服装
690509,purple_sky,0,2627,紫色天空,背景
1408089,star_choker,0,2627,星星项圈,服装
667237,oversized_animal,0,2626,超大动物,角色
1726780,egg_(food),0,2626,蛋食物,物品
667586,single_pauldron,0,2625,单肩甲,服装
1414514,purple_sailor_collar,0,2622,紫色水手领,服装
10861,town,0,2620,城镇,背景
419919,diving_mask,0,2620,潜水面具,服装
519346,short_bangs,0,2619,短刘海,头发
410599,crotchless_panties,0,2618,无裆内裤,NSFW
379758,cave,0,2617,洞穴,背景
458230,strapless_bra,0,2615,无肩带胸罩,服装
1289190,vertical-striped_skirt,0,2615,竖条纹裙,服装
1448374,reflective_water,0,2614,反射水,背景
479466,fine_art_parody,0,2613,美术恶搞,风格
1608327,mixed-language_text,0,2613,混合语言文本,文本
1494963,orange-tinted_eyewear,0,2611,橙染眼镜,服装
546937,cracked_skin,0,2610,裂纹皮肤,身体
8371,hamster,0,2610,仓鼠,角色
539390,insignia,0,2610,徽章,物品
711978,clothed_animal,0,2609,穿衣动物,角色
419890,rug,0,2608,地毯,背景
399776,torch,0,2608,火炬,物品
1614785,finger_to_own_chin,0,2607,手指放自己下巴,姿势
381796,satchel,0,2603,挎包,物品
439517,nose_bubble,0,2602,鼻泡,表情
374503,strawberry_shortcake,0,2602,草莓蛋糕,物品
1670355,furry_with_furry,0,2602,毛茸与毛茸,NSFW
376636,confused,0,2601,困惑,表情
488880,fourth_wall,0,2601,第四面墙,风格
1174935,hand_on_own_leg,0,2599,手放自己腿,姿势
4381,ufo,0,2598,UFO,物品
631042,pool_ladder,0,2598,泳池梯,物品
442051,dust,0,2596,尘土,背景
669534,clothes_down,0,2594,衣服下拉,服装
2909,cyclops,0,2593,独眼巨人,角色
1373028,yellow-framed_eyewear,0,2592,黄框眼镜,服装
5058,surfboard,0,2591,冲浪板,物品
429442,patch,0,2590,补丁,服装
1793517,legwear_garter,0,2589,腿装吊带,服装
389909,potato_chips,0,2589,薯片,物品
498823,burning,0,2588,燃烧,背景
1391834,feather-trimmed_sleeves,0,2587,羽毛装饰袖,服装
1916192,traditional_nun,0,2584,传统修女,角色
561087,covering_nipples,0,2582,遮乳头,NSFW
403072,rocket_launcher,0,2581,火箭筒,物品
1409556,ooarai_military_uniform,0,2581,大洗军服,服装
385780,high_contrast,0,2580,高对比,风格
384086,jet,0,2580,喷气机,背景
435180,bad_hands,0,2579,坏手,风格
519892,naked_coat,0,2578,只穿大衣,服装
1513986,creature_and_personification,0,2578,生物与拟人,角色
377200,balcony,0,2577,阳台,背景
442279,vial,0,2577,小瓶,物品
562075,plaid_bikini,0,2576,格子比基尼,服装
434965,studded_belt,0,2571,钉腰带,服装
876848,bandage_on_face,0,2571,脸绷带,服装
541927,manga_(object),0,2571,漫画物体,物品
402726,spanked,0,2570,被打屁股,NSFW
1739,shrimp,0,2568,虾,物品
470701,cube,0,2565,立方体,物品
635465,twitching,0,2561,抽动,NSFW
674367,starry_sky_print,0,2559,星空印花,服装
701781,calendar_(medium),0,2558,日历媒介,风格
1793464,cheating_(relationship),0,2556,出轨,NSFW
502382,hyur,0,2555,海拉,角色
398959,trick_or_treat,0,2554,不给糖就捣蛋,文本
416493,red_sky,0,2554,红色天空,背景
541224,heart_hands_duo,0,2553,爱心手双人,姿势
410605,shared_scarf,0,2552,共围巾,服装
1609998,after_ejaculation,0,2551,射精后,NSFW
425236,pulling,0,2550,拉,姿势
1557673,pendant_choker,0,2550,吊坠项圈,服装
1161082,2017,0,2547,2017,文本
1343849,fellatio_gesture,0,2546,口交手势,NSFW
536151,snake_tail,0,2546,蛇尾,特征
635980,impossible_leotard,0,2544,不可能紧身衣,服装
641695,aerial_fireworks,0,2543,空中烟花,背景
5494,harem,0,2540,后宫,角色
1268086,pink_bag,0,2539,粉色包,物品
77315,worried,0,2538,担心,表情
447322,korean_clothes,0,2538,韩国服,服装
423171,prayer_beads,0,2537,念珠,物品
1598810,nontraditional_playboy_bunny,0,2537,非传统兔女郎,角色
612699,dirty_clothes,0,2537,脏衣服,服装
493037,drawer,0,2534,抽屉,物品
453756,;3,0,2534,;3表情,表情
670532,holding_pencil,0,2532,拿铅笔,姿势
542457,2015,0,2532,2015,文本
1787327,shuuchiin_academy_school_uniform,0,2532,秀知院学园校服,服装
421313,product_placement,0,2531,产品放置,物品
461237,skewer,0,2529,串,物品
576093,hands_on_lap,0,2529,手放腿上,姿势
551641,thigh_ribbon,0,2529,大腿丝带,服装
1276335,fur-trimmed_legwear,0,2528,毛边腿装,服装
1227460,hands_on_another's_head,0,2527,手放别人头,姿势
6267,whale,0,2526,鲸鱼,角色
526532,oversized_shirt,0,2524,超大衬衫,服装
528616,drone,0,2524,无人机,物品
492858,lemon_slice,0,2522,柠檬片,物品
1342607,holding_lantern,0,2522,拿灯笼,姿势
511657,alternate_form,0,2520,备用形态,角色
2281,festival,0,2519,节日,背景
521722,nengajou,0,2519,贺年卡,物品
1574672,two-sided_cape,0,2519,双面披风,服装
1098217,drawing_tablet,0,2518,绘图板,物品
1332003,champagne_flute,0,2516,香槟杯,物品
1577661,dynamax_band,0,2516,极巨化腕带,物品
383903,vending_machine,0,2513,自动售货机,物品
1442709,fewer_digits,0,2512,少手指,身体
453886,cosmetics,0,2511,化妆品,物品
394155,instrument_case,0,2509,乐器盒,物品
547292,reflective_floor,0,2509,反射地板,背景
480182,keyboard_(instrument),0,2508,键盘乐器,物品
645001,assault_visor,0,2508,突击面罩,服装
381727,open_skirt,0,2507,敞开裙,服装
401614,tennis_uniform,0,2505,网球服,服装
1372686,shark_hood,0,2505,鲨鱼兜帽,服装
454425,juice_box,0,2504,果汁盒,物品
423438,racket,0,2503,球拍,物品
287085,boxing_gloves,0,2503,拳击手套,物品
1262479,plaid_bowtie,0,2501,格子领结,服装
661899,glowing_sword,0,2500,发光剑,物品
6327,afro,0,2500,爆炸头,头发
1362227,holding_stick,0,2498,拿棍,姿势
1317604,panty_straps,0,2498,内裤带,服装
1570687,starter_pokemon_trio,0,2498,初始宝可梦三人组,角色
1964758,fake_phone_screenshot,0,2497,假手机截图,风格
1373024,white-framed_eyewear,0,2496,白框眼镜,服装
5983,briefs,0,2495,三角裤,服装
1392029,multicolored_bodysuit,0,2493,多色紧身衣,服装
455722,curtain_grab,0,2489,抓窗帘,姿势
428250,plectrum,0,2488,拨片,物品
494944,flexing,0,2485,秀肌肉,姿势
118742,team_rocket,0,2485,火箭队,角色
498946,turnaround,0,2484,转身,姿势
1330230,black_wristband,0,2484,黑色腕带,服装
8721,breast_bondage,0,2483,胸束缚,NSFW
405548,tail_bell,0,2482,尾铃,物品
539771,incoming_gift,0,2480, incoming礼物,物品
1691759,censored_nipples,0,2476,审查乳头,NSFW
8235,shuriken,0,2475,手里剑,物品
1447450,d-pad_hair_ornament,0,2472,方向键发饰,头发
565089,caustics,0,2471,焦散,风格
378768,dreaming,0,2470,做梦,表情
381083,sketchbook,0,2466,素描本,物品
506562,tri_tails,0,2464,三尾,特征
1912119,champion's_tunic_(zelda),0,2464,勇者之服,服装
396962,sweatband,0,2463,汗带,服装
543193,spread_wings,0,2461,张开翅膀,姿势
1113198,latex_bodysuit,0,2461,乳胶紧身衣,服装
1314744,yellow_choker,0,2460,黄色项圈,服装
488259,skull_mask,0,2459,骷髅面具,服装
468635,coral,0,2458,珊瑚,物品
1409793,grey_kimono,0,2455,灰色和服,服装
564526,vertical-striped_pantyhose,0,2454,竖条纹连裤袜,服装
379983,under_table,0,2452,桌下,姿势
1999097,little_busters!_school_uniform,0,2452,小小巴斯特校服,服装
1769934,finger_in_own_mouth,0,2447,手指放自己嘴,NSFW
379794,cafe,0,2447,咖啡馆,背景
148824,dove,0,2446,鸽子,角色
413859,footprints,0,2444,脚印,背景
523897,fried_egg,0,2444,煎蛋,物品
513424,millipen_(medium),0,2443,万能笔媒介,风格
457115,when_you_see_it,0,2442,你会看到的,风格
481420,blood_stain,0,2442,血迹,表情
559145,school_hat,0,2440,学校帽,服装
12284,gown,0,2439,礼服,服装
501554,sweater_around_waist,0,2438,毛衣缠腰,服装
1383226,ofuda_on_clothes,0,2438,衣服符札,物品
1378575,monsterification,0,2437,怪物化,风格
1282702,wooden_bucket,0,2435,木桶,物品
466439,sparks,0,2434,火花,背景
570969,red_armor,0,2432,红色铠甲,服装
617893,sleeping_on_person,0,2432,睡在人上,姿势
1274924,hand_on_another's_ass,0,2431,手放别人臀,NSFW
530877,lace_bra,0,2429,蕾丝胸罩,服装
1651209,fanbox_username,0,2429,Fanbox用户名,艺术家
670645,tactical_clothes,0,2427,战术服装,服装
1039733,licking_nipple,0,2425,舔乳头,NSFW
465814,video_camera,0,2422,摄像机,物品
1439570,tall_female,0,2422,高女性,人物
585,taiyaki,0,2421,鲷鱼烧,物品
9534,trumpet,0,2420,小号,物品
5114,turtle,0,2420,乌龟,角色
499,toast,0,2418,吐司,物品
4510,crepe,0,2418,可丽饼,物品
478938,impossible_dress,0,2417,不可能连衣裙,服装
1353605,standing_on_liquid,0,2417,站在液体上,姿势
1452471,hikarizaka_private_high_school_uniform,0,2416,光坂私立高校服,服装
1269637,hands_on_headwear,0,2415,手放头饰,姿势
466441,sweet_potato,0,2415,红薯,物品
1435804,bisexual_female,0,2415,双性恋女性,角色
560134,u_u,0,2415,u_u表情,表情
430139,single_vertical_stripe,0,2414,单竖条纹,服装
16150,keychain,0,2411,钥匙链,物品
1281566,spiked_armlet,0,2411,尖刺臂环,服装
1346997,holding_whip,0,2407,拿鞭,姿势
1837805,traditional_youkai,0,2404,传统妖怪,角色
1926062,millennium_cheerleader_outfit_(blue_archive),0,2400,千年啦啦队服,服装
1617800,see-through_leotard,0,2399,透视紧身衣,服装
1396796,green_neckerchief,0,2397,绿色领巾,服装
469082,milk_carton,0,2397,牛奶盒,物品
1791862,industrial_pipe,0,2397,工业管道,背景
533490,adjusting_gloves,0,2396,调整手套,姿势
1610038,o-ring_thigh_strap,0,2396,O环大腿绑带,服装
1743,baseball,0,2389,棒球,物品
2130,tanuki,0,2389,狸猫,角色
175633,comb,0,2388,梳子,物品
558703,cheek_pinching,0,2388,捏脸颊,姿势
699964,pocky_day,0,2385,百奇日,文本
548895,frilled_socks,0,2384,褶边袜,服装
421443,spinning,0,2384,旋转,姿势
1333731,hands_on_own_thighs,0,2383,手放自己大腿,姿势
460720,wind_chime,0,2383,风铃,物品
2022435,cone_horns,0,2381,锥角,特征
1240137,swim_briefs,0,2380,泳裤,服装
610198,leotard_pull,0,2380,拉紧身衣,NSFW
1320208,grey_necktie,0,2379,灰色领带,服装
380490,alarm_clock,0,2378,闹钟,物品
1552758,breast_curtain,0,2378,胸帘,NSFW
460146,hitachi_magic_wand,0,2375,日立魔杖,NSFW
1307551,holstered,0,2374,枪套,物品
440406,buck_teeth,0,2372,龅牙,表情
390242,variations,0,2371,变体,风格
15222,alley,0,2371,小巷,背景
478170,anti-materiel_rifle,0,2371,反器材步枪,物品
819855,puffy_shorts,0,2370,蓬短裤,服装
378083,barrel,0,2370,桶,物品
1409106,head_on_pillow,0,2367,头枕枕,姿势
1416333,cherry_blossom_print,0,2366,樱花印花,服装
414749,helm,0,2365,头盔,服装
1402473,blue_sash,0,2364,蓝色腰带,服装
1574674,two-sided_jacket,0,2363,双面外套,服装
512488,crotch_plate,0,2361,裆板,服装
1304010,pink_pupils,0,2361,粉色瞳孔,眼睛
664405,plaid_necktie,0,2359,格子领带,服装
589583,kappougi,0,2358,割烹着,服装
408254,tripping,0,2355,绊倒,姿势
613216,multicolored_legwear,0,2354,多色腿装,服装
1456557,hair_through_headwear,0,2354,头发穿过头饰,头发
1306104,orange_scarf,0,2351,橙色围巾,服装
1401971,backless_leotard,0,2351,露背紧身衣,服装
600284,cheek_poking,0,2348,戳脸颊,姿势
14562,holly,0,2348,冬青,物品
1296384,multicolored_gloves,0,2346,多色手套,服装
2060120,holding_swim_ring,0,2344,拿游泳圈,姿势
577309,multiple_condoms,0,2343,多避孕套,NSFW
15412,refrigerator,0,2339,冰箱,物品
1506804,pearl_(gemstone),0,2338,珍珠宝石,物品
566340,loose_clothes,0,2337,松衣服,服装
599839,horned_helmet,0,2336,角盔,服装
639779,mechanical_tail,0,2336,机械尾,特征
412950,rubble,0,2333,瓦砾,背景
516894,tokusatsu,0,2332,特摄,风格
403432,hooves,0,2330,蹄,身体
423281,mini-hakkero,0,2327,迷你八卦炉,物品
435549,veranda,0,2326,阳台,背景
974780,stomach_cutout,0,2324,腹开洞,服装
527651,naked_sheet,0,2322,只裹床单,服装
450205,prehensile_hair,0,2322,可动头发,头发
1514953,cropped_shoulders,0,2319,截肩,姿势
521422,skull_print,0,2319,骷髅印花,服装
10884,crotch_rub,0,2318,裆摩擦,NSFW
645771,seigaiha,0,2317,青海波,图案
5707,chaps,0,2316,皮护腿,服装
7827,whisk,0,2316,搅拌器,物品
593715,bird_on_hand,0,2315,手上鸟,姿势
683983,poke_ball_print,0,2315,精灵球印花,服装
1606641,black_male_underwear,0,2315,黑色男性内裤,服装
476158,traffic_light,0,2313,交通灯,物品
391066,roller_skates,0,2313,轮滑鞋,物品
1499389,patchwork_skin,0,2312,拼布皮肤,身体
546293,happy_tears,0,2311,开心泪,表情
381921,energy_ball,0,2309,能量球,物品
1345660,leaning_on_object,0,2308,靠物体,姿势
3946,faucet,0,2305,水龙头,物品
478617,stripper_pole,0,2305,钢管,物品
992674,emoji,0,2305,表情符号,文本
638777,ritual_baton,0,2305,仪式棒,物品
1320347,octarian,0,2305,章鱼人,角色
1781330,nijigasaki_academy_school_uniform,0,2305,虹咲学园校服,服装
459931,prostitution,0,2302,卖淫,NSFW
380358,setsubun,0,2302,节分,文本
608539,column_lineup,0,2300,列排列,姿势
650139,clothed_female_nude_female,0,2297,女穿衣女裸,NSFW
2560,wrestling,0,2292,摔跤,姿势
408365,tape_gag,0,2292,胶带口塞,NSFW
1411023,st._gloriana's_military_uniform,0,2290,圣葛罗莉亚娜军服,服装
1378645,constellation_print,0,2289,星座印花,服装
472861,ovum,0,2287,卵子,NSFW
378821,watering_can,0,2284,浇水壶,物品
440374,leg_belt,0,2282,腿带,服装
1317359,floating_clothes,0,2282,漂浮衣服,服装
1394090,see-through_skirt,0,2282,透视裙,服装
1454154,black_pubic_hair,0,2281,黑色阴毛,NSFW
422427,sports_bikini,0,2280,运动比基尼,服装
1826631,tracen_training_uniform,0,2280,特雷森训练服,服装
419280,between_thighs,0,2279,腿间,姿势
991822,blue_eyeshadow,0,2279,蓝色眼影,服装
642312,handsfree_ejaculation,0,2277,无手射精,NSFW
548540,puckered_anus,0,2277,皱肛,NSFW
1242767,star_necklace,0,2275,星星项链,服装
1353409,fine_fabric_emphasis,0,2274,精细织物强调,服装
470025,open_pants,0,2273,敞开裤,服装
586859,beckoning,0,2273,招手,姿势
1339894,fishnet_top,0,2273,渔网上衣,服装
549321,cum_on_penis,0,2273,阴茎射,NSFW
667138,hikimayu,0,2273,引眉,服装
1543640,inverted_bob,0,2272,内翻鲍勃,头发
512237,identity_censor,0,2272,身份审查,NSFW
1478253,drop_earrings,0,2271,垂吊耳环,服装
483095,birthmark,0,2271,胎记,身体
380154,squirrel,0,2270,松鼠,角色
638540,multicolored_bikini,0,2269,多色比基尼,服装
1308909,barcode_tattoo,0,2266,条码纹身,身体
1636694,sleeve_garter,0,2265,袖吊带,服装
585203,veiny_breasts,0,2265,静脉乳,身体
1768621,heart_o-ring,0,2265,爱心O环,服装
1323958,pink_vest,0,2264,粉色背心,服装
1440529,two-tone_ribbon,0,2263,双色丝带,服装
1088997,bear_hair_ornament,0,2263,熊发饰,头发
1455250,chest_strap,0,2262,胸带,服装
1675931,kalashnikov_rifle,0,2262,卡拉什尼科夫步枪,物品
1401067,face_to_breasts,0,2261,脸埋胸,NSFW
1257581,bowl_hat,0,2261,碗帽,服装
2834,69,0,2260,69,NSFW
14637,tight_shirt,0,2259,紧衬衫,服装
1321158,brown_necktie,0,2257,棕色领带,服装
399999,whipped_cream,0,2256,鲜奶油,物品
585021,spoken_sweatdrop,0,2256,说话汗滴,文本
1637,failure,0,2255,失败,表情
1434344,pencil_dress,0,2253,铅笔连衣裙,服装
43623,scepter,0,2252,权杖,物品
495020,crazy_smile,0,2252,疯狂笑,表情
1496652,gold_hairband,0,2248,金发带,头发
494375,shared_umbrella,0,2247,共伞,服装
843166,yellow_hoodie,0,2246,黄色卫衣,服装
414746,spider_girl,0,2244,蜘蛛女孩,角色
706581,condom_packet_strip,0,2244,避孕套条,NSFW
1641903,eye_focus,0,2243,眼焦点,眼睛
540139,different_reflection,0,2243,不同反射,风格
1484368,white_bag,0,2242,白色包,物品
1495030,red-tinted_eyewear,0,2242,红染眼镜,服装
1329387,deviantart_username,0,2240,DeviantArt用户名,艺术家
1504868,eyebrow_cut,0,2240,眉毛切,身体
1613886,animal_ear_headwear,0,2239,动物耳头饰,服装
1452744,collared_coat,0,2238,有领大衣,服装
605455,volleyball_uniform,0,2238,排球服,服装
396859,budget_sarashi,0,2237,预算缠胸布,服装
565996,goat_ears,0,2237,山羊耳,特征
1411065,anzio_school_uniform,0,2236,安齐奥校服,服装
1464685,collared_cape,0,2235,有领披风,服装
413866,breasts_on_glass,0,2233,胸贴玻璃,NSFW
714422,sports_car,0,2232,跑车,物品
11395,swing,0,2230,秋千,物品
1314693,grey_scarf,0,2230,灰色围巾,服装
462556,cuddling,0,2230,依偎,姿势
1344701,grey_border,0,2230,灰色边框,风格
1853211,single_hair_ring,0,2230,单发环,头发
390436,birdcage,0,2228,鸟笼,物品
473417,yellow_thighhighs,0,2227,黄色过膝袜,服装
10415,railroad_tracks,0,2227,铁轨,背景
10911,pond,0,2227,池塘,背景
1274842,two-handed,0,2226,双手,姿势
1286826,cloud_print,0,2226,云印花,服装
1492898,green_sleeves,0,2225,绿色袖子,服装
473239,yellow_bra,0,2224,黄色胸罩,服装
657469,rainbow_order,0,2223,彩虹顺序,文本
472623,hammer_and_sickle,0,2222,锤子镰刀,物品
228746,spider,0,2222,蜘蛛,角色
1369179,orange_fur,0,2222,橙毛,身体
4864,lion,0,2221,狮子,角色
594938,window_blinds,0,2221,百叶窗,物品
416114,symmetry,0,2221,对称,风格
478821,teasing,0,2219,戏弄,表情
493288,chasing,0,2218,追逐,姿势
389904,cabinet,0,2217,柜子,物品
418677,gate,0,2217,门,背景
657500,fish_hair_ornament,0,2216,鱼发饰,头发
155336,poncho,0,2216,雨披,服装
716395,dixie_cup_hat,0,2214,水手帽,服装
379311,chandelier,0,2213,吊灯,物品
445622,leopard_ears,0,2213,豹耳,特征
8781,bomb,0,2212,炸弹,物品
7728,tankini,0,2211,坦克尼,服装
1770613,purple_gemstone,0,2210,紫色宝石,物品
1076157,futanari_masturbation,0,2209,扶她自慰,NSFW
535055,warship,0,2209,战舰,背景
610495,bondage_outfit,0,2208,束缚服装,服装
377843,cousins,0,2208,表亲,角色
1582504,scar_on_neck,0,2208,颈伤疤,身体
499937,lip_piercing,0,2207,唇穿孔,NSFW
711883,checkered_kimono,0,2206,格子和服,服装
1383063,clover_print,0,2205,三叶草印花,服装
633435,magical_musket,0,2205,魔法火枪,物品
1468298,beamed_sixteenth_notes,0,2204,十六分音符连,物品
470667,board_game,0,2202,桌游,物品
497917,thrusters,0,2202,推进器,物品
421489,ushanka,0,2202,护耳帽,服装
1824446,lycoris_uniform,0,2202,百合花制服,服装
1509564,holding_game_controller,0,2200,拿游戏手柄,姿势
567592,untucked_shirt,0,2200,衬衫不塞,服装
1284171,after_paizuri,0,2200,乳交后,NSFW
473421,pink_socks,0,2198,粉色袜子,服装
1378370,black_buruma,0,2197,黑色运动短裤,服装
592444,mars_symbol,0,2197,火星符号,物品
29555,office,0,2197,办公室,背景
721109,visible_air,0,2196,可见空气,表情
521377,winged_helmet,0,2192,翼盔,服装
679014,greatsword,0,2189,大剑,物品
6389,tickling,0,2188,挠痒,姿势
1307800,skull_earrings,0,2185,骷髅耳环,服装
415735,sideways,0,2182,侧身,姿势
705551,pixiv_id,0,2181,pixiv ID,艺术家
8806,train_station,0,2180,火车站,背景
1399019,multicolored_fur,0,2179,多色毛,身体
418420,stuck,0,2177,卡住,姿势
2684,fishing,0,2176,钓鱼,姿势
1333955,side-tie_leotard,0,2176,侧系紧身衣,服装
452130,neon_lights,0,2176,霓虹灯,背景
397906,party_hat,0,2176,派对帽,服装
1475076,blue_horns,0,2175,蓝色角,特征
892083,green_apron,0,2174,绿色围裙,服装
453979,gusset,0,2174,裆部,服装
418987,park_bench,0,2174,公园长椅,物品
663528,wooden_wall,0,2172,木墙,背景
16006,union_jack,0,2171,英国旗,物品
433424,if_they_mated,0,2171,如果他们交配,风格
477329,brushing_hair,0,2171,刷头发,姿势
1379633,fff_threesome,0,2168,女女女3P,NSFW
543247,eyebrow_piercing,0,2167,眉穿孔,NSFW
490349,head_bump,0,2163,头撞,姿势
1039289,gold_necklace,0,2163,金项链,服装
1557024,mouth_veil,0,2160,嘴面纱,服装
590886,bird_legs,0,2158,鸟腿,特征
542055,polka_dot_dress,0,2156,波点连衣裙,服装
5001,squid,0,2155,乌贼,角色
11353,twincest,0,2154,双胞胎乱伦,NSFW
485953,puffy_pants,0,2154,蓬裤,服装
2232,tarot,0,2152,塔罗,物品
1568979,plaid_headwear,0,2152,格子头饰,服装
603414,space_helmet,0,2152,太空头盔,服装
512928,white_tail,0,2151,白色尾,特征
15614,tube,0,2149,管,物品
4651,dominatrix,0,2147,女支配,角色
719573,doyagao,0,2145,得意脸,表情
430228,pole_dancing,0,2145,钢管舞,姿势
1396461,brown_hairband,0,2143,棕色发带,头发
1298471,blood_from_eyes,0,2143,眼出血,表情
644441,fiery_hair,0,2143,火焰头发,头发
1624910,sidepec,0,2143,侧乳,身体
548122,strawberry_print,0,2141,草莓印花,服装
565136,projected_inset,0,2141,投影插图,风格
461218,selfcest,0,2141,自己与自己,NSFW
1349615,red_fur,0,2141,红色毛,身体
400313,beam_rifle,0,2139,光束步枪,物品
412890,tissue,0,2139,纸巾,物品
617246,leather_belt,0,2139,皮腰带,服装
375862,butler,0,2138,管家,角色
382271,destruction,0,2137,破坏,背景
688139,implied_futanari,0,2135,暗示扶她,NSFW
1854324,green_halo,0,2134,绿色光环,特征
408804,bad_proportions,0,2133,坏比例,风格
692799,choko_(cup),0,2133,猪口杯,物品
3532,ink,0,2133,墨水,物品
396795,menu,0,2132,菜单,物品
1476489,pokemon_on_head,0,2132,头上宝可梦,姿势
492105,groin_tendon,0,2130,腹股沟肌腱,身体
10293,marker,0,2129,记号笔,物品
628220,claw_ring,0,2129,爪环,服装
443220,you're_doing_it_wrong,0,2126,你做错了,文本
473259,artificial_vagina,0,2121,人工阴道,NSFW
377878,hairdressing,0,2120,理发,姿势
1721304,dyed_bangs,0,2120,染刘海,头发
1298573,sanshoku_dango,0,2117,三色团子,物品
16279,air_conditioner,0,2117,空调,物品
406767,super_robot,0,2117,超级机器人,角色
534507,two-tone_eyes,0,2117,双色眼睛,眼睛
400296,gatling_gun,0,2116,加特林机枪,物品
499376,wrinkled_skin,0,2115,皱皮肤,身体
662800,fake_antlers,0,2115,假鹿角,特征
699609,frilled_cuffs,0,2114,褶边袖口,服装
1901538,scissor_blade_(kill_la_kill),0,2113,剪刀刃,物品
1713028,two-tone_bowtie,0,2111,双色领结,服装
385733,baseball_uniform,0,2110,棒球服,服装
408976,bat_ears,0,2110,蝙蝠耳,特征
180889,morning,0,2109,早晨,背景
397626,guitar_case,0,2109,吉他盒,物品
673730,palm_leaf,0,2109,棕榈叶,物品
475729,through_clothes,0,2108,隔衣,NSFW
1265860,pink_blood,0,2107,粉血,表情
1296314,single_gauntlet,0,2106,单护手,服装
4948,mimikaki,0,2105,耳勺,物品
664546,taut_dress,0,2105,紧绷连衣裙,服装
1279653,holding_brush,0,2105,拿刷子,姿势
1405888,harvin,0,2105,哈文,角色
1515352,aqua_theme,0,2104,水色主题,风格
472,monkey,0,2102,猴子,角色
660019,color_connection,0,2102,颜色连接,风格
406727,against_tree,0,2101,靠树,姿势
1768427,black_halo,0,2100,黑色光环,特征
403478,suppressor,0,2098,消音器,物品
708792,checkered_necktie,0,2098,格子领带,服装
1400049,on_bench,0,2096,在长椅上,姿势
535613,upturned_eyes,0,2096,上翻眼,表情
1231742,three-dimensional_maneuver_gear,0,2096,立体机动装置,物品
544204,bowl_cut,0,2095,碗发型,头发
431012,tangzhuang,0,2094,唐装,服装
1686527,jack-o'_challenge,0,2094,南瓜挑战,姿势
700119,cropped_vest,0,2092,短背心,服装
1796972,e.g.o_(project_moon),0,2091,E.G.O.,服装
399875,beach_chair,0,2089,沙滩椅,物品
585543,pussy_juice_puddle,0,2088,爱液水洼,NSFW
394771,utility_belt,0,2088,工具腰带,服装
1179281,bear_girl,0,2087,熊娘,角色
1023384,white_serafuku,0,2086,白色水手服,服装
1419859,fur-trimmed_cloak,0,2085,毛边斗篷,服装
8309,straitjacket,0,2084,拘束衣,NSFW
1613542,electrokinesis,0,2084,电能,风格
388868,m4_carbine,0,2082,M4卡宾枪,物品
622601,window_shade,0,2081,窗帘,物品
1323483,fangs_out,0,2081,獠牙露出,表情
539536,blue_headband,0,2081,蓝色头带,头发
721724,gold_bracelet,0,2081,金手镯,服装
379603,hair_brush,0,2080,发刷,物品
726943,pink_coat,0,2079,粉色大衣,服装
1470700,black_undershirt,0,2078,黑色内衫,服装
547081,incoming_attack,0,2075,即将攻击,姿势
723472,stiletto_heels,0,2075,细高跟,服装
403915,wheel,0,2074,轮子,物品
1489808,poke_ball_symbol,0,2072,精灵球符号,物品
1324692,pink_fur,0,2072,粉毛,身体
465863,cum_on_legs,0,2071,腿射,NSFW
1279772,yellow_wings,0,2068,黄色翅膀,特征
825568,shortstack,0,2066,矮胖,身体
412179,polka_dot_bra,0,2065,波点胸罩,服装
1438305,holding_baseball_bat,0,2064,拿棒球棒,姿势
1441880,hand_on_eyewear,0,2063,手放眼镜,姿势
451262,notepad,0,2062,记事本,物品
379633,fertilization,0,2062,受精,NSFW
83990,tennis_racket,0,2060,网球拍,物品
486179,naked_cape,0,2060,只穿披风,服装
473475,orange_thighhighs,0,2059,橙色过膝袜,服装
400230,akeome,0,2059,明けましておめでとう,文本
614243,plaid_background,0,2058,格子背景,背景
550124,sitting_in_tree,0,2056,坐在树上,姿势
712381,thigh_cutout,0,2055,大腿开洞,服装
4313,pointer,0,2054,指针,物品
508957,health_bar,0,2053,生命条,物品
544708,fish_girl,0,2053,鱼娘,角色
582361,head_between_breasts,0,2050,头埋胸,NSFW
660778,knees_apart_feet_together,0,2048,膝分开脚并,姿势
549629,ankle_lace-up,0,2048,踝系带,服装
632853,fake_wings,0,2047,假翅膀,特征
380828,open_bra,0,2047,敞开胸罩,NSFW
1258088,ribbon-trimmed_clothes,0,2047,丝带装饰衣服,服装
514889,polo_shirt,0,2044,马球衫,服装
1363208,blue_bag,0,2044,蓝色包,物品
7737,soap,0,2041,肥皂,物品
1405177,purple_belt,0,2041,紫色腰带,服装
411198,leg_hold,0,2040,腿抱,姿势
683789,wooden_table,0,2040,木桌,物品
629486,used_tissue,0,2040,用过纸巾,物品
538746,lipstick_tube,0,2039,口红管,物品
2431,missile,0,2039,导弹,物品
1648167,x-shaped_pupils,0,2039,X形瞳孔,眼睛
541092,tegaki,0,2038,手绘,风格
406711,strap-on,0,2037,假阳具穿戴,NSFW
486968,red_bandana,0,2037,红色头巾,服装
1274419,spoken_character,0,2034,说话文字,文本
15124,pain,0,2033,疼痛,表情
714136,hand_on_another's_stomach,0,2032,手放别人腹,姿势
684567,looking_at_mirror,0,2032,看镜子,姿势
1605421,halloween_bucket,0,2032,万圣节桶,物品
668887,shallow_water,0,2031,浅水,背景
495137,tulip,0,2030,郁金香,物品
524875,nail_art,0,2030,指甲艺术,服装
589659,in_bucket,0,2030,在桶里,姿势
188238,crossbow,0,2030,弩,物品
655903,fake_facial_hair,0,2029,假胡须,身体
1413210,blue_collar,0,2029,蓝色项圈,服装
622860,spring_(season),0,2028,春季,背景
464556,dolphin,0,2027,海豚,角色
495132,autobot,0,2027,汽车人,角色
4654,flustered,0,2026,慌张,表情
443879,gorget,0,2026,颈甲,服装
1426521,white_veil,0,2025,白色面纱,服装
516012,clothed_masturbation,0,2024,穿衣自慰,NSFW
467618,belt_bra,0,2023,腰带胸罩,服装
1561753,yellow_armband,0,2023,黄色臂章,服装
555276,surprise_kiss,0,2022,惊喜吻,NSFW
1267456,holding_leaf,0,2022,拿叶子,姿势
547320,excessive_cum,0,2022,过多精液,NSFW
396286,cockpit,0,2021,驾驶舱,背景
4144,mace,0,2020,钉锤,物品
500760,flower_ornament,0,2018,花饰,服装
437999,full_nelson,0,2017,全尼尔森,NSFW
621654,pale_color,0,2015,苍白颜色,风格
549041,vocaloid_append,0,2015,初音追加,角色
1551,drill,0,2014,钻头,物品
1275036,german_clothes,0,2013,德国服,服装
415621,blueberry,0,2013,蓝莓,物品
638838,in_food,0,2011,在食物中,姿势
1397563,fur-trimmed_skirt,0,2011,毛边裙,服装
1445710,shoulder_boards,0,2011,肩章,服装
524796,age_progression,0,2011,年龄增长,角色
593466,flame_print,0,2011,火焰印花,服装
412925,cupless_bra,0,2010,无杯胸罩,服装
1533721,fish_(food),0,2008,鱼食物,物品
600210,perineum,0,2008,会阴,身体
13185,spitting,0,2007,吐口水,表情
412641,steering_wheel,0,2006,方向盘,物品
594785,blowing_kiss,0,2005,飞吻,表情
528496,holding_shoes,0,2003,拿鞋,姿势
633053,hooded_sweater,0,2001,连帽毛衣,服装
607798,arm_wrap,0,2001,臂缠,服装
419998,:x,0,2000,:x表情,表情
450823,x_x,0,2000,x_x表情,表情
1238376,multicolored_shirt,0,1999,多色衬衫,服装
572579,cooking_pot,0,1999,锅,物品
450208,chocolate_bar,0,1999,巧克力棒,物品
478228,title,0,1999,标题,文本
8989,viera,0,1998,维埃拉,角色
534991,pillbox_hat,0,1997,药盒帽,服装
394047,circle_cut,0,1996,圆切,风格
544443,penis_out,0,1995,阴茎露出,NSFW
526083,brown_socks,0,1995,棕色袜子,服装
454517,unconscious,0,1995,无意识,表情
487161,breasts_on_head,0,1994,胸在头上,NSFW
1283900,single_fingerless_glove,0,1993,单无指手套,服装
542357,red_cross,0,1990,红十字,物品
1490146,yellow_horns,0,1990,黄色角,特征
593552,plaid_pants,0,1990,格子裤,服装
11960,tanabata,0,1988,七夕,文本
658254,holding_helmet,0,1988,拿头盔,姿势
376486,skyline,0,1988,天际线,背景
574422,claw_(weapon),0,1988,爪武器,物品
1233871,circle_name,0,1987,圆名,文本
507379,yellow_belt,0,1987,黄色腰带,服装
1414389,pink_sailor_collar,0,1986,粉色水手领,服装
1806377,homurahara_academy_school_uniform,0,1983,穗村原学园校服,服装
380988,goblin,0,1982,哥布林,角色
420546,spear_the_gungnir,0,1981,冈格尼尔枪,物品
480324,staff_(music),0,1981,乐谱杖,物品
400656,red_hood,0,1980,红色兜帽,服装
1469769,grey_sleeves,0,1980,灰色袖子,服装
671484,stuffed_shark,0,1979,毛绒鲨鱼,物品
444545,pocky_kiss,0,1977,百奇吻,NSFW
669791,futa_with_futa,0,1977,扶她与扶她,NSFW
1657712,veiny_arms,0,1977,静脉臂,身体
1296346,stationary_restraints,0,1976,固定束缚,NSFW
473312,camellia,0,1976,山茶花,物品
2006757,unworn_bikini_top,0,1972,未穿比基尼上,服装
542882,against_railing,0,1969,靠栏杆,姿势
643516,pyrokinesis,0,1969,火能,风格
501689,body_hair,0,1968,体毛,身体
670994,chocolate_on_body,0,1967,身上巧克力,NSFW
469368,striped_gloves,0,1967,条纹手套,服装
10562,truck,0,1964,卡车,背景
1518970,pectoral_grab,0,1963,抓胸肌,NSFW
430449,spine,0,1962,脊柱,身体
504308,redesign,0,1962,重新设计,风格
523847,omurice,0,1961,蛋包饭,物品
1161092,2024,0,1961,2024,文本
671651,hair_ears,0,1960,头发耳,特征
1410489,shower_(place),0,1959,淋浴处,背景
709214,alternate_skin_color,0,1959,备用肤色,身体
1361800,bow_earrings,0,1959,蝴蝶结耳环,服装
557675,no_wings,0,1958,无翅膀,特征
1326818,fur-trimmed_kimono,0,1958,毛边和服,服装
723924,very_long_fingernails,0,1958,极长指甲,身体
1339824,cropped_hoodie,0,1958,短卫衣,服装
1365638,bandaid_on_hand,0,1954,手创可贴,服装
1761435,onee-loli,0,1953,姐姐萝莉,角色
476416,biker_clothes,0,1952,机车服,服装
1637102,doughnut_hair_bun,0,1951,甜甜圈发髻,头发
423915,wooden_sword,0,1951,木剑,物品
1782264,sticker_on_face,0,1951,脸上贴纸,表情
585862,reach-around,0,1949,从后伸手,NSFW
1372846,pink_pajamas,0,1948,粉色睡衣,服装
600401,wooden_fence,0,1946,木栅栏,背景
610944,mixed_media,0,1946,混合媒介,风格
1373026,green-framed_eyewear,0,1946,绿框眼镜,服装
1293722,bandaged_neck,0,1945,绷带颈,服装
9781,pacifier,0,1945,奶嘴,物品
472201,baguette,0,1944,法棍,物品
1342774,rabbit_house_uniform,0,1944,兔屋制服,服装
1926,chart,0,1943,图表,物品
1373018,striped_kimono,0,1943,条纹和服,服装
1637843,crescent_facial_mark,0,1942,新月脸标记,身体
659938,poker_chip,0,1942,扑克筹码,物品
1265402,heart_balloon,0,1941,爱心气球,物品
10399,x,0,1939,X,物品
16695,magnifying_glass,0,1938,放大镜,物品
8775,mahjong,0,1937,麻将,物品
1402459,blue_cloak,0,1937,蓝色斗篷,服装
1501189,stitched_face,0,1937,缝合脸,表情
8918,inflation,0,1936,膨胀,NSFW
545758,wisteria,0,1935,紫藤,物品
1457953,sparse_pubic_hair,0,1934,稀疏阴毛,NSFW
603830,on_person,0,1934,在人上,姿势
538158,shared_food,0,1933,共食物,姿势
760104,hand_on_another's_waist,0,1932,手放别人腰,姿势
626479,orange_slice,0,1928,橙片,物品
1342945,behind_another,0,1928,在别人后,姿势
442852,old_woman,0,1928,老女人,人物
416448,yagasuri,0,1927,矢柄,图案
415310,overgrown,0,1927,过长,头发
394997,sweatpants,0,1927,运动裤,服装
602058,shoulder_strap,0,1927,肩带,服装
541729,rotational_symmetry,0,1926,旋转对称,风格
399302,drying,0,1926,晾干,姿势
550778,checkerboard_cookie,0,1926,棋盘饼干,物品
556841,sitting_on_stairs,0,1925,坐在楼梯上,姿势
1442004,eyewear_on_headwear,0,1925,眼镜戴头饰,服装
476602,kusazuri,0,1925,草摺,服装
405026,large_insertion,0,1924,大插入,NSFW
452157,hagoita,0,1923,羽子板,物品
1514129,sunburst_background,0,1923,日出背景,背景
1696268,cowboy_western,0,1922,牛仔西部,风格
1314748,pink_collar,0,1922,粉色项圈,服装
1488134,brown_horns,0,1922,棕色角,特征
501344,fallen_down,0,1921,倒下,姿势
1684797,grabbing_another's_chin,0,1920,抓别人下巴,姿势
387935,spirit,0,1920,精灵,角色
410111,bowing,0,1920,鞠躬,姿势
488193,slap_mark,0,1918,打痕,表情
612104,respirator,0,1918,呼吸器,服装
2006761,unworn_boots,0,1918,未穿靴,服装
1415469,torpedo_tubes,0,1914,鱼雷管,物品
465754,spanking,0,1911,打屁股,NSFW
2812,ramune,0,1911,拉姆尼,物品
612635,sidesaddle,0,1908,侧鞍,姿势
396872,ribbon_bondage,0,1905,丝带束缚,NSFW
1598686,male_playboy_bunny,0,1902,男性兔男郎,角色
453719,plant_girl,0,1900,植物女孩,角色
475794,column,0,1900,柱,背景
1373313,excessive_pubic_hair,0,1899,过多阴毛,NSFW
1086828,bow_(music),0,1899,弓乐器,物品
493565,timestamp,0,1899,时间戳,文本
457418,fighter_jet,0,1898,战斗机,物品
537025,thigh_belt,0,1898,大腿带,服装
414700,buttjob,0,1897,臀交,NSFW
489995,bulletproof_vest,0,1897,防弹背心,服装
1515355,black_theme,0,1896,黑色主题,风格
587202,shoelaces,0,1895,鞋带,服装
701996,nipple_bar,0,1894,乳头棒,NSFW
1452545,kibito_high_school_uniform,0,1893,吉备高校服,服装
664350,tail_censor,0,1892,尾审查,NSFW
401422,screen,0,1892,屏幕,物品
1414657,purple_capelet,0,1892,紫色小披风,服装
1304063,yellow_bag,0,1891,黄色包,物品
1373454,instagram_username,0,1890,Instagram用户名,艺术家
1467809,3others,0,1889,3个其他,人物数量
1602480,index_fingers_together,0,1888,食指合,姿势
483333,pavement,0,1888,人行道,背景
1409636,furrification,0,1888,毛茸化,风格
695232,mismatched_pubic_hair,0,1887,不匹配阴毛,NSFW
587990,bodice,0,1885,紧身胸衣,服装
2075818,nike_(company),0,1884,耐克,文本
11754,neck,0,1882,颈,身体
1376893,pink_eyeshadow,0,1882,粉色眼影,服装
628115,open_window,0,1881,开窗,背景
1678267,palette_(object),0,1880,调色板物体,物品
688960,holding_pillow,0,1879,拿枕头,姿势
461401,treasure_chest,0,1879,宝箱,物品
459174,dress_tug,0,1878,拉连衣裙,姿势
615369,blue_sclera,0,1877,蓝色巩膜,眼睛
11745,breast_smother,0,1875,胸闷,NSFW
15578,eagle,0,1875,鹰,角色
624870,imminent_fellatio,0,1875,即将口交,NSFW
379164,messy,0,1874,凌乱,表情
661864,pink_belt,0,1874,粉色腰带,服装
395436,reindeer_costume,0,1873,驯鹿服装,服装
1505167,simplified_chinese_text,0,1873,简体中文文本,文本
1258091,ribbon-trimmed_collar,0,1870,丝带装饰领,服装
418781,pet_play,0,1869,宠物玩法,NSFW
581056,multiple_braids,0,1868,多辫,头发
695246,hakama_pants,0,1867,袴裤,服装
482956,caution_tape,0,1867,警告带,物品
607070,caressing_testicles,0,1864,爱抚睾丸,NSFW
1375732,snap-fit_buckle,0,1864,卡扣,服装
549281,in_the_face,0,1863,在脸上,姿势
14860,chef,0,1861,厨师,角色
1262922,head_on_another's_shoulder,0,1861,头靠别人肩,姿势
1835746,pink_one-piece_swimsuit,0,1860,粉色连体泳装,服装
531186,gold_armor,0,1860,金铠甲,服装
629555,desk_lamp,0,1860,台灯,物品
1307726,magatama_earrings,0,1860,勾玉耳环,服装
399246,stadium,0,1859,体育场,背景
663896,hand_on_another's_neck,0,1858,手放别人颈,姿势
1349162,holding_balloon,0,1858,拿气球,姿势
1373027,brown-framed_eyewear,0,1857,棕框眼镜,服装
1464853,blue-tinted_eyewear,0,1857,蓝染眼镜,服装
442232,scarlet_devil_mansion,0,1856,红魔馆,背景
1328688,moon_(ornament),0,1856,月饰,物品
1924272,buttoned_cuffs,0,1855,扣袖口,服装
12083,graveyard,0,1855,墓地,背景
508969,cow_boy,0,1855,牛男,角色
392935,tree_stump,0,1854,树桩,物品
507655,freediving,0,1853,自由潜水,姿势
444634,torn,0,1853,破损,服装
406104,psychic,0,1853,超能力,风格
412357,lounge_chair,0,1851,躺椅,物品
3489,dinosaur,0,1851,恐龙,角色
1374895,spiked_tail,0,1850,尖刺尾,特征
1185237,hair_in_own_mouth,0,1849,嘴里头发,表情
545201,micro_panties,0,1849,超小内裤,服装
1672391,viewer_holding_leash,0,1848,观众抓绳,NSFW
1223536,banknote,0,1844,钞票,物品
520939,wiping_tears,0,1843,擦泪,表情
723185,stone_floor,0,1838,石地板,背景
393579,mechanical_pencil,0,1837,自动铅笔,物品
380,priest,0,1837,神父,角色
671725,purple_eyeshadow,0,1837,紫色眼影,服装
1326209,yellow_sash,0,1836,黄色腰带,服装
995808,penis_size_difference,0,1836,阴茎大小差,NSFW
427833,palms,0,1835,手掌,身体
585009,sword_over_shoulder,0,1834,剑肩上,姿势
476495,dowsing_rod,0,1834,探水棒,物品
389416,impaled,0,1833,被刺穿,NSFW
376147,hanging,0,1832,悬挂,姿势
9587,love_letter,0,1832,情书,物品
362945,garden,0,1830,花园,背景
1791857,painting_(action),0,1829,绘画动作,姿势
16135,cotton_candy,0,1827,棉花糖,物品
705858,partially_underwater_shot,0,1826,部分水下镜头,风格
1367101,holding_scissors,0,1826,拿剪刀,姿势
162717,triforce,0,1825,三角力量,物品
665766,carrying_under_arm,0,1824,臂下扛,姿势
1288040,incoming_food,0,1823, incoming食物,物品
444567,tail_wrap,0,1821,尾缠,姿势
1399177,brown_cloak,0,1821,棕色斗篷,服装
903375,flip_phone,0,1820,翻盖手机,物品
414232,cum_on_hands,0,1820,手射,NSFW
464552,cucumber,0,1820,黄瓜,物品
1425103,body_freckles,0,1820,身体雀斑,身体
565907,utaite,0,1820,歌唱者,角色
487203,overcast,0,1819,阴天,背景
488375,rainbow_gradient,0,1818,彩虹渐变,风格
2062461,chibi_only,0,1817,只Q版,风格
533100,sitting_on_object,0,1817,坐在物体上,姿势
712801,pussy_piercing,0,1817,阴户穿孔,NSFW
419304,crosswalk,0,1817,人行横道,背景
1559079,light_areolae,0,1815,浅乳晕,NSFW
496388,._.,0,1815,._ .表情,表情
494932,hickey,0,1814,吻痕,NSFW
1302628,ace_(playing_card),0,1811,A牌,物品
5873,confession,0,1811,告白,文本
5323,kettle,0,1811,水壶,物品
1317361,multicolored_bow,0,1810,多色蝴蝶结,服装
492764,heart_tail,0,1809,爱心尾,特征
1259138,mole_on_ass,0,1808,臀痣,身体
564789,romper,0,1806,连体裤,服装
1537058,diamond_cutout,0,1805,钻石开洞,服装
1410984,kuromorimine_school_uniform,0,1804,黑森峰校服,服装
469396,role_reversal,0,1803,角色反转,风格
6303,naginata,0,1803,薙刀,物品
674500,large_testicles,0,1803,大睾丸,NSFW
609486,single_strap,0,1803,单肩带,服装
10429,shinsengumi,0,1802,新选组,角色
598269,kissing_forehead,0,1801,亲额头,NSFW
615984,bendy_straw,0,1801,弯吸管,物品
511641,single_pantsleg,0,1800,单裤腿,服装
475249,large_wings,0,1799,大翅膀,特征
568512,bird_on_shoulder,0,1799,肩上鸟,姿势
389374,cat_teaser,0,1798,猫逗棒,物品
586366,prosthetic_leg,0,1797,假腿,身体
1426293,yasogami_school_uniform,0,1796,八神校服,服装
391175,stove,0,1795,炉子,物品
662045,lotion_bottle,0,1795,乳液瓶,物品
696698,gold_bikini,0,1795,金比基尼,服装
559601,cheering,0,1794,欢呼,表情
661553,grey_belt,0,1794,灰色腰带,服装
1560,mascot,0,1793,吉祥物,角色
1470859,black_garter_straps,0,1793,黑色吊袜带,服装
686531,undone_necktie,0,1791,解开领带,服装
1413926,orange_sailor_collar,0,1791,橙色水手领,服装
661926,ankle_strap,0,1791,踝带,服装
1424925,holding_needle,0,1790,拿针,姿势
660817,opening_door,0,1789,开门,姿势
1493305,heel_up,0,1789,抬脚跟,姿势
1465373,triangle_earrings,0,1789,三角耳环,服装
578012,talking_on_phone,0,1787,打电话,姿势
391475,fireflies,0,1786,萤火虫,物品
1259665,bow_choker,0,1786,蝴蝶结项圈,服装
646459,striped_shorts,0,1786,条纹短裤,服装
58241,platform_heels,0,1786,厚底高跟,服装
420607,delinquent,0,1785,不良,角色
1276269,ribbed_sleeves,0,1785,罗纹袖,服装
609657,animal_hug,0,1784,动物抱,姿势
393602,severed_head,0,1784,斩首,表情
1478379,dress_flower,0,1784,连衣裙花,物品
1349438,animal_bag,0,1783,动物包,物品
1592986,rabbit_boy,0,1783,兔男,角色
1441520,horns_through_headwear,0,1783,角穿过头饰,特征
601192,mechanical_hands,0,1783,机械手,特征
1354736,green_flower,0,1782,绿色花,物品
405444,helicopter,0,1782,直升机,物品
431361,baseball_mitt,0,1782,棒球手套,物品
541262,disgust,0,1782,厌恶,表情
330013,pie,0,1780,派,物品
613128,embellished_costume,0,1779,装饰服装,服装
526470,thighhighs_pull,0,1778,拉过膝袜,服装
467745,japanese_flag,0,1777,日本旗,物品
8234,radio,0,1777,收音机,物品
1467811,6+others,0,1776,6+其他,人物数量
877384,hooded_robe,0,1773,连帽长袍,服装
600460,group_picture,0,1772,团体照,姿势
384969,intravenous_drip,0,1772,静脉滴注,物品
437614,boned_meat,0,1772,带骨肉,物品
1505130,german_text,0,1771,德文文本,文本
15227,screentones,0,1770,网点,风格
1494956,purple-tinted_eyewear,0,1768,紫染眼镜,服装
592445,venus_symbol,0,1767,金星符号,物品
420884,countdown,0,1767,倒计时,文本
618406,yellow_pants,0,1766,黄色裤子,服装
1318253,purple_fur,0,1766,紫毛,身体
1861756,straddling_paizuri,0,1766,跨坐乳交,NSFW
1593160,unusually_open_eyes,0,1765,异常睁眼,表情
1399082,heart_button,0,1765,爱心纽扣,服装
2839,lube,0,1763,润滑剂,NSFW
439406,shiba_inu,0,1763,柴犬,角色
1237065,sunflower_hair_ornament,0,1762,向日葵发饰,头发
466411,invisible_penis,0,1761,隐形阴茎,NSFW
374515,hawaiian_shirt,0,1761,夏威夷衫,服装
1287846,ammunition_pouch,0,1761,弹药袋,物品
667190,plate_armor,0,1761,板甲,服装
2660,lettuce,0,1759,生菜,物品
485203,video_game,0,1758,电子游戏,物品
8617,potion,0,1757,药水,物品
374573,centaur,0,1757,半人马,角色
1377225,bruise_on_face,0,1757,脸瘀伤,表情
1820926,sleeveless_turtleneck_leotard,0,1756,无袖高领紧身衣,服装
501337,39,0,1756,39,文本
689483,plaid_jacket,0,1756,格子外套,服装
668383,lace-trimmed_sleeves,0,1754,蕾丝装饰袖,服装
636872,lizard_tail,0,1753,蜥蜴尾,特征
1411229,orange_neckerchief,0,1752,橙色领巾,服装
1781886,stroking_own_chin,0,1752,抚下巴,姿势
1476481,multicolored_horns,0,1751,多色角,特征
1325039,oral_invitation,0,1750,口交邀请,NSFW
646260,pointless_condom,0,1749,无意义避孕套,NSFW
1373700,grid_background,0,1748,网格背景,背景
397693,shikigami,0,1748,式神,角色
1516826,drinking_straw_in_mouth,0,1748,嘴里吸管,表情
398110,diving_suit,0,1748,潜水服,服装
580394,dirndl,0,1748,德国传统女装,服装
1501551,sakuramon,0,1748,樱花纹,物品
1440480,holding_water_gun,0,1747,拿水枪,姿势
1386173,pixiv_username,0,1747,pixiv用户名,艺术家
656250,arm_between_breasts,0,1746,臂乳沟间,姿势
1553320,two-tone_headwear,0,1746,双色头饰,服装
1349919,brown_bowtie,0,1746,棕色领结,服装
543408,real_world_location,0,1746,现实地点,背景
451782,brushing_teeth,0,1743,刷牙,姿势
460511,hand_puppet,0,1742,手偶,物品
781851,user_interface,0,1741,用户界面,文本
442863,heckler_&_koch,0,1740,Heckler & Koch,文本
374909,whispering,0,1740,低语,表情
434522,gym_storeroom,0,1740,体育储物室,背景
578544,leg_armor,0,1738,腿甲,服装
405498,panda_ears,0,1738,熊猫耳,特征
1346802,spiked_shell,0,1738,尖刺壳,物品
394989,hexagon,0,1737,六边形,物品
1436311,u.a._school_uniform,0,1737,雄英校服,服装
535,molestation,0,1736,猥亵,NSFW
503126,ribbon_in_mouth,0,1735,嘴里丝带,表情
1295529,frilled_shorts,0,1735,褶边短裤,服装
1392009,green_bodysuit,0,1734,绿色紧身衣,服装
449943,stab,0,1734,刺,NSFW
395712,christmas_lights,0,1734,圣诞灯,物品
480571,mechanization,0,1733,机械化,风格
569173,spread_pussy_under_clothes,0,1733,衣服下张阴户,NSFW
479250,tricorne,0,1732,三角帽,服装
815986,fortissimo,0,1732,强音,物品
410544,handkerchief,0,1730,手帕,物品
421056,spiked_club,0,1729,尖刺棍,物品
549142,yes-no_pillow,0,1728,是非枕,物品
1282898,cloth_gag,0,1727,布口塞,NSFW
8803,cleaning,0,1724,打扫,姿势
389933,harem_pants,0,1724,后宫裤,服装
3197,takoyaki,0,1721,章鱼烧,物品
457562,fake_mustache,0,1721,假胡子,身体
656303,shirt_in_mouth,0,1721,嘴里衬衫,表情
9348,wheelchair,0,1720,轮椅,物品
642015,expressive_hair,0,1720,表情头发,头发
399269,tablecloth,0,1719,桌布,物品
1886311,in-franchise_crossover,0,1716,同作品跨,风格
663848,naked_kimono,0,1714,只穿和服,服装
410102,yes,0,1713,是,文本
452581,vibrator_under_panties,0,1712,内裤下振动器,NSFW
1504221,purple_tail,0,1712,紫尾,特征
593696,leather_gloves,0,1712,皮手套,服装
2145,juice,0,1711,果汁,物品
546044,sleeveless_hoodie,0,1710,无袖卫衣,服装
632854,naked_hoodie,0,1710,只穿卫衣,服装
1409470,multicolored_coat,0,1709,多色大衣,服装
1443767,team_rocket_uniform,0,1709,火箭队制服,服装
500820,stone_lantern,0,1708,石灯笼,物品
12254,tribal,0,1708,部落,角色
1797270,colored_shoe_soles,0,1707,彩色鞋底,服装
1791399,neck_fur,0,1706,颈毛,身体
1328687,earth_(ornament),0,1706,地球饰,物品
614276,bow_legwear,0,1703,蝴蝶结腿装,服装
251194,gym,0,1702,健身房,背景
468159,sparkler,0,1702,烟花棒,物品
1531641,light_blue_background,0,1702,浅蓝背景,背景
501095,berry,0,1702,浆果,物品
1940710,mustache_stubble,0,1702,胡子茬,身体
1403859,3d_background,0,1701,3D背景,风格
2006135,greco-roman_clothes,0,1701,希腊罗马服装,服装
600052,butterfly_on_hand,0,1701,手上蝴蝶,姿势
479141,raised_fist,0,1700,举拳,姿势
1542756,turtleneck_leotard,0,1699,高领紧身衣,服装
492677,bolo_tie,0,1697,领带,服装
457946,stone_wall,0,1695,石墙,背景
500152,breathing_fire,0,1694,喷火,表情
1235654,gradient_clothes,0,1693,渐变衣服,服装
1595384,blank_censor,0,1693,空白审查,NSFW
1340897,blue_feathers,0,1693,蓝色羽毛,特征
5632,laser,0,1692,激光,背景
536429,cupping_hands,0,1692,捧手,姿势
424682,horse_penis,0,1691,马阴茎,NSFW
478497,sleep_mask,0,1691,睡眼罩,服装
10125,halberd,0,1690,戟,物品
2006849,unworn_bag,0,1689,未穿包,服装
388093,hakurei_reimu_(cosplay),0,1689,博丽灵梦cosplay,角色
595751,ass_cutout,0,1688,臀开洞,服装
413721,latex_gloves,0,1687,乳胶手套,服装
1810603,back_focus,0,1685,背焦点,姿势
656386,hands_on_another's_cheeks,0,1685,手放别人脸颊,姿势
1372592,bath_yukata,0,1685,浴浴衣,服装
1397373,year_of_the_dragon,0,1685,龙年,文本
590941,santa_boots,0,1684,圣诞靴,服装
480430,bear_print,0,1683,熊印花,服装
12086,globe,0,1681,地球仪,物品
9590,jersey,0,1681,运动衫,服装
1424211,sakugawa_school_uniform,0,1681,樱川校服,服装
1427360,gold_choker,0,1680,金项圈,服装
11998,open_robe,0,1678,敞开长袍,服装
395851,log,0,1678,木头,物品
1249520,drawing_bow,0,1677,拉弓,姿势
8411,sheet_music,0,1677,乐谱,物品
698204,multiple_piercings,0,1676,多穿孔,NSFW
1641153,icho_private_high_school_uniform,0,1676,银杏私立高校服,服装
1251057,ginkgo_leaf,0,1674,银杏叶,物品
822829,suspended_congress,0,1671,吊性交,NSFW
477355,chainmail,0,1671,锁子甲,服装
713479,2014,0,1670,2014,文本
1874891,object_through_head,0,1669,物体穿头,NSFW
453530,power_suit,0,1668,动力服,服装
1582502,scar_on_stomach,0,1668,腹伤疤,身体
1957010,strongman_waist,0,1667,强人腰,身体
494781,makizushi,0,1666,卷寿司,物品
1334561,loose_bowtie,0,1665,松领结,服装
610123,forehead-to-forehead,0,1664,额头贴额头,姿势
724478,pink_wings,0,1663,粉色翅膀,特征
1793460,cooperative_paizuri,0,1662,合作乳交,NSFW
472922,inset,0,1661,插图,风格
537130,arm_blade,0,1661,臂刃,物品
632801,blue_tongue,0,1659,蓝舌,身体
510646,blue_pupils,0,1658,蓝色瞳孔,眼睛
666658,grey_bikini,0,1658,灰色比基尼,服装
631074,tropical_fish,0,1658,热带鱼,角色
416904,cat_on_head,0,1656,头上猫,姿势
2006764,unworn_sandals,0,1656,未穿凉鞋,服装
1347286,yellow_coat,0,1654,黄色大衣,服装
558489,white_armor,0,1654,白色铠甲,服装
411563,forked_tongue,0,1653,分叉舌,身体
382610,skateboard,0,1653,滑板,物品
1465616,eyewear_strap,0,1653,眼镜带,服装
1859633,a_certain_high_school_uniform,0,1651,某高校服,服装
537783,bamboo_broom,0,1649,竹扫帚,物品
1238314,transparent_wings,0,1649,透明翅膀,特征
473249,print_bra,0,1648,印花胸罩,服装
378038,pentacle,0,1648,五角星,物品
468165,mixing_bowl,0,1647,搅拌碗,物品
1353065,falling_feathers,0,1647,落羽,背景
1981666,gun_sling,0,1646,枪背带,物品
1646953,shimaidon_(sex),0,1645,姐妹共夫,NSFW
9355,humiliation,0,1645,羞辱,NSFW
708149,blue_armor,0,1644,蓝色铠甲,服装
456305,pink_pantyhose,0,1644,粉色连裤袜,服装
1481466,purple_horns,0,1644,紫色角,特征
3334,kigurumi,0,1643,着ぐるみ,服装
721466,pointy_nose,0,1643,尖鼻,身体
497295,happi,0,1643,法被,服装
496608,master_sword,0,1643,大师剑,物品
179157,tent,0,1642,帐篷,物品
505317,lily_of_the_valley,0,1642,铃兰,物品
1507608,h&k_hk416,0,1642,H&K HK416,物品
1682706,phoenix_crown,0,1641,凤凰冠,服装
629461,duffel_coat,0,1638,粗呢大衣,服装
891632,artificial_eye,0,1638,假眼,身体
637282,pants_rolled_up,0,1637,裤卷起,服装
2006759,unworn_gloves,0,1636,未戴手套,服装
1332978,short_jumpsuit,0,1636,短连身裤,服装
652002,no_lineart,0,1635,无线稿,风格
711344,hand_on_own_shoulder,0,1635,手放自己肩,姿势
419288,cum_on_feet,0,1634,脚射,NSFW
664061,grey_ribbon,0,1634,灰色丝带,服装
632009,blonde_pubic_hair,0,1634,金阴毛,NSFW
3408,origami,0,1634,折纸,物品
703456,sorcerer's_sutra_scroll,0,1634,魔法师经卷,物品
12727,phonograph,0,1633,留声机,物品
518732,anilingus,0,1633,舔肛,NSFW
373823,ketchup,0,1633,番茄酱,物品
1925772,volleyball_(object),0,1632,排球物体,物品
392251,fireplace,0,1632,壁炉,物品
1665347,full-body_tattoo,0,1630,全身纹身,身体
1845182,guiding_hand,0,1629,引导手,姿势
551591,deerstalker,0,1629,猎鹿帽,服装
1327857,red_apron,0,1629,红色围裙,服装
1023597,large_hands,0,1628,大手,身体
1518587,striped_headwear,0,1628,条纹头饰,服装
1637827,star_facial_mark,0,1627,星星脸标记,身体
1375970,hair_flowing_over,0,1627,头发流过,头发
451184,holographic_interface,0,1626,全息界面,物品
635016,broken_chain,0,1626,破链,物品
1465100,grey_sports_bra,0,1626,灰色运动胸罩,服装
1302681,orange_pants,0,1625,橙色裤子,服装
1294981,digitigrade,0,1625,兽足,身体
507520,goat_girl,0,1625,山羊女孩,角色
1558733,tulip_hat,0,1625,郁金香帽,服装
1549885,crane_(machine),0,1622,起重机,物品
588173,sex_machine,0,1621,性机器,NSFW
533771,kitchen_knife,0,1620,菜刀,物品
381954,untying,0,1620,解开,姿势
1603616,blunt_tresses,0,1618,钝发尾,头发
1240006,bishamonten's_pagoda,0,1618,毘沙门天宝塔,物品
414107,gamepad,0,1617,游戏手柄,物品
626246,crystal_hair,0,1616,水晶头发,头发
530749,orange_pantyhose,0,1615,橙色连裤袜,服装
683919,ajirogasa,0,1615,编笠,服装
1589331,off-shoulder_bikini,0,1615,露肩比基尼,服装
1534682,aqua_headwear,0,1614,水色头饰,服装
473470,wrist_guards,0,1613,腕护,服装
481054,grey_bra,0,1612,灰色胸罩,服装
426371,through_wall,0,1612,穿墙,姿势
1934523,arched_bangs,0,1612,拱刘海,头发
431374,curtsey,0,1611,屈膝礼,姿势
504744,load_bearing_vest,0,1611,负重背心,服装
13916,tempura,0,1610,天妇罗,物品
324075,ballerina,0,1610,芭蕾舞者,角色
61654,tail_grab,0,1609,抓尾巴,姿势
1522714,broken_halo,0,1609,破光环,特征
563461,full-length_zipper,0,1608,全长拉链,服装
590857,okamisty,0,1608,冈美斯蒂,文本
1923,truth,0,1607,真相,文本
3493,voyeurism,0,1607,偷窥,NSFW
638293,novel_cover,0,1607,小说封面,风格
1201168,undressing_another,0,1607,脱别人衣服,姿势
1335609,cross_print,0,1604,十字印花,服装
659417,mechanical_ears,0,1604,机械耳,特征
628425,tiered_tray,0,1604,层盘,物品
585400,inverted_cross,0,1603,倒十字,物品
677487,brown_wings,0,1603,棕色翅膀,特征
572582,masturbation_through_clothes,0,1602,隔衣自慰,NSFW
557999,wiping_face,0,1602,擦脸,表情
1430735,black_garter_belt,0,1601,黑色吊袜带,服装
643912,tail_piercing,0,1601,尾穿孔,NSFW
617594,alternate_weapon,0,1600,备用武器,物品
629694,leopard_tail,0,1598,豹尾,特征
1476395,pokemon_on_shoulder,0,1598,肩上宝可梦,姿势
450649,shin_guards,0,1597,护胫,服装
483079,shards,0,1597,碎片,物品
383835,runes,0,1596,符文,物品
1835740,purple_one-piece_swimsuit,0,1595,紫色连体泳装,服装
389021,deer,0,1595,鹿,角色
211997,battle_axe,0,1595,战斧,物品
410474,picnic_basket,0,1594,野餐篮,物品
1440492,green_capelet,0,1593,绿色小披风,服装
663918,holding_fishing_rod,0,1592,拿钓竿,姿势
518510,dust_cloud,0,1592,尘云,背景
6259,park,0,1591,公园,背景
4577,snorkel,0,1591,通气管,物品
519211,ryona,0,1591,凌辱,NSFW
1916642,grey_halo,0,1591,灰色光环,特征
1416877,two-tone_footwear,0,1590,双色鞋,服装
466838,walkie-talkie,0,1589,对讲机,物品
1454017,debt,0,1589,债务,文本
16601,overcoat,0,1588,大衣,服装
460553,no_eyebrows,0,1588,无眉,表情
1781164,gem_(symbol),0,1587,宝石符号,物品
798294,club_(shape),0,1585,梅花形状,物品
583212,fingering_through_clothes,0,1585,隔衣指交,NSFW
418106,dark_penis,0,1585,深阴茎,NSFW
525108,hands_on_feet,0,1584,手放脚,姿势
525748,dakimakura_(object),0,1584,抱枕物体,物品
649700,full-package_futanari,0,1584,全包扶她,角色
1775923,circled_9,0,1584,圈9,物品
1258484,key_necklace,0,1584,钥匙项链,服装
1309935,notched_ear,0,1584,缺口耳,特征
389703,ema,0,1583,绘马,物品
547391,winged_footwear,0,1582,翼鞋,服装
1298917,brown_apron,0,1582,棕色围裙,服装
447287,high_kick,0,1581,高踢,姿势
494162,monkey_ears,0,1581,猴耳,特征
1494953,pink-tinted_eyewear,0,1580,粉染眼镜,服装
1554055,fiery_horns,0,1580,火焰角,特征
662488,palms_together,0,1579,双手合十,姿势
652982,visor_(armor),0,1578,面罩,服装
1421046,holding_cane,0,1578,拿手杖,姿势
701116,weighing_scale,0,1577,秤,物品
1360843,neckwear_grab,0,1577,抓颈饰,姿势
1931519,uneven_horns,0,1577,不对称角,特征
542830,chest_of_drawers,0,1576,抽屉柜,物品
389647,clock_tower,0,1576,钟楼,背景
473050,crate,0,1576,板条箱,物品
1584543,pokedex_number,0,1574,图鉴编号,文本
1376753,crescent_print,0,1573,新月印花,服装
707535,school_emblem,0,1573,学校徽章,物品
389048,donation_box,0,1572,捐款箱,物品
1350077,mask_around_neck,0,1572,面具挂颈,服装
1283735,grey_nails,0,1571,灰指甲,服装
8260,ferris_wheel,0,1571,摩天轮,物品
1448822,brown_hoodie,0,1571,棕色卫衣,服装
1303272,print_jacket,0,1570,印花外套,服装
1406765,jaguar_ears,0,1570,美洲豹耳,特征
408186,frottage,0,1569,摩擦,NSFW
603398,lace-trimmed_skirt,0,1569,蕾丝装饰裙,服装
433212,bookmark,0,1569,书签,物品
658981,open_belt,0,1569,敞开腰带,服装
1514232,breast_focus,0,1568,乳焦点,身体
469426,tiger_stripes,0,1568,虎纹,服装
1076527,sidecut,0,1568,侧削,头发
1257558,round_image,0,1567,圆图像,风格
593015,finger_to_face,0,1567,手指放脸,姿势
427020,stepped_on,0,1567,被踩,NSFW
1780,cow,0,1566,牛,角色
507338,fishnet_gloves,0,1566,渔网手套,服装
963327,yordle,0,1565,约德尔,角色
498369,naked_bandage,0,1564,只裹绷带,服装
491621,cheek_bulge,0,1564,脸颊鼓起,表情
1227348,back-seamed_legwear,0,1563,后缝腿装,服装
408474,flashlight,0,1563,手电筒,物品
11216,soup,0,1562,汤,物品
534114,cocktail_dress,0,1561,鸡尾酒裙,服装
564677,playstation_controller,0,1558,PS手柄,物品
539990,tail_between_legs,0,1558,尾夹腿,姿势
1691576,two-tone_bodysuit,0,1558,双色紧身衣,服装
4930,doctor,0,1557,医生,角色
652468,brown_bikini,0,1557,棕色比基尼,服装
684234,perpendicular_paizuri,0,1556,垂直乳交,NSFW
1854330,purple_halo,0,1556,紫色光环,特征
562826,slapping,0,1554,打,NSFW
330372,sausage,0,1553,香肠,物品
393169,torn_jeans,0,1551,破牛仔裤,服装
1478006,holding_vegetable,0,1549,拿蔬菜,姿势
1230150,leg_between_thighs,0,1549,腿夹腿,NSFW
1437142,purple_hoodie,0,1549,紫色卫衣,服装
399061,camcorder,0,1548,摄像机,物品
686725,sunflower_field,0,1548,向日葵田,背景
1601080,animal_ear_legwear,0,1547,动物耳腿装,服装
1396963,holding_hose,0,1546,拿软管,姿势
374948,school_briefcase,0,1545,学校公文包,物品
524686,hand_net,0,1545,捕虫网,物品
1325030,new_school_swimsuit,0,1545,新校泳装,服装
374749,heartbeat,0,1545,心跳,表情
1429613,tomoeda_elementary_school_uniform,0,1544,友枝小学服,服装
1499340,sphere_earrings,0,1544,球耳环,服装
670923,bat_girl,0,1544,蝙蝠女孩,角色
1976343,hoop_piercing,0,1544,圈穿孔,NSFW
1335718,vibrator_cord,0,1541,振动器线,物品
595244,hamaya,0,1541,破魔矢,物品
646372,asa_no_ha_(pattern),0,1541,麻叶纹,图案
724856,low_neckline,0,1540,低领,服装
1262645,yellow_apron,0,1540,黄色围裙,服装
555432,head_down,0,1539,低头,姿势
1393881,green_bag,0,1539,绿色包,物品
662440,konohagakure_symbol,0,1539,木叶符号,物品
388798,hatsune_miku_(cosplay),0,1539,初音未来cosplay,角色
1374287,ribbed_bodysuit,0,1538,罗纹紧身衣,服装
496346,impossible_swimsuit,0,1536,不可能泳装,服装
471805,pastel_colors,0,1536,柔和颜色,风格
515008,cum_on_self,0,1535,自己射,NSFW
1306233,triangle_print,0,1535,三角印花,服装
443587,sunscreen,0,1533,防晒霜,物品
608070,boxer_briefs,0,1533,平角内裤,服装
4861,lighter,0,1532,打火机,物品
699876,imminent_anal,0,1532,即将肛交,NSFW
476199,striped_sweater,0,1531,条纹毛衣,服装
1349107,candy_hair_ornament,0,1531,糖果发饰,头发
637922,2013,0,1531,2013,文本
516011,playstation_portable,0,1529,PSP,物品
9396,april_fools,0,1529,愚人节,文本
381861,\o/,0,1528,\o/姿势,姿势
645622,sleeveless_coat,0,1528,无袖大衣,服装
513421,acrylic_paint_(medium),0,1528,丙烯颜料媒介,风格
2006760,unworn_socks,0,1527,未穿袜,服装
522405,kanabou,0,1526,金棒,物品
721796,kesa,0,1526,袈裟,服装
596634,gradient_legwear,0,1526,渐变腿装,服装
705129,holding_jacket,0,1525,拿外套,姿势
726190,breast_conscious,0,1524,胸意识,表情
574252,mismatched_sleeves,0,1522,不匹配袖,服装
421282,pasta,0,1520,意大利面,物品
1637838,teardrop_facial_mark,0,1520,泪滴脸标记,身体
9628,scooter,0,1519,小摩托,物品
375527,kimono_skirt,0,1519,和服裙,服装
1070114,single_stripe,0,1518,单条纹,服装
1387512,orange_ascot,0,1518,橙色领巾,服装
657530,spoken_object,0,1517,说话物体,文本
1248044,tooth_necklace,0,1517,牙项链,服装
652996,salaryman,0,1517,上班族,角色
634911,photo_inset,0,1516,照片插图,风格
462342,after_rape,0,1516,强奸后,NSFW
1400652,torpedo_launcher,0,1515,鱼雷发射器,物品
565797,tropical_drink,0,1514,热带饮料,物品
460870,spell_card,0,1513,符卡,物品
431872,balancing,0,1512,平衡,姿势
16550,stream,0,1511,溪流,背景
440354,yo-yo,0,1511,悠悠球,物品
411779,ankh,0,1510,生命符,物品
1530487,off-shoulder_jacket,0,1510,露肩外套,服装
494464,uvula,0,1509,悬雍垂,身体
536575,cheek_press,0,1509,压脸颊,姿势
1411208,purple_neckerchief,0,1509,紫色领巾,服装
375718,daruma_doll,0,1509,达摩,物品
679286,faux_figurine,0,1507,仿人偶,物品
473618,clitoris_piercing,0,1507,阴蒂穿孔,NSFW
1501670,double_fox_shadow_puppet,0,1507,双狐狸手影,姿势
507478,aqua_panties,0,1506,水色内裤,服装
439288,basketball_uniform,0,1505,篮球服,服装
643517,purple_fire,0,1505,紫火,背景
2022180,sideless_shirt,0,1505,侧无衬衫,服装
380213,sponge,0,1504,海绵,物品
1355967,on_vehicle,0,1504,在车辆上,姿势
456589,leather_boots,0,1504,皮靴,服装
1940741,goatee_stubble,0,1504,山羊胡茬,身体
15307,werewolf,0,1504,狼人,角色
1391188,hand_tattoo,0,1504,手纹身,身体
396034,propeller,0,1503,螺旋桨,物品
439204,friends,0,1502,朋友,角色
441185,ballet_slippers,0,1502,芭蕾舞鞋,服装
1379921,camouflage_jacket,0,1502,迷彩外套,服装
570296,giving_up_the_ghost,0,1501,放弃灵魂,表情
575113,kimono_pull,0,1501,拉和服,服装
1880967,combat_helmet,0,1501,作战头盔,服装
665044,holding_own_tail,0,1500,抓自己尾,姿势
1391097,grey_neckerchief,0,1499,灰色领巾,服装
2370,cactus,0,1499,仙人掌,物品
554447,dark_aura,0,1497,黑暗光环,背景
1480073,brushing_another's_hair,0,1496,刷别人头发,姿势
1324575,tapir_tail,0,1496,貘尾,特征
1483316,single_horizontal_stripe,0,1494,单横条纹,服装
553041,flower_necklace,0,1494,花项链,服装
426749,2012,0,1494,2012,文本
1393951,dark_halo,0,1493,黑暗光环,特征
510652,flashback,0,1492,闪回,风格
46728,excited,0,1491,兴奋,表情
722706,jojo_pose,0,1491,JOJO姿势,姿势
629378,ruffling_hair,0,1490,揉头发,姿势
759865,accidental_exposure,0,1489,意外暴露,NSFW
1426900,white_bird,0,1489,白鸟,角色
16095,glomp,0,1488,扑抱,姿势
1287296,diving_mask_on_head,0,1488,潜水面具戴头上,服装
1235655,gradient_dress,0,1488,渐变连衣裙,服装
1542420,triangle_hair_ornament,0,1488,三角发饰,头发
413758,ammunition,0,1487,弹药,物品
403486,party_popper,0,1487,派对拉炮,物品
1583922,pointy_footwear,0,1487,尖鞋,服装
9706,snail,0,1485,蜗牛,角色
1677790,blood_on_knife,0,1485,刀有血,表情
563204,dumbbell,0,1484,哑铃,物品
573617,food-themed_clothes,0,1483,食物主题衣服,服装
1258750,mechanical_eye,0,1483,机械眼,身体
1509772,industrial_piercing,0,1483,工业穿孔,NSFW
424974,no_testicles,0,1482,无睾丸,NSFW
1409157,flower_tattoo,0,1482,花纹身,身体
1292445,torn_scarf,0,1481,破围巾,服装
433522,cheek_squash,0,1480,压脸颊,姿势
15305,steampunk,0,1480,蒸汽朋克,风格
1249322,hauchiwa,0,1480,羽团扇,物品
673693,kouhaku_nawa,0,1480,红白绳,物品
688469,spiked_choker,0,1480,尖刺项圈,服装
618804,aroused,0,1479,兴奋,表情
567961,sword_on_back,0,1478,剑背上,姿势
1336500,pointing_at_another,0,1477,指向别人,姿势
699449,raimon,0,1476,雷门,角色
11623,bad_end,0,1475,坏结局,风格
1411201,kiyosumi_school_uniform,0,1475,清澄校服,服装
644571,flock,0,1474,群,人物数量
5497,fountain,0,1474,喷泉,背景
1381675,holding_stylus,0,1474,拿触笔,姿势
492714,curry_rice,0,1474,咖喱饭,物品
1231611,arrow_through_heart,0,1474,箭穿心,表情
1582498,scar_on_leg,0,1474,腿伤疤,身体
489600,hedgehog,0,1474,刺猬,角色
642887,wiping_sweat,0,1473,擦汗,表情
473988,cooler,0,1473,冷却器,物品
1713829,mithra_(ff11),0,1472,米斯拉,角色
408561,lava,0,1472,熔岩,背景
575714,c:,0,1472,c:表情,表情
1586950,sobu_high_school_uniform,0,1472,总武高校服,服装
477993,bad_perspective,0,1470,坏透视,风格
384435,onmyouji,0,1470,阴阳师,角色
452907,chewing,0,1470,咀嚼,姿势
601148,huge_bow,0,1470,大蝴蝶结,服装
547034,guided_breast_grab,0,1470,引导抓胸,NSFW
592457,nippleless_clothes,0,1470,无乳头衣服,服装
8500,eggplant,0,1470,茄子,物品
501457,lalafell,0,1470,拉拉菲尔,角色
378567,robot_girl,0,1469,机器人女孩,角色
720999,aqua_jacket,0,1469,水色外套,服装
1860041,multiple_drawing_challenge,0,1469,多绘画挑战,风格
1473511,petals_on_liquid,0,1468,液体上花瓣,背景
558698,sig_sauer,0,1466,SIG Sauer,物品
653176,circle_skirt,0,1466,圆裙,服装
1533850,sleeve_bow,0,1466,袖蝴蝶结,服装
474442,plume,0,1466,羽饰,服装
563716,italian_flag,0,1465,意大利旗,物品
566734,tanzaku,0,1465,短册,物品
478325,2010,0,1465,2010,文本
616223,no_gloves,0,1465,无手套,服装
434471,angel_and_devil,0,1463,天使与恶魔,角色
1270497,pearl_bracelet,0,1462,珍珠手镯,服装
388208,orange_hoodie,0,1462,橙色卫衣,服装
176537,bartender,0,1460,酒保,角色
1457585,hooded_cardigan,0,1460,连帽开襟毛衣,服装
1708252,licking_another's_face,0,1459,舔别人脸,NSFW
1243501,gibson_les_paul,0,1457,吉普森Les Paul,物品
1440630,pink_capelet,0,1457,粉色小披风,服装
649302,hydrokinesis,0,1457,水能,风格
1642271,yurigaoka_girls_academy_school_uniform,0,1457,百合丘女学园校服,服装
419074,hitting,0,1456,打,姿势
1250999,red_apple,0,1456,红苹果,物品
1392006,yellow_bodysuit,0,1456,黄色紧身衣,服装
547495,morning_glory,0,1456,牵牛花,物品
461235,ear_wiggle,0,1455,耳动,表情
1880820,two-tone_sports_bra,0,1455,双色运动胸罩,服装
1607304,linear_hatching,0,1454,线性影线,风格
436891,combat_boots,0,1454,作战靴,服装
457698,comforting,0,1454,安慰,表情
1605653,utensil_in_mouth,0,1454,嘴里餐具,姿势
1884709,rabbit-shaped_pupils,0,1454,兔形瞳孔,眼睛
577080,hand_on_lap,0,1451,手放腿上,姿势
405415,milking_machine,0,1450,挤奶机,NSFW
598441,yin_yang_orb,0,1450,阴阳玉,物品
15187,machine,0,1449,机器,物品
1952120,historical_name_connection,0,1449,历史名称连接,角色
1314077,dice_hair_ornament,0,1448,骰子发饰,头发
583243,telekinesis,0,1448,念动力,风格
705059,fish_print,0,1447,鱼印花,服装
541640,button_eyes,0,1447,纽扣眼睛,眼睛
433011,polka_dot_swimsuit,0,1446,波点泳装,服装
504063,ninja_mask,0,1445,忍者面具,服装
727101,overall_shorts,0,1445,工装短裤,服装
1474354,holding_ladle,0,1445,拿勺子,姿势
1510994,sweaty_clothes,0,1445,汗湿衣服,服装
643402,shorts_under_dress,0,1445,短裤穿连衣裙下,服装
469760,oven_mitts,0,1444,烤箱手套,服装
1460120,fur-trimmed_footwear,0,1444,毛边鞋,服装
560409,streamers,0,1444,彩带,物品
685325,shiny_legwear,0,1444,闪亮腿装,服装
482051,drum_set,0,1443,鼓套,物品
1881201,eden_academy_school_uniform,0,1442,伊甸学园校服,服装
1492155,eyewear_hang,0,1441,眼镜挂,服装
1247470,chocolate_on_breasts,0,1440,胸上巧克力,NSFW
474653,cutting_board,0,1440,切菜板,物品
1629910,star_brooch,0,1440,星星胸针,服装
570743,kirin_(armor),0,1440,麒麟铠甲,服装
379968,breast_expansion,0,1439,胸部膨胀,NSFW
388012,legs_folded,0,1438,腿折叠,姿势
594236,expressive_clothes,0,1437,表情衣服,服装
542208,blank_stare,0,1437,空白凝视,表情
1271959,short_sidetail,0,1437,短侧马尾,头发
509739,burnt_clothes,0,1436,烧焦衣服,服装
1345473,ribbon-trimmed_dress,0,1436,丝带装饰连衣裙,服装
405,soccer,0,1435,足球,物品
2025915,same-sex_bathing,0,1435,同性洗澡,NSFW
490687,prehensile_tail,0,1435,可抓尾巴,特征
5884,champagne,0,1435,香槟,物品
1545323,multicolored_headwear,0,1435,多色头饰,服装
1394304,honeycomb_(pattern),0,1434,蜂巢图案,图案
559663,unamused,0,1434,不悦,表情
687207,round_window,0,1434,圆窗,背景
699281,oversized_food,0,1432,超大食物,物品
1492501,shinda_sekai_sensen_uniform,0,1432,死界战线制服,服装
4051,duster,0,1431,掸子,物品
542449,furigana,0,1431,振假名,文本
479155,necktie_grab,0,1431,抓领带,姿势
611089,implied_yuri,0,1430,暗示百合,NSFW
180296,wetsuit,0,1430,潜水服,服装
4760,campfire,0,1430,营火,背景
664838,green_wings,0,1429,绿色翅膀,特征
557859,puppet_strings,0,1429,木偶线,物品
463031,anal_hair,0,1428,肛毛,NSFW
494923,futa_on_male,0,1428,扶她对男,NSFW
1290693,looking_at_breasts,0,1427,看胸,姿势
635045,solid_eyes,0,1427,实心眼睛,眼睛
685558,cat_day,0,1427,猫日,文本
11603,paper_airplane,0,1426,纸飞机,物品
1336108,crime_prevention_buzzer,0,1426,防犯罪蜂鸣器,物品
1113314,thick_lips,0,1425,厚嘴唇,身体
1364633,covered_penis,0,1425,遮阴茎,NSFW
394999,spooning,0,1424,勺子姿势,姿势
509961,battle_rifle,0,1424,战斗步枪,物品
1764814,compass_rose_halo,0,1424,罗盘玫瑰光环,特征
700361,watermelon_bar,0,1423,西瓜棒,物品
1535711,cross_tie,0,1422,交叉领带,服装
468977,split_screen,0,1421,分裂屏幕,风格
648546,belt_boots,0,1421,腰带靴,服装
699336,sharp_toenails,0,1419,尖脚趾甲,身体
527131,canvas_(object),0,1418,画布物体,物品
723350,weight_conscious,0,1418,体重意识,表情
584716,camouflage_pants,0,1418,迷彩裤,服装
702474,ribbed_leotard,0,1418,罗纹紧身衣,服装
11273,harp,0,1417,竖琴,物品
1432417,brown_tail,0,1417,棕色尾巴,特征
375275,climbing,0,1417,攀爬,姿势
653485,torn_leotard,0,1416,破紧身衣,服装
494838,soda_bottle,0,1415,汽水瓶,物品
615286,pinching_sleeves,0,1415,捏袖,姿势
1510188,dildo_riding,0,1414,骑假阳具,NSFW
1346569,ass_support,0,1414,臀部支撑,姿势
68500,ruler,0,1413,尺子,物品
735235,eye_of_horus,0,1413,荷鲁斯之眼,物品
494704,2011,0,1413,2011,文本
1102042,strawberry_hair_ornament,0,1412,草莓发饰,头发
1611404,food-themed_earrings,0,1412,食物主题耳环,服装
1559228,2000s_(style),0,1411,2000s风格,风格
381519,vibrator_in_thighhighs,0,1411,振动器在过膝袜,NSFW
665405,white_umbrella,0,1411,白色伞,物品
1534653,holding_ice_cream,0,1411,拿冰淇淋,姿势
607136,split_ponytail,0,1411,分裂马尾,头发
392839,torn_panties,0,1410,破内裤,服装
499526,green_socks,0,1410,绿色袜子,服装
1578455,cumulonimbus_cloud,0,1410,积雨云,背景
9574,sick,0,1409,生病,表情
15731,clothes,0,1409,衣服,服装
49867,summer_festival,0,1409,夏季祭典,背景
623242,light_censor,0,1408,轻审查,NSFW
482510,plaid_panties,0,1408,格子内裤,服装
617695,big_nose,0,1408,大鼻,身体
1361077,mole_above_mouth,0,1407,嘴上痣,身体
1506275,riding_pokemon,0,1407,骑宝可梦,姿势
690466,monster_energy,0,1406,怪物能量,物品
1585295,athletic_leotard,0,1403,运动紧身衣,服装
1391806,two-tone_bow,0,1403,双色蝴蝶结,服装
573761,trash_bag,0,1403,垃圾袋,物品
1471840,headlamp,0,1403,头灯,物品
712047,belly_grab,0,1402,抓肚子,姿势
511422,newhalf,0,1402,新半,角色
716813,sword_behind_back,0,1401,剑在背后,姿势
649117,multiple_swords,0,1399,多剑,物品
1392086,grey_bodysuit,0,1398,灰色紧身衣,服装
1415933,fur-trimmed_shorts,0,1397,毛边短裤,服装
705927,frilled_leotard,0,1397,褶边紧身衣,服装
16114,chalk,0,1397,粉笔,物品
674293,gift_bag,0,1397,礼物袋,物品
683907,jingasa,0,1397,阵笠,服装
682863,hand_on_another's_leg,0,1396,手放别人腿,姿势
1353702,hands_on_own_ass,0,1394,手放自己臀,姿势
1481865,brown_corset,0,1394,棕色紧身胸衣,服装
1090326,bird_mask,0,1394,鸟面具,服装
598531,dropping,0,1393,掉落,姿势
487512,nostrils,0,1393,鼻孔,身体
442124,orange_panties,0,1393,橙色内裤,服装
531189,foliage,0,1392,树叶,背景
491661,hat_tip,0,1392,帽子尖,服装
1974818,tarot_(medium),0,1391,塔罗媒介,风格
1252372,sitting_on_bench,0,1391,坐在长椅上,姿势
165653,shirt_grab,0,1391,抓衬衫,姿势
485392,denim_jacket,0,1391,牛仔外套,服装
1713082,neck_tassel,0,1391,颈流苏,服装
562229,food_stand,0,1389,食物摊,背景
1494889,lion_boy,0,1389,狮子男孩,角色
471850,cum_in_clothes,0,1388,衣服内射,NSFW
1384370,two-tone_hairband,0,1387,双色发带,头发
10246,wig,0,1387,假发,头发
1538197,square_4koma,0,1386,方形四格漫画,风格
1414393,gradient_skin,0,1386,渐变皮肤,身体
164246,teruterubouzu,0,1385,晴天娃娃,物品
529177,ootachi,0,1385,大太刀,物品
456884,brown_panties,0,1384,棕色内裤,服装
11370,island,0,1384,岛,背景
514538,hands_on_ass,0,1383,手放臀,姿势
5525,chimney,0,1382,烟囱,背景
1538677,holding_gohei,0,1382,拿御币,姿势
1415445,nanairogaoka_middle_school_uniform,0,1382,七色丘中学制服,服装
1719547,sailor_moon_redraw_challenge_(meme),0,1382,水兵月重绘挑战迷因,风格
695119,blood_in_hair,0,1381,头发有血,表情
533783,reins,0,1381,缰绳,物品
1334628,anchor_print,0,1381,锚印花,服装
614593,white_snake,0,1380,白蛇,角色
591683,under_kotatsu,0,1380,被炉下,姿势
1575185,polka_dot_headwear,0,1380,波点头饰,服装
11756,cup_ramen,0,1379,杯面,物品
121795,inline_skates,0,1379,直排轮滑鞋,物品
478077,ready_to_draw,0,1378,准备画,姿势
1033270,white_garter_straps,0,1378,白色吊袜带,服装
465806,voice_actor,0,1377,声优,艺术家
416557,ammunition_belt,0,1377,弹药带,服装
1396368,frilled_ascot,0,1377,褶边领巾,服装
570043,pine_tree,0,1377,松树,背景
1243775,colored_shadow,0,1377,彩色影子,风格
643256,tentacle_pit,0,1377,触手坑,NSFW
428847,ugly_man,0,1376,丑男,角色
1490333,yellow_sleeves,0,1375,黄色袖,服装
465875,age_regression,0,1375,年龄回归,角色
1295636,shark_costume,0,1375,鲨鱼服装,服装
663895,hand_on_own_neck,0,1374,手放自己颈,姿势
15147,concert,0,1374,演唱会,背景
1399022,no_sclera,0,1374,无巩膜,眼睛
615253,applying_makeup,0,1374,涂妆,姿势
3114,thread,0,1373,线,物品
365028,stealth_sex,0,1373,隐秘性交,NSFW
1549436,cutout_above_navel,0,1373,脐上开洞,服装
1360081,purple_scrunchie,0,1371,紫色发圈,头发
567635,portrait_(object),0,1371,肖像物体,物品
12011,potato,0,1370,土豆,物品
1601,clapping,0,1368,拍手,姿势
1277344,soap_censor,0,1366,肥皂审查,NSFW
420441,teamwork,0,1366,团队合作,姿势
406042,exhausted,0,1366,疲惫,表情
470625,torn_gloves,0,1366,破手套,服装
419773,iphone,0,1366,iPhone,物品
1388990,two-tone_legwear,0,1365,双色腿装,服装
481999,motorcycle_helmet,0,1365,摩托车头盔,服装
502383,elezen,0,1365,艾尔泽,角色
1498023,adapted_turret,0,1364,改版炮塔,物品
1406324,no_blindfold,0,1364,无眼罩,服装
1592562,high-waist_pantyhose,0,1363,高腰连裤袜,服装
712473,mummy_costume,0,1363,木乃伊服装,服装
1301010,orange_sweater,0,1362,橙色毛衣,服装
3533,laundry,0,1362,洗衣,姿势
500653,mahjong_tile,0,1362,麻将牌,物品
2795,picnic,0,1362,野餐,背景
424623,unitard,0,1362,连体紧身衣,服装
575592,glowing_wings,0,1361,发光翅膀,特征
713580,torn_jacket,0,1361,破外套,服装
68505,bikesuit,0,1359,自行车服,服装
522628,upshorts,0,1359,向上短裤,NSFW
1461344,papakha,0,1359,帕帕卡帽,服装
582353,lace-trimmed_gloves,0,1358,蕾丝装饰手套,服装
1479378,silver_trim,0,1358,银色装饰,服装
659959,scarf_over_mouth,0,1357,围巾遮嘴,服装
611065,lace_choker,0,1357,蕾丝项圈,服装
1345310,collared_vest,0,1357,领背心,服装
565279,german_flag,0,1356,德国旗,物品
989449,paw_print_background,0,1356,爪印背景,背景
468850,tall,0,1353,高,身体
383675,bus_stop,0,1353,公交站,背景
1522400,tented_shirt,0,1353,帐篷衬衫,NSFW
668837,ghost_costume,0,1353,鬼服装,服装
668886,animal_on_lap,0,1352,腿上动物,姿势
11835,ballet,0,1352,芭蕾,角色
1515353,grey_theme,0,1351,灰色主题,风格
379743,saw,0,1351,锯,物品
374636,unicorn,0,1351,独角兽,角色
390867,soda,0,1351,汽水,物品
1243627,penis_peek,0,1351,阴茎偷看,NSFW
1786594,tokyo-3_middle_school_uniform,0,1350,东京-3中学制服,服装
1350036,crystal_earrings,0,1350,水晶耳环,服装
1274515,double_w,0,1350,双W,表情
539907,calico,0,1349,三色猫,角色
12413,coffin,0,1349,棺材,物品
1315295,holding_another's_hair,0,1349,抓别人头发,姿势
16355,sundae,0,1348,圣代,物品
398497,mouth_pull,0,1348,拉嘴,表情
482734,bicorne,0,1348,双角帽,服装
1433794,holding_saucer,0,1347,拿茶碟,姿势
399923,washing,0,1345,洗,姿势
404788,wrestling_ring,0,1345,摔跤场,背景
1358423,multicolored_footwear,0,1345,多色鞋,服装
651163,kourindou_tengu_costume,0,1345,香霖堂天狗服装,服装
593295,red_border,0,1344,红色边框,风格
618005,pennant,0,1343,三角旗,物品
252960,tengu,0,1342,天狗,角色
707712,consensual_tentacles,0,1342,同意触手,NSFW
675461,rolling_suitcase,0,1342,滚动手提箱,物品
27649,phallic_symbol,0,1341,阳具符号,物品
593299,pink_border,0,1341,粉色边框,风格
8722,detective,0,1341,侦探,角色
491766,painterly,0,1340,画家风格,风格
483367,pornography,0,1339,色情,NSFW
1393886,multicolored_kimono,0,1338,多色和服,服装
550954,drawing_sword,0,1338,拔剑,姿势
1152233,star_tattoo,0,1337,星星纹身,身体
555475,pixiv_logo,0,1337,pixiv标志,物品
1260944,heart-shaped_lock,0,1337,爱心形状锁,物品
540293,vampire_costume,0,1337,吸血鬼服装,服装
1499492,k/da_(league_of_legends),0,1337,K/DA,角色
437409,hospital_bed,0,1336,病床,物品
710257,odd_one_out,0,1335,奇异一个,角色
421120,shell_bikini,0,1335,贝壳比基尼,服装
842878,liquid_hair,0,1335,液体头发,头发
476447,kurokote,0,1333,黑小手,服装
498775,orange_skin,0,1333,橙色皮肤,身体
437001,living_clothes,0,1333,活衣服,服装
1408058,brown_leotard,0,1332,棕色紧身衣,服装
499809,butterfly_net,0,1331,蝴蝶网,物品
1476659,french_text,0,1331,法文文本,文本
1404921,pink_ascot,0,1331,粉色领巾,服装
591348,breast_cutout,0,1331,胸开洞,NSFW
1433301,two-tone_leotard,0,1330,双色紧身衣,服装
1435997,eye_trail,0,1330,眼迹,风格
1468288,holding_violin,0,1329,拿小提琴,姿势
383546,stole,0,1329,披肩,服装
451182,grimoire,0,1328,魔导书,物品
1759071,cetacean_tail,0,1328,鲸尾,特征
438516,zabuton,0,1327,坐垫,物品
1365868,holding_envelope,0,1326,拿信封,姿势
1491890,deer_antlers,0,1326,鹿角,特征
1232450,sparkle_print,0,1325,闪光印花,服装
1409572,yellow_leotard,0,1324,黄色紧身衣,服装
682869,extra_mouth,0,1324,多嘴,特征
515827,frog_print,0,1324,青蛙印花,服装
1484444,yellow_butterfly,0,1323,黄色蝴蝶,物品
529750,glowing_hair,0,1323,发光头发,头发
1497572,battery_indicator,0,1323,电池指示,物品
516468,fake_cover,0,1322,假封面,风格
1403674,pink_camisole,0,1321,粉色吊带衫,服装
1825467,androgyne_symbol,0,1321,雌雄同体符号,物品
1421701,smokestack_hair_ornament,0,1321,烟囱发饰,头发
383146,panties_on_head,0,1320,内裤戴头上,NSFW
489621,corded_phone,0,1320,绳电话,物品
10428,wading_pool,0,1319,涉水池,背景
378487,telescope,0,1319,望远镜,物品
1248643,lapel_pin,0,1318,翻领针,服装
1255353,loungewear,0,1318,家居服,服装
1575195,crocodilian_tail,0,1318,鳄鱼尾,特征
15057,nearly_naked_apron,0,1317,几乎裸围裙,服装
504393,looking_outside,0,1317,看外面,姿势
877388,long_tail,0,1317,长尾巴,特征
1311812,green_hakama,0,1317,绿色袴,服装
1657724,just_the_tip,0,1316,只尖端,NSFW
388391,screwdriver,0,1316,螺丝刀,物品
1470893,blue_brooch,0,1316,蓝色胸针,服装
10157,honey,0,1315,蜂蜜,物品
665720,candy_wrapper,0,1315,糖果包装,物品
578777,outstretched_leg,0,1314,伸腿,姿势
597826,santa_gloves,0,1314,圣诞手套,服装
862310,kodona,0,1313,男孩子,角色
457725,traffic_cone,0,1313,交通锥,物品
1445390,aria_company_uniform,0,1312,艾丽亚公司制服,服装
406035,legs_over_head,0,1312,腿过头,姿势
577111,pearl_earrings,0,1310,珍珠耳环,服装
5563,comparison,0,1309,对比,风格
666509,>o<,0,1308,>o<表情,表情
619281,blue_border,0,1308,蓝色边框,风格
1327189,glowing_horns,0,1308,发光角,特征
375033,bored,0,1307,无聊,表情
1337534,boobplate,0,1307,胸甲,服装
515225,sperm_cell,0,1307,精子细胞,NSFW
10639,yarn,0,1305,纱线,物品
1514329,instagram_logo,0,1305,Instagram标志,物品
317,bus,0,1304,公交车,物品
406420,popcorn,0,1304,爆米花,物品
6160,cocktail,0,1303,鸡尾酒,物品
1417853,heart_collar,0,1303,爱心项圈,服装
463235,training_bra,0,1301,训练胸罩,服装
1329192,arm_armor,0,1300,臂铠,服装
413107,puffy_cheeks,0,1300,鼓脸颊,表情
556112,red_tail,0,1299,红色尾巴,特征
1627136,excalibur_morgan_(fate),0,1299,摩根王者之剑,物品
10326,archery,0,1298,射箭,角色
470859,purple_socks,0,1298,紫色袜子,服装
1402775,white_mask,0,1298,白色面具,服装
375906,hot_dog,0,1297,热狗,物品
519382,decepticon,0,1297,霸天虎,角色
1872936,fourth_east_high_school_uniform,0,1297,第四东高校服,服装
637714,holding_legs,0,1296,抓腿,姿势
613598,polka_dot_legwear,0,1295,波点腿装,服装
12725,headless,0,1295,无头,特征
616555,uchikake,0,1294,打挂,服装
3419,shinai,0,1293,竹刀,物品
549266,grocery_bag,0,1293,杂货袋,物品
509238,dialogue_box,0,1293,对话框,文本
1869216,surrounded_by_penises,0,1293,被阴茎包围,NSFW
1556082,print_headwear,0,1293,印花头饰,服装
10938,reindeer,0,1292,驯鹿,角色
1508825,pouring_onto_self,0,1292,倒在自己身上,姿势
1344962,egg_hair_ornament,0,1292,蛋发饰,头发
720344,round-bottom_flask,0,1290,圆底烧瓶,物品
538478,haniwa_(statue),0,1290,埴轮,物品
1424580,oda_uri,0,1290,织田URI,艺术家
1853184,kamiyama_high_school_uniform_(hyouka),0,1290,神山高校服,服装
1915073,art_tools_in_frame,0,1289,画框内艺术工具,物品
540308,baggy_clothes,0,1287,宽松衣服,服装
551459,kine,0,1287,木杵,物品
1353739,borrowed_design,0,1287,借用设计,风格
482391,bad_food,0,1286,坏食物,物品
513996,lyrics,0,1286,歌词,文本
535323,art_brush,0,1285,艺术刷,物品
497292,bo_staff,0,1285,棍棒,物品
473049,doily,0,1284,小垫巾,物品
1371202,yellow_cape,0,1284,黄色披风,服装
16833,sidewalk,0,1284,人行道,背景
682286,title_parody,0,1284,标题恶搞,风格
11125,asian,0,1283,亚洲,角色
383854,native_american,0,1283,美国原住民,角色
579303,tail_ring,0,1283,尾环,服装
1326625,implied_yaoi,0,1283,暗示男男,NSFW
652288,alphes_(style),0,1283,Alphes风格,风格
10014,washing_machine,0,1281,洗衣机,物品
1341736,hanten_(clothes),0,1281,半纏,服装
62962,buruma_pull,0,1279,运动短裤拉,NSFW
1319348,holding_bucket,0,1279,拿桶,姿势
688664,adjusting_legwear,0,1279,调整腿装,姿势
753278,analog_clock,0,1278,模拟钟,物品
1959261,mecha_focus,0,1278,机甲焦点,风格
502348,eyelid_pull,0,1278,拉眼皮,表情
668848,multiple_monochrome,0,1278,多单色,风格
10023,toilet_use,0,1277,使用厕所,NSFW
1410988,pravda_school_uniform,0,1277,真理校服,服装
505302,bar_stool,0,1276,酒吧凳,物品
493245,theft,0,1275,偷窃,表情
577453,lace_gloves,0,1275,蕾丝手套,服装
1334692,side_drill,0,1275,侧钻,头发
607245,cropped_arms,0,1275,裁剪手臂,风格
615525,blue_tail,0,1274,蓝色尾巴,特征
434844,folding_chair,0,1274,折叠椅,物品
1958420,sideburns_stubble,0,1274,鬓角胡茬,身体
395011,tube_dress,0,1274,管状连衣裙,服装
1438041,blue_sports_bra,0,1274,蓝色运动胸罩,服装
1480873,presenting_foot,0,1274,展示脚,NSFW
1881209,naranja_academy_school_uniform,0,1274,纳兰哈学园校服,服装
416752,strap_lift,0,1273,拉带,服装
1609031,scar_on_mouth,0,1273,嘴伤疤,身体
611912,huge_eyebrows,0,1273,大眉,眼睛
1327704,nejiri_hachimaki,0,1272,扭头巾,服装
1771225,lord_camelot_(fate),0,1272,卡梅洛特之主,物品
599606,fuuin_no_tsue,0,1271,封印之杖,物品
407500,easel,0,1271,画架,物品
1323466,brown_nails,0,1271,棕色指甲,服装
538324,manga_cover,0,1270,漫画封面,风格
393237,bandolier,0,1270,弹药带,服装
469127,hair_wings,0,1270,头发翅膀,头发
652086,gathers,0,1269,褶皱,服装
540095,bilingual,0,1269,双语,文本
627286,covering_one_eye,0,1269,遮一侧眼,姿势
542338,snake_hair,0,1268,蛇头发,头发
467246,dotted_line,0,1268,点线,风格
665204,thick_eyelashes,0,1268,浓睫毛,眼睛
1230967,rook_(chess),0,1268,车棋子,物品
1610148,poster_(medium),0,1267,海报媒介,风格
586561,penises_touching,0,1267,阴茎接触,NSFW
1561175,champion_uniform,0,1267,冠军制服,服装
1292517,glowing_butterfly,0,1266,发光蝴蝶,物品
1825415,shuujin_academy_school_uniform,0,1265,秀尽学园校服,服装
714474,thighhighs_over_pantyhose,0,1264,过膝袜穿连裤袜上,服装
374852,wakizashi,0,1264,胁差,物品
417929,tennis_ball,0,1264,网球,物品
550074,in_water,0,1264,在水中,姿势
432965,red_oni,0,1264,红鬼,角色
389154,screw,0,1264,螺丝,物品
1703807,star_sticker,0,1263,星星贴纸,物品
414165,cum_on_pussy,0,1262,阴部射,NSFW
419287,swim_cap,0,1262,泳帽,服装
1399017,grey_tail,0,1262,灰色尾巴,特征
660791,fur_cape,0,1262,毛披风,服装
393428,vaulting_horse,0,1261,跳马,物品
1382643,flaming_weapon,0,1261,火焰武器,物品
1452498,grey_capelet,0,1261,灰色小披风,服装
1915726,choppy_bangs,0,1260,参差刘海,头发
482205,crayon,0,1259,蜡笔,物品
472653,stained_panties,0,1259,污渍内裤,NSFW
1058783,aviator_sunglasses,0,1258,飞行员墨镜,服装
1512007,pill_earrings,0,1258,药丸耳环,服装
620608,no_tail,0,1257,无尾,身体
553905,pink_tail,0,1256,粉色尾巴,特征
632074,owl_ears,0,1256,猫头鹰耳,特征
2430,recorder,0,1254,录音机,物品
13242,hanetsuki,0,1254,羽根突,物品
1350215,blue_robe,0,1254,蓝色长袍,服装
510057,sand_sculpture,0,1253,沙雕,物品
462605,snack,0,1253,小吃,物品
497027,pointy_breasts,0,1253,尖胸,身体
374917,prison_clothes,0,1252,监狱服,服装
548331,bamboo_steamer,0,1250,竹蒸笼,物品
9535,icing,0,1249,糖霜,物品
1441859,aqua_footwear,0,1249,水色鞋,服装
399166,cursor,0,1249,光标,物品
1193565,jimiko,0,1249,地味子,角色
54102,noose,0,1248,绞索,物品
576788,drying_hair,0,1248,吹干头发,姿势
452607,2009,0,1248,2009,文本
80452,unzipping,0,1247,拉拉链,姿势
548516,pinstripe_shirt,0,1247,细条纹衬衫,服装
1305509,box_of_chocolates,0,1246,巧克力盒,物品
543900,hat_over_one_eye,0,1245,帽子遮一侧眼,服装
1835765,evangelion_(mecha),0,1244,新世纪福音战士机甲,物品
2016852,full_beard,0,1244,全胡须,身体
675942,zun_(style),0,1243,ZUN风格,风格
641957,bishop_(chess),0,1243,象棋子,物品
382573,akanbe,0,1242,阿坎贝,表情
378755,beans,0,1242,豆子,物品
1793017,griffin_&_kryuger_military_uniform,0,1242,格里芬与克鲁格军服,服装
1501467,bandaid_hair_ornament,0,1242,创可贴发饰,头发
1719544,they_had_lots_of_sex_afterwards_(meme),0,1241,他们之后做了很多爱迷因,文本
583869,character_censor,0,1240,角色审查,NSFW
5119,pinwheel,0,1240,风车,物品
691041,yellow_sky,0,1239,黄色天空,背景
462239,chinese_new_year,0,1239,中国新年,文本
1270632,huge_moon,0,1238,巨大月亮,背景
4640,hanbok,0,1238,韩服,服装
191357,loose_shirt,0,1238,宽松衬衫,服装
1324009,lactation_through_clothes,0,1237,隔衣泌乳,NSFW
11435,spreader_bar,0,1236,扩张杆,NSFW
1354455,year_of_the_rat,0,1236,鼠年,文本
378166,star_of_david,0,1235,大卫之星,物品
1638312,footwear_ribbon,0,1235,鞋丝带,服装
463437,pencil_case,0,1235,铅笔盒,物品
411498,tearing_clothes,0,1233,撕衣服,NSFW
1497365,pov_doorway,0,1233,门框主视角,姿势
1666453,mage_staff,0,1233,法师杖,物品
1504031,white_butterfly,0,1232,白蝴蝶,物品
1384374,grey_hairband,0,1232,灰色发带,头发
642323,teacher_and_student,0,1232,老师与学生,角色
1835593,ornate_ring,0,1232,华丽戒指,服装
1855849,ass_ripple,0,1232,臀波纹,NSFW
375377,boar,0,1231,野猪,角色
1427498,holding_pizza,0,1231,拿比萨,姿势
1430264,coin_hair_ornament,0,1231,硬币发饰,头发
669112,broken_weapon,0,1230,破武器,物品
472508,drum_(container),0,1230,鼓容器,物品
1509338,holding_tablet_pc,0,1230,拿平板电脑,姿势
477060,hair_lift,0,1229,提头发,姿势
412162,bucket_hat,0,1228,水桶帽,服装
4910,corn,0,1227,玉米,物品
646003,curled_fingers,0,1227,卷手指,姿势
1734694,musou_isshin_(genshin_impact),0,1227,无想一心,物品
16756,aquarium,0,1225,水族馆,背景
5248,snowball,0,1225,雪球,物品
10673,vore,0,1225,吞食,NSFW
1441951,gold_footwear,0,1225,金色鞋,服装
16918,tutu,0,1224,芭蕾短裙,服装
1427833,holding_popsicle,0,1224,拿冰棒,姿势
1509089,between_pectorals,0,1224,胸肌间,姿势
1343008,orange_vest,0,1222,橙色背心,服装
1258067,hands_on_own_stomach,0,1222,手放自己肚子,姿势
646377,kikumon,0,1222,菊纹,物品
1379986,alpaca_ears,0,1222,羊驼耳,特征
5254,thermometer,0,1221,温度计,物品
412915,pet_bowl,0,1221,宠物碗,物品
710509,antique_firearm,0,1221,古董枪,物品
1605157,colored_nipples,0,1221,彩色乳头,NSFW
548066,blending,0,1220,混合,风格
1749113,arthropod_limbs,0,1220,节肢动物肢体,身体
513425,nib_pen_(medium),0,1220,钢笔媒介,风格
383197,toilet_paper,0,1219,厕纸,物品
1353525,from_outside,0,1219,从外面,姿势
702958,holding_ribbon,0,1219,拿丝带,姿势
1399041,yellow_tail,0,1218,黄色尾巴,特征
2374,shopping,0,1218,购物,姿势
464554,dandelion,0,1218,蒲公英,物品
1409664,floating_scarf,0,1218,漂浮围巾,服装
1488405,mole_on_cheek,0,1216,脸颊痣,身体
657589,crotch_cutout,0,1216,裆开洞,NSFW
1926688,low-tied_sidelocks,0,1215,低系侧发,头发
612322,sheikah,0,1215,希卡,角色
1469257,single_epaulette,0,1215,单肩章,服装
543093,motherly,0,1214,母性,表情
1513405,heart_facial_mark,0,1214,爱心脸标记,身体
1391449,cropped_sweater,0,1213,裁剪毛衣,服装
430316,messenger_bag,0,1213,邮差包,物品
1716159,human_scabbard,0,1213,人剑鞘,NSFW
519987,pikmin_(creature),0,1212,皮克敏生物,角色
720294,weasel_ears,0,1212,鼬耳,特征
398803,cowboy_boots,0,1211,牛仔靴,服装
1423439,livestream,0,1211,直播,文本
395164,napkin,0,1210,餐巾,物品
1325319,wrist_bow,0,1210,腕蝴蝶结,服装
1411111,keizoku_military_uniform,0,1210,继续军服,服装
1238293,grey_wings,0,1209,灰色翅膀,特征
3614,stain,0,1209,污渍,表情
204274,upshirt,0,1209,向上衬衫,NSFW
1569456,pizza_slice,0,1209,比萨片,物品
552812,in_cup,0,1208,在杯中,姿势
396687,hourglass,0,1208,沙漏,物品
487760,under_tree,0,1207,树下,姿势
594313,shoulder_holster,0,1207,肩枪套,服装
1427573,brown_sleeves,0,1207,棕色袖,服装
670641,clothes_between_breasts,0,1206,衣服在乳沟间,服装
9017,kaijuu,0,1206,怪兽,角色
642029,queen_(chess),0,1206,后棋子,物品
645655,wall_clock,0,1205,挂钟,物品
15251,undead,0,1205,不死,角色
1720557,swimsuit_cover-up,0,1205,泳装罩衫,服装
430138,double_vertical_stripe,0,1204,双竖条纹,服装
533033,covering_ass,0,1204,遮臀,NSFW
390528,seaweed,0,1204,海藻,物品
1439729,green_fur,0,1204,绿色毛,身体
475500,kissing_hand,0,1203,亲手,NSFW
469710,energy_drink,0,1203,能量饮料,物品
1298677,armpit_cutout,0,1203,腋开洞,服装
1364890,white_hood,0,1202,白色兜帽,服装
1397788,brown_choker,0,1202,棕色项圈,服装
1799877,tracen_swimsuit,0,1202,特雷森泳装,服装
1239921,pink_sky,0,1201,粉色天空,背景
7702,hairjob,0,1201,头发交,NSFW
508103,tentacles_under_clothes,0,1200,衣服下触手,NSFW
415025,convenience_store,0,1200,便利店,背景
608993,uncommon_stimulation,0,1198,非寻常刺激,NSFW
1090981,tantou,0,1197,短刀,物品
714848,rectangular_mouth,0,1197,矩形嘴,表情
723519,chin_strap,0,1197,下巴带,服装
1601728,gladiator_sandals,0,1197,角斗士凉鞋,服装
1414615,mole_on_stomach,0,1196,肚痣,身体
687072,dark_areolae,0,1196,深乳晕,NSFW
568887,single_boot,0,1196,单靴,服装
633878,pursed_lips,0,1195,撅嘴,表情
1579902,nata_(tool),0,1195,斧子,物品
1444217,red_tank_top,0,1195,红色背心,服装
1326378,black_umbrella,0,1195,黑色伞,物品
1289607,nursing_handjob,0,1195,哺乳手交,NSFW
713277,no_eyepatch,0,1195,无眼罩,服装
568990,blue_tunic,0,1195,蓝色束腰外衣,服装
572545,wall_of_text,0,1193,文字墙,文本
669932,wrist_wrap,0,1193,腕缠,服装
182494,audience,0,1193,观众,人物数量
1258824,print_shorts,0,1193,印花短裤,服装
6481,tools,0,1191,工具,物品
837919,deer_girl,0,1189,鹿女孩,角色
1230297,single_wrist_cuff,0,1188,单腕袖口,服装
478362,kepi,0,1188,基皮帽,服装
16929,barbed_wire,0,1187,带刺铁丝,物品
1461059,white_headdress,0,1187,白色头饰,服装
610305,hand_to_head,0,1187,手放头,姿势
445618,wet_dress,0,1186,湿连衣裙,服装
432413,lute_(instrument),0,1185,鲁特琴,物品
1662233,jujutsu_tech_uniform,0,1185,咒术高专制服,服装
1932,ipod,0,1183,iPod,物品
1609648,cum_on_pectorals,0,1183,胸肌射,NSFW
703702,hooded_track_jacket,0,1182,连帽运动外套,服装
521714,cursive,0,1181,草书,文本
409179,smoking_gun,0,1181,冒烟枪,物品
1483518,orange_sleeves,0,1181,橙色袖,服装
1423578,brown_collar,0,1181,棕色项圈,服装
1452852,two-tone_cape,0,1181,双色披风,服装
458295,rising_sun_flag,0,1180,旭日旗,物品
1398131,hooded_bodysuit,0,1180,连帽紧身衣,服装
1505137,thai_text,0,1179,泰文文本,文本
458547,wood,0,1179,木,物品
609075,red_mask,0,1179,红色面具,服装
1750472,galaxy_expedition_team_survey_corps_uniform,0,1179,银河远征队调查兵团制服,服装
377994,playing,0,1178,玩,姿势
417078,bayonet,0,1178,刺刀,物品
1303973,white_towel,0,1177,白色毛巾,物品
526671,child's_drawing,0,1176,孩子画,风格
1433477,floating_cape,0,1176,漂浮披风,服装
527344,body_armor,0,1176,身体铠甲,服装
1414486,red_mittens,0,1175,红色连指手套,服装
589292,slashing,0,1174,砍,姿势
10497,rocket,0,1174,火箭,物品
476893,torn_swimsuit,0,1174,破泳装,服装
374312,pilot,0,1174,飞行员,角色
393568,amulet,0,1173,护符,物品
580277,green_tail,0,1172,绿色尾巴,特征
1427616,purple_sash,0,1172,紫色腰带,服装
422468,satin,0,1172,缎,服装
1663181,alice_(alice_in_wonderland)_(cosplay),0,1172,爱丽丝cosplay,角色
507447,family_crest,0,1172,家纹,物品
1411060,saunders_military_uniform,0,1172,桑德斯军服,服装
1397657,cat_ear_legwear,0,1172,猫耳腿装,服装
381183,brick,0,1171,砖,物品
461078,squinting,0,1171,眯眼,表情
665502,saiyan_armor,0,1171,赛亚人铠甲,服装
1505168,traditional_chinese_text,0,1170,繁体中文文本,文本
1405660,white_mittens,0,1169,白色连指手套,服装
1253834,knotted_penis,0,1168,打结阴茎,NSFW
9213,diaper,0,1168,尿布,服装
43071,blind,0,1168,盲,表情
1360271,grey_cape,0,1168,灰色披风,服装
1470190,frilled_sailor_collar,0,1168,褶边水手领,服装
1468127,survey_corps_(emblem),0,1168,调查兵团徽章,物品
572593,noh_mask,0,1167,能面具,服装
550434,side_slit_shorts,0,1166,侧开叉短裤,服装
1345376,wing_ornament,0,1166,翼饰,物品
1681601,mash_kyrielight_(dangerous_beast)_(cosplay),0,1166,危险野兽玛修cosplay,角色
605773,head_on_hand,0,1165,头放手,姿势
1604448,duel_academy_uniform_(yu-gi-oh!_gx),0,1165,决斗学院制服,服装
1593048,race_vehicle,0,1165,赛车,物品
1495060,pants_tucked_in,0,1165,裤子塞进,服装
1092127,condom_belt,0,1165,避孕套腰带,NSFW
1495160,mismatched_eyebrows,0,1164,不匹配眉,眼睛
460344,ear_biting,0,1164,咬耳,NSFW
547746,patterned,0,1164,图案,风格
502629,bullet_hole,0,1164,弹孔,物品
398109,ice_skates,0,1164,冰鞋,物品
1456713,cross_choker,0,1164,十字项圈,服装
1512126,black_sweater_vest,0,1164,黑色毛衣背心,服装
607513,arms_around_waist,0,1163,手臂绕腰,姿势
4047,pickaxe,0,1162,镐,物品
374998,abuse,0,1162,虐待,NSFW
400267,dumpling,0,1162,饺子,物品
467711,possessed,0,1161,附身,表情
495021,rider_belt,0,1161,骑士腰带,服装
433870,broken_heart,0,1160,破心,表情
74341,floating_island,0,1158,漂浮岛,背景
1330451,multicolored_cape,0,1158,多色披风,服装
1954874,girthy_penis,0,1158,粗阴茎,NSFW
317438,war,0,1157,战争,背景
492648,yellow_socks,0,1156,黄色袜子,服装
1242015,vanishing_point,0,1156,消失点,风格
1682536,alternate_muscle_size,0,1156,备用肌肉大小,身体
1881213,uva_academy_school_uniform,0,1156,乌瓦学园校服,服装
1608617,fold-over_boots,0,1155,翻折靴,服装
1346040,pink_hakama,0,1155,粉色袴,服装
425258,naked_overalls,0,1154,裸工装裤,服装
456535,spit_take,0,1154,喷出,表情
440482,leg_wrap,0,1154,腿缠,服装
383664,pier,0,1153,码头,背景
427033,hologram,0,1153,全息,物品
490582,onbashira,0,1153,鸟居柱,物品
1456945,mochi_trail,0,1150,年糕痕迹,物品
600871,ar-15,0,1150,AR-15,物品
416845,toast_in_mouth,0,1149,嘴里吐司,表情
378541,gills,0,1149,鳃,特征
1472423,sleeve_ribbon,0,1149,袖丝带,服装
377871,gerudo,0,1149,杰鲁德,角色
1353857,blood_on_arm,0,1149,臂有血,表情
1274530,angora_rabbit,0,1149,安哥拉兔,角色
668806,tied_jacket,0,1149,系外套,服装
465140,breastfeeding,0,1148,哺乳,NSFW
385619,facepalm,0,1148,捂脸,姿势
689166,king_(chess),0,1148,王棋子,物品
388245,cum_in_nose,0,1147,鼻内射,NSFW
519098,yarn_ball,0,1147,纱球,物品
1419059,blue_tank_top,0,1147,蓝色背心,服装
1574670,two-sided_dress,0,1147,双面连衣裙,服装
1429073,holding_beachball,0,1146,拿沙滩球,姿势
1544416,clothes_between_thighs,0,1146,衣服在大腿间,NSFW
438209,checkered_flag,0,1146,格子旗,物品
582333,ojou-sama_pose,0,1145,大小姐姿势,姿势
1373023,purple-framed_eyewear,0,1145,紫框眼镜,服装
554570,jockstrap,0,1145,护裆,服装
468827,pushing,0,1144,推动,姿势
8787,cd,0,1144,CD,物品
1181961,multiple_weapons,0,1144,多武器,物品
447171,lowleg_pants,0,1144,低腰裤,服装
456565,flying_kick,0,1143,飞踢,姿势
228097,astronaut,0,1143,宇航员,角色
570496,struggling,0,1143,挣扎,表情
658977,wooden_chair,0,1142,木椅,物品
394852,hair_flip,0,1142,甩头发,姿势
1299125,elbows_on_table,0,1141,肘放桌,姿势
1575514,yuigaoka_school_uniform,0,1141,优衣丘校服,服装
1506800,diamond_(gemstone),0,1139,钻石,物品
1301231,robot_animal,0,1139,机器人动物,角色
433234,erect_clitoris,0,1139,勃起阴蒂,NSFW
529455,tight_dress,0,1138,紧身连衣裙,服装
632045,no_jacket,0,1137,无外套,服装
10056,grill,0,1136,烤架,物品
1324059,holding_jewelry,0,1136,拿珠宝,姿势
4638,drugs,0,1136,药物,NSFW
606330,condom_box,0,1135,避孕套盒,物品
1392422,frilled_camisole,0,1135,褶边吊带衫,服装
2006770,unworn_coat,0,1134,未穿大衣,服装
477804,rainbow_hair,0,1134,彩虹头发,头发
410619,toe_ring,0,1133,脚趾环,服装
448692,saddle,0,1133,马鞍,物品
1561346,see-through_jacket,0,1133,透视外套,服装
614915,pink_cape,0,1133,粉色披风,服装
664456,horn_ring,0,1132,角环,物品
1607725,stuffed_winged_unicorn,0,1132,毛绒翼独角兽,物品
2006763,unworn_backpack,0,1131,未穿背包,服装
1290371,ancient_greek_clothes,0,1131,古希腊衣服,服装
414667,hedgehog_ears,0,1131,刺猬耳,特征
1296117,sideways_hat,0,1130,侧帽子,服装
1450046,holding_megaphone,0,1130,拿扩音器,姿势
1208724,string_bra,0,1130,绳胸罩,服装
504098,m1911,0,1129,M1911,物品
445034,huge_testicles,0,1128,巨大睾丸,NSFW
582801,flower_on_head,0,1126,头上花,表情
394157,papers,0,1126,纸张,物品
411205,pigeon,0,1126,鸽子,角色
2006766,unworn_dress,0,1125,未穿连衣裙,服装
408039,crystal_ball,0,1124,水晶球,物品
222856,good_end,0,1124,好结局,风格
690260,vibrator_on_nipple,0,1123,振动器在乳头,NSFW
1344687,holding_letter,0,1123,拿信,姿势
550352,hand_on_forehead,0,1122,手放额,姿势
593473,coke-bottle_glasses,0,1120,瓶底眼镜,服装
1237688,open_bodysuit,0,1120,敞开紧身衣,NSFW
8664,hoop,0,1120,圈,物品
1345218,holding_behind_back,0,1120,背后拿,姿势
1406965,holding_chocolate,0,1120,拿巧克力,姿势
537085,objectification,0,1120,物体化,NSFW
1292892,cracked_wall,0,1120,裂墙,背景
487790,studded_bracelet,0,1120,钉手镯,服装
490067,holding_head,0,1119,抱头,姿势
255403,cleaver,0,1118,切肉刀,物品
269258,chat_log,0,1118,聊天记录,文本
561654,animal_skull,0,1118,动物头骨,物品
664894,aqua_gloves,0,1117,水色手套,服装
13597,triple_penetration,0,1117,三重插入,NSFW
7877,nintendo_ds,0,1116,任天堂DS,物品
635240,star_pasties,0,1116,星星乳贴,NSFW
1597931,pancake_stack,0,1116,煎饼堆,物品
593433,rice_on_face,0,1115,脸上米饭,表情
385968,player_2,0,1114,玩家2,文本
1300914,leash_pull,0,1114,拉狗链,NSFW
1886041,shuka_high_school_uniform,0,1114,修贺高校服,服装
428710,buster_sword,0,1113,破坏剑,物品
1316299,multicolored_scarf,0,1113,多色围巾,服装
497039,test_plugsuit,0,1113,测试插入服,服装
599986,cutting_hair,0,1112,剪头发,姿势
1100029,hands_on_own_breasts,0,1112,手放自己胸,NSFW
607934,tentacles_on_male,0,1112,触手在男,NSFW
46843,shaking,0,1112,颤抖,表情
476906,spray_can,0,1112,喷雾罐,物品
501887,levitation,0,1111,漂浮,风格
453294,houndstooth,0,1111,犬牙格,图案
1552258,fish_boy,0,1111,鱼男孩,角色
564002,guided_penetration,0,1110,引导插入,NSFW
511246,blank_speech_bubble,0,1109,空白对话气泡,文本
474428,blowing,0,1109,吹,姿势
1328348,group_name,0,1109,团体名称,文本
1450864,head_chain,0,1109,头链,服装
622973,chicken_(food),0,1108,鸡肉,物品
13164,bud,0,1108,芽,物品
271102,ladybug,0,1108,瓢虫,角色
1427943,yellow_tank_top,0,1107,黄色背心,服装
8482,waiter,0,1107,服务员,角色
617955,polka_dot_skirt,0,1107,波点裙,服装
572583,radiation_symbol,0,1106,辐射符号,物品
1488071,orange_tail,0,1106,橙色尾巴,特征
390026,chalice,0,1106,圣杯,物品
399273,adidas,0,1106,阿迪达斯,服装
1350589,bandaid_on_forehead,0,1106,额头创可贴,服装
715181,post-apocalypse,0,1105,末日后,风格
1416950,vertical-striped_jacket,0,1105,竖条纹外套,服装
487783,leather_pants,0,1103,皮裤,服装
9656,crazy,0,1103,疯狂,表情
428269,hard_hat,0,1103,安全帽,服装
556519,electrical_outlet,0,1103,电源插座,物品
960973,cardigan_around_waist,0,1103,毛衣围腰,服装
605380,vertical-striped_bikini,0,1102,竖条纹比基尼,服装
1481671,torn_bodystocking,0,1102,破紧身衣裤,服装
473178,\n/,0,1101,换行,文本
1229971,shoulder_cannon,0,1101,肩炮,物品
1355541,lattice,0,1100,格子,图案
1401831,purple_ascot,0,1099,紫色领巾,服装
663596,aestus_estus,0,1099,炽天之炎,物品
1868991,twitter_strip_game_(meme),0,1099,Twitter脱衣游戏迷因,文本
482315,breast_padding,0,1098,胸垫,服装
417908,white_tiger,0,1098,白虎,角色
561371,qr_code,0,1098,QR码,物品
399680,arachne,0,1098,蛛女,角色
1447366,cross_pasties,0,1097,十字乳贴,NSFW
561682,clownfish,0,1096,小丑鱼,角色
1386020,st._gloriana's_(emblem),0,1095,圣葛罗莉安娜徽章,物品
1466798,holding_money,0,1094,拿钱,姿势
1535682,two-tone_hoodie,0,1094,双色卫衣,服装
7700,weightlifting,0,1093,举重,姿势
381280,lighthouse,0,1092,灯塔,背景
401136,kimono_lift,0,1092,掀和服,NSFW
623986,green_sclera,0,1092,绿色巩膜,眼睛
1571287,berry_(pokemon),0,1092,贝利,角色
1527638,bubble_tea_challenge,0,1092,泡泡茶挑战,文本
11414,nipple_clamps,0,1091,乳头夹,NSFW
1352539,squidbeak_splatoon,0,1090,乌贼队,角色
620885,latex_legwear,0,1089,乳胶腿装,服装
1435395,grey_tank_top,0,1089,灰色背心,服装
684797,hands_on_another's_hips,0,1089,手放别人腰,姿势
417498,christmas_present,0,1089,圣诞礼物,物品
1299138,back-print_panties,0,1088,背印内裤,服装
533099,sitting_on_rock,0,1088,坐在岩石上,姿势
2068563,barefoot_sandals_(jewelry),0,1088,赤足凉鞋珠宝,服装
545590,easter_egg,0,1088,复活节蛋,物品
1411474,bc_freedom_military_uniform,0,1088,BC自由军服,服装
1012946,breasts_on_table,0,1087,胸放桌上,NSFW
15469,coconut,0,1087,椰子,物品
1247424,brick_floor,0,1086,砖地板,背景
1881200,ashford_academy_school_uniform,0,1086,阿什福德学园校服,服装
549347,green_pantyhose,0,1086,绿色连裤袜,服装
1564958,heart_maebari,0,1085,爱心前贴,NSFW
8697,porch,0,1084,门廊,背景
462190,public_use,0,1084,公共使用,NSFW
1623058,male_maid,0,1084,男仆,角色
1450741,oohashi_high_school_uniform,0,1084,大桥高校服,服装
5231,tonfa,0,1083,双截棍,物品
8409,spaghetti,0,1083,意大利面,物品
1611387,fumo_(doll),0,1083,Fumo娃娃,物品
406050,rough_sex,0,1083,粗暴性交,NSFW
469235,amplifier,0,1082,放大器,物品
484561,arm_cuffs,0,1082,臂袖口,服装
403070,grenade_launcher,0,1081,榴弹发射器,物品
1377852,hair_on_horn,0,1081,角上头发,头发
1793356,floral_print_kimono,0,1080,花印花和服,服装
1242619,fake_nails,0,1080,假指甲,服装
589458,<o>_<o>,0,1080,<o>_<o>表情,表情
12500,pendulum,0,1080,钟摆,物品
429978,between_toes,0,1079,脚趾间,姿势
1366557,ink_tank_(splatoon),0,1079,墨水罐,物品
1258093,ribbon-trimmed_headwear,0,1078,丝带装饰头饰,服装
531424,multiple_heads,0,1078,多头,特征
375406,clown,0,1077,小丑,角色
485541,finger_heart,0,1077,手指爱心,姿势
1339258,logo_parody,0,1076,标志恶搞,风格
585968,heads-up_display,0,1076,抬头显示,物品
1253889,joestar_birthmark,0,1076,乔斯达胎记,身体
1281282,taimanin_suit,0,1075,対魔忍服,服装
1365439,jaguar_print,0,1075,美洲豹印花,服装
576346,adjusting_necktie,0,1074,调整领带,姿势
15836,butter,0,1074,黄油,物品
2477,lightsaber,0,1073,光剑,物品
585602,jeweled_branch_of_hourai,0,1073,蓬莱玉枝,物品
1372787,multi-strapped_panties,0,1073,多带内裤,服装
1342773,fleur_de_lapin_uniform,0,1073,兔花制服,服装
1344492,on_motorcycle,0,1072,在摩托车上,姿势
403466,medallion,0,1072,勋章,物品
746897,pussy_juice_drip_through_clothes,0,1072,阴液滴隔衣,NSFW
1407341,holding_notebook,0,1072,拿笔记本,姿势
476104,saber_(weapon),0,1072,军刀,物品
1779554,ear_birthmark,0,1072,耳痣,身体
490118,pool_of_blood,0,1071,血池,背景
658794,poke_ball_theme,0,1071,精灵球主题,服装
1648109,hololive_idol_uniform,0,1071,Hololive偶像制服,服装
1529528,yellow_raincoat,0,1070,黄色雨衣,服装
138127,art_nouveau,0,1070,新艺术风格,风格
659461,sleep_bubble,0,1070,睡眠泡泡,表情
474917,peace_symbol,0,1069,和平符号,物品
1539213,flower_over_eye,0,1069,眼上花,表情
672588,cardigan_vest,0,1068,开襟毛衣背心,服装
418811,acoustic_guitar,0,1068,原声吉他,物品
330159,green_tea,0,1068,绿茶,物品
1331283,bridal_legwear,0,1068,新娘腿装,服装
555321,hand_gesture,0,1068,手势,姿势
1453635,cartoon_bone,0,1068,卡通骨头,物品
1494960,yellow-tinted_eyewear,0,1067,黄染眼镜,服装
693639,striped_hoodie,0,1067,条纹卫衣,服装
571951,flaming_sword,0,1065,火焰剑,物品
419383,wallet,0,1065,钱包,物品
1343361,opened_by_self,0,1065,自己打开,姿势
514359,naked_scarf,0,1064,裸围巾,服装
742744,bean_bag_chair,0,1064,豆袋椅,物品
1329330,bunny_day,0,1064,兔子日,文本
411403,tongs,0,1063,夹子,物品
1440820,usekh_collar,0,1063,用塞赫项圈,服装
1193485,dudou,0,1062,肚兜,服装
612924,"don't_say_""lazy""",0,1062,不要说“lazy”,文本
1598258,cross-laced_sleeves,0,1062,交叉系袖,服装
388611,warning_sign,0,1061,警告标志,物品
1404539,green_tunic,0,1061,绿色束腰外衣,服装
1406788,otter_ears,0,1060,水獭耳,特征
1312469,purple_hakama,0,1059,紫色袴,服装
474347,affectionate,0,1059,深情,表情
1518971,pectoral_press,0,1059,胸肌压,NSFW
1432832,green_tank_top,0,1058,绿色背心,服装
8698,windowsill,0,1058,窗台,背景
413290,hand_under_shirt,0,1057,手伸衬衫下,NSFW
477179,tire,0,1056,轮胎,物品
472542,beam_saber,0,1056,光束剑,物品
1908338,tail_around_own_leg,0,1056,尾缠自己腿,姿势
565478,skirt_basket,0,1055,裙篮,物品
1730373,white_romper,0,1055,白色连体裤,服装
1920354,strapless_one-piece_swimsuit,0,1054,无肩带连体泳装,服装
669693,stalk_in_mouth,0,1054,嘴里茎,表情
499998,sitting_backwards,0,1053,反坐,姿势
1245350,implied_fellatio,0,1053,暗示口交,NSFW
1933084,youtou_high_school_uniform,0,1053,妖刀高校服,服装
1660195,long_earlobes,0,1052,长耳垂,特征
412848,panzer_iv,0,1051,四号坦克,物品
452532,two-handed_handjob,0,1050,双手手交,NSFW
4219,henshin,0,1050,变身,姿势
1715534,baton_(conducting),0,1050,指挥棒,物品
5817,sauna,0,1049,桑拿,背景
471824,searchlight,0,1049,探照灯,物品
643640,narration,0,1049,旁白,文本
395642,vietnamese_dress,0,1045,越南服,服装
1665000,dashed_eyes,0,1045,虚线眼,表情
659364,licking_armpit,0,1044,舔腋下,NSFW
460270,sparrow,0,1044,麻雀,角色
4281,hole,0,1044,洞,物品
1545039,low-braided_long_hair,0,1044,低辫长发,头发
492703,long_neck,0,1043,长颈,身体
487949,arm_above_head,0,1043,手臂过头,姿势
1265662,lace-trimmed_hairband,0,1043,蕾丝装饰发带,头发
550385,linked_piercing,0,1043,连穿孔,NSFW
1450600,very_wide_shot,0,1043,极广角,风格
394402,wheat,0,1042,小麦,物品
1257023,dog_penis,0,1041,狗阴茎,NSFW
974485,hoodie_lift,0,1041,掀卫衣,服装
430376,bear_costume,0,1039,熊服装,服装
1344738,snowflake_background,0,1039,雪花背景,背景
2061574,squeans,0,1039,颤线,风格
449699,grand_piano,0,1038,三角钢琴,物品
1328442,green_belt,0,1038,绿色腰带,服装
1419470,crotchless_pantyhose,0,1038,无裆连裤袜,服装
723518,arms_between_legs,0,1037,手臂夹腿,姿势
436459,acorn,0,1037,橡子,物品
14739,hammock,0,1037,吊床,物品
457892,dithering,0,1036,抖动,风格
381750,thermos,0,1036,保温瓶,物品
663869,looking_through_legs,0,1036,从腿间看,姿势
416825,omikuji,0,1035,御神签,物品
465518,snow_rabbit,0,1035,雪兔,角色
549921,swinging,0,1035,荡秋千,姿势
404973,galaxy,0,1035,银河,背景
522469,centauroid,0,1035,半人马体,角色
497015,wringing_clothes,0,1034,拧衣服,姿势
1340790,holding_branch,0,1034,拿树枝,姿势
455483,shorts_around_one_leg,0,1034,短裤挂一腿,服装
405411,team_9,0,1034,队9,角色
527949,troll_face,0,1033,巨魔脸,表情
416210,dirty_feet,0,1033,脏脚,表情
1943,ad,0,1032,广告,文本
1234828,character_age,0,1032,角色年龄,角色
1404665,aqua_neckerchief,0,1032,水色领巾,服装
5946,boxcutter,0,1032,美工刀,物品
496226,multiple_legs,0,1032,多腿,特征
1509435,holding_remote_control,0,1032,拿遥控器,姿势
439167,urethral_insertion,0,1031,尿道插入,NSFW
659790,eldritch_abomination,0,1031,克苏鲁怪物,角色
424264,nose_ring,0,1031,鼻环,NSFW
457370,masochism,0,1030,受虐,NSFW
507276,paper_crane,0,1030,纸鹤,物品
2067896,through_medium,0,1030,透过媒介,风格
572094,h&k_ump,0,1029,H&K UMP,物品
399607,hair_dryer,0,1029,吹风机,物品
1577478,super_saiyan_1,0,1029,超级赛亚人1,角色
1411064,anzio_military_uniform,0,1029,安齐奥军服,服装
596588,jacket_pull,0,1028,拉外套,服装
678345,maneki-neko,0,1027,招财猫,物品
1059619,kissing_penis,0,1026,亲阴茎,NSFW
8173,bokken,0,1025,木刀,物品
658767,bound_together,0,1025,绑一起,NSFW
1707265,cross-laced_dress,0,1024,交叉系连衣裙,服装
381467,credits,0,1024,致谢,文本
646311,polka_dot_shirt,0,1024,波点衬衫,服装
714502,infinity_symbol,0,1024,无限符号,物品
971148,underbutt,0,1024,臀下,身体
1710578,underpec,0,1024,胸下,身体
721903,fur_cloak,0,1024,毛斗篷,服装
1338731,holding_skull,0,1023,拿骷髅,姿势
1325576,four-leaf_clover_hair_ornament,0,1022,四叶草发饰,头发
1996504,bowlegged_pose,0,1022,弓腿姿势,姿势
395900,deformed,0,1021,变形,风格
1263464,potara_earrings,0,1021,波塔拉耳环,服装
552418,detached_hair,0,1021,分离头发,头发
1396770,animal_on_arm,0,1020,手臂上动物,姿势
615409,bag_of_chips,0,1020,薯片袋,物品
533029,dragging,0,1020,拖拽,姿势
475494,dissolving,0,1020,溶解,表情
697415,storefront,0,1019,店面,背景
1401249,grey_leotard,0,1018,灰色紧身衣,服装
453888,hand_mirror,0,1017,手镜,物品
435855,messy_room,0,1017,凌乱房间,背景
393203,handstand,0,1017,倒立,姿势
1845191,glaive_(polearm),0,1017,长柄斧枪,物品
10079,double_dildo,0,1015,双头假阳具,NSFW
446404,cheek_pull,0,1015,拉脸颊,姿势
1320993,print_necktie,0,1015,印花领带,服装
463435,parka,0,1014,派克大衣,服装
1001710,shell_necklace,0,1013,贝壳项链,服装
626910,head_only,0,1013,只有头,姿势
379180,zora,0,1013,卓拉,角色
539119,ultra_ball,0,1013,超级球,物品
374518,how_to,0,1012,如何,文本
14011,height_chart,0,1011,身高图,物品
12456,dvd_cover,0,1011,DVD封面,风格
1478742,holding_sex_toy,0,1011,拿性玩具,姿势
504065,cephalopod_eyes,0,1011,头足类眼睛,眼睛
725442,blue_bandana,0,1011,蓝色头巾,服装
1128476,runny_makeup,0,1011,晕妆,表情
405504,apron_lift,0,1010,掀围裙,服装
604813,long_beard,0,1010,长胡须,身体
1400702,orange_belt,0,1010,橙色腰带,服装
433080,koi,0,1010,锦鲤,角色
393640,aurora,0,1010,极光,背景
642231,white_lily,0,1008,白百合,物品
483045,kinchaku,0,1008,巾着,物品
1386653,falchion_(fire_emblem),0,1008,法尔希昂,物品
618068,light_machine_gun,0,1007,轻机枪,物品
457678,animal_slippers,0,1007,动物拖鞋,服装
1556083,camouflage_headwear,0,1007,迷彩头饰,服装
790375,licking_foot,0,1006,舔脚,NSFW
389325,grave,0,1006,坟墓,物品
692139,penguin_hood,0,1006,企鹅兜帽,服装
447807,crocs,0,1006,洞洞鞋,服装
571640,jacket_over_swimsuit,0,1005,外套穿泳装上,服装
407128,crumbs,0,1005,碎屑,物品
547983,rope_belt,0,1005,绳腰带,服装
1324856,virgin_killer_outfit,0,1005,处女杀手服装,服装
1407009,japari_bun,0,1005,嘉帕里面包,物品
386926,polar_bear,0,1004,北极熊,角色
621690,no_mask,0,1004,无面具,服装
548034,keystone,0,1004,拱心石,物品
1353392,shoulder_sash,0,1004,肩带,服装
2944,airship,0,1003,飞艇,物品
239,valkyrie,0,1003,女武神,角色
547300,misunderstanding,0,1003,误会,表情
512129,symbolism,0,1003,象征,风格
657147,fur_boots,0,1003,毛靴,服装
553040,flower_bracelet,0,1002,花手镯,服装
1397501,star_ornament,0,1002,星星饰,物品
699573,energy_cannon,0,1002,能量炮,物品
729551,kiwi_(fruit),0,1001,猕猴桃,物品
15450,onion,0,1001,洋葱,物品
1451576,checkered_sash,0,1001,格子腰带,服装
709908,fanning_self,0,1000,扇自己,姿势
1262145,hands_on_ground,0,1000,手放地上,姿势
1501556,yellow_sweater_vest,0,999,黄色毛衣背心,服装
468583,melon_bread,0,999,甜瓜面包,物品
1432422,purple_cardigan,0,999,紫色开襟毛衣,服装
509654,forced_orgasm,0,998,强制高潮,NSFW
471358,bass_clef,0,998,低音谱号,物品
1371471,anchor_necklace,0,998,锚项链,服装
1400406,striped_hairband,0,997,条纹发带,头发
475528,ankle_grab,0,996,抓脚踝,NSFW
546085,brown_bra,0,995,棕色胸罩,服装
1426299,tokisadame_school_uniform,0,995,时定校服,服装
651813,floating_card,0,994,漂浮卡,物品
1426213,multiple_riders,0,994,多骑手,姿势
548294,nib_pen_(object),0,994,钢笔物体,物品
400507,sailor_senshi,0,994,水兵战士,角色
1247797,bike_shorts_under_shorts,0,994,自行车短裤短裤下,服装
10268,net,0,993,网,物品
1386162,facebook_username,0,993,Facebook用户名,艺术家
423080,hat_with_ears,0,992,有耳帽子,服装
716956,puff_and_slash_sleeves,0,992,泡泡与开叉袖,服装
450701,pixelated,0,992,像素化,风格
607013,stitched_mouth,0,992,缝合嘴,表情
517244,anglerfish,0,992,琵琶鱼,角色
416380,gokkun,0,991,吞精,NSFW
1364632,red_feathers,0,991,红色羽毛,特征
4517,gymnastics,0,990,体操,姿势
544688,bunching_hair,0,989,扎头发,姿势
1378073,ears_visible_through_hair,0,989,耳朵透过头发可见,特征
586471,rounded_corners,0,989,圆角,风格
609352,themed_object,0,989,主题物体,物品
707514,stone_stairs,0,989,石台阶,物品
1345225,half_mask,0,989,半面具,服装
379013,note,0,989,笔记,物品
1274150,print_sleeves,0,989,印花袖,服装
1376960,glowing_tattoo,0,989,发光纹身,身体
12002,foam,0,988,泡沫,物品
1412249,green_scrunchie,0,988,绿色发圈,头发
397136,trigram,0,987,八卦,物品
1734,karaoke,0,987,卡拉OK,物品
488001,tape_measure,0,987,卷尺,物品
417910,duckling,0,987,小鸭,角色
1475691,hanasakigawa_school_uniform,0,987,花咲川校服,服装
9166,windmill,0,986,风车,物品
613430,bagged_fish,0,985,袋装鱼,物品
392867,melon,0,985,甜瓜,物品
1942283,thick_mustache,0,985,浓胡子,身体
1299465,coin_on_string,0,984,绳上硬币,物品
1626980,gaming_chair,0,984,游戏椅,物品
545481,hand_on_leg,0,983,手放腿,姿势
429764,forehead_tattoo,0,983,额头纹身,身体
681073,clear_sky,0,983,晴空,背景
483853,bulletin_board,0,980,公告板,物品
1252120,roundel,0,980,圆徽,物品
1674442,covered_testicles,0,980,遮睾丸,NSFW
716637,argyle_sweater,0,980,菱形格毛衣,服装
15619,sand_castle,0,979,沙堡,物品
452085,hospital_gown,0,979,病号服,服装
457036,steak,0,979,牛排,物品
652399,araki_hirohiko_(style),0,978,荒木飞吕彦风格,风格
583137,ear_protection,0,978,耳保护,服装
582033,clothes_tug,0,977,拉衣服,姿势
409201,pinned,0,977,被压,姿势
1601327,diamond_hairband,0,977,钻石发带,头发
907721,onesie,0,976,连体衣,服装
2035712,rhodes_island_logo_(arknights),0,976,罗德岛标志,物品
565669,telstar,0,975,泰星球,物品
1379634,mmm_threesome,0,975,男男女3P,NSFW
1791550,green_armband,0,975,绿色臂章,服装
397923,group_hug,0,974,集体拥抱,姿势
507308,voile,0,974,薄纱,服装
572327,splatter,0,974,溅,表情
1303240,polka_dot_scrunchie,0,974,波点发圈,头发
394721,varia_suit,0,973,瓦里亚服,服装
673705,hand_rest,0,973,手靠,姿势
681979,double_\m/,0,973,双\m/姿势,姿势
393506,shrimp_tempura,0,972,虾天妇罗,物品
537098,watching_television,0,972,看电视,姿势
499780,holding_breath,0,972,屏息,表情
1467618,two-tone_coat,0,971,双色大衣,服装
1329132,cherry_hair_ornament,0,971,樱桃发饰,头发
1326166,sukajan,0,971,刺绣夹克,服装
574393,ace_of_hearts,0,970,红心A,物品
4899,stats,0,970,数据,文本
704182,character_signature,0,970,角色签名,艺术家
463449,sugar_cube,0,969,糖块,物品
502652,ink_(medium),0,969,墨水媒介,风格
504316,hands_on_hilt,0,968,手放剑柄,姿势
16792,golf_club,0,968,高尔夫球杆,物品
489491,platform_boots,0,968,厚底靴,服装
1318748,floating_weapon,0,968,漂浮武器,物品
679905,panicking,0,967,惊慌,表情
484040,winding_key,0,967,上发条钥匙,物品
642272,above_clouds,0,967,云上,背景
1457427,looking_at_food,0,967,看食物,姿势
376621,wa_lolita,0,967,WA洛丽塔,服装
1835748,striped_one-piece_swimsuit,0,966,条纹连体泳装,服装
409820,cat_costume,0,966,猫服装,服装
397500,electric_plug,0,966,电插头,物品
1375741,extra_faces,0,966,多脸,特征
587390,hand_on_headphones,0,965,手放耳机,姿势
1161750,boy_sandwich,0,965,男孩夹击,NSFW
426382,bear_tail,0,964,熊尾,特征
11268,stripper,0,964,脱衣舞娘,角色
1260709,copy_ability,0,964,复制能力,角色
1407027,jaguar_tail,0,964,美洲豹尾,特征
1496708,hitodama_print,0,963,鬼火印花,服装
1455373,v-shaped_eyes,0,962,V形眼睛,眼睛
648057,rabbit_hat,0,961,兔帽,服装
441997,track_and_field,0,961,田径,角色
395993,energy_beam,0,960,能量光束,物品
677819,testicle_sucking,0,960,吸睾丸,NSFW
663613,anal_fluid,0,960,肛液,NSFW
2013939,thick_beard,0,960,浓胡须,身体
6429,dwarf,0,960,矮人,角色
538615,paper_stack,0,960,纸堆,物品
1240337,yellow_border,0,960,黄色边框,风格
1489407,martial_arts_belt,0,960,武术腰带,服装
10727,bib,0,959,围兜,服装
419685,invisible_man,0,959,隐形人,角色
592592,personality_switch,0,959,人格切换,角色
1413251,fur-trimmed_collar,0,959,毛边领,服装
678477,shared_speech_bubble,0,958,共对话气泡,文本
5547,pet,0,958,宠物,角色
1684568,paint_splatter_on_face,0,958,脸上颜料溅,表情
1310659,hands_on_another's_thighs,0,958,手放别人大腿,姿势
394866,zodiac,0,957,生肖,文本
634813,hugging_tail,0,957,抱尾巴,姿势
1317392,sports_bra_lift,0,957,掀运动胸罩,NSFW
577070,hand_on_wall,0,956,手扶墙,姿势
421692,game_boy,0,956,游戏男孩,物品
574527,surcoat,0,956,罩袍,服装
562990,bath_stool,0,955,浴凳,物品
679205,catchphrase,0,955,口头禅,文本
1263485,single_thigh_boot,0,955,单大腿靴,服装
1569753,teardrop_tattoo,0,954,泪滴纹身,身体
438748,breast_poke,0,954,戳胸,NSFW
1282931,raimon_soccer_uniform,0,954,雷门足球服,服装
1344416,heart_pendant,0,954,爱心吊坠,服装
9716,strawberry_panties,0,953,草莓内裤,服装
691979,high_tops,0,953,高帮鞋,服装
1252918,sitting_on_table,0,953,坐在桌上,姿势
514585,plaid_bra,0,953,格子胸罩,服装
693309,sleeve_grab,0,953,抓袖,姿势
582988,colored_text,0,952,彩色文本,文本
389926,panty_lift,0,952,拉内裤,NSFW
839892,no_mole,0,951,无痣,身体
54531,blood_bag,0,951,血袋,物品
1154025,ankle_wrap,0,951,踝缠,服装
1687001,male_underwear_pull,0,951,拉男性内裤,NSFW
622330,oversized_limbs,0,951,超大肢体,身体
690728,missile_pod,0,951,导弹舱,物品
1240826,print_hoodie,0,951,印花卫衣,服装
1490497,green-tinted_eyewear,0,950,绿染眼镜,服装
1429582,dress_swimsuit,0,950,连衣裙泳装,服装
458351,crane_game,0,950,抓娃娃机,物品
1244336,flower_brooch,0,950,花胸针,服装
564894,united_states,0,949,美国,文本
3912,p90,0,949,P90,物品
1271930,nanodesu_(phrase),0,949,nanodesu短语,文本
876691,cum_in_container,0,948,容器内射,NSFW
119610,triplets,0,948,三胞胎,角色
665892,cross-laced_legwear,0,947,交叉系腿装,服装
534139,popped_button,0,947,纽扣崩开,服装
488521,canopy_bed,0,947,华盖床,物品
9476,minotaur,0,946,牛头怪,角色
694148,candlelight,0,946,烛光,背景
467700,salad,0,946,沙拉,物品
1372678,tumblr_username,0,946,Tumblr用户名,艺术家
376977,parrot,0,945,鹦鹉,角色
472408,sneezing,0,945,打喷嚏,表情
493711,finger_frame,0,945,手指框,姿势
675922,on_roof,0,945,在屋顶,姿势
471798,before_and_after,0,945,前后对比,风格
405020,wheelbarrow,0,945,独轮车,物品
424519,racecar,0,945,赛车,物品
1396676,dressing_another,0,944,给别人穿衣,姿势
5302,elvaan,0,944,艾尔凡,角色
397561,radish,0,944,萝卜,物品
475951,ornament,0,943,饰品,物品
552753,perfume_bottle,0,943,香水瓶,物品
1505371,star_guardian_(league_of_legends),0,943,星之守护者,角色
1417605,blue_shawl,0,943,蓝色披肩,服装
394720,afterglow,0,942,余韵,表情
1548224,butterfly_brooch,0,942,蝴蝶胸针,服装
1326876,diamond_hair_ornament,0,941,钻石发饰,头发
1392344,white_sarong,0,940,白色纱笼,服装
6352,elephant,0,940,大象,角色
1426117,precum_drip,0,940,前液滴,NSFW
519920,cum_inflation,0,940,精液膨胀,NSFW
413459,inflatable_raft,0,939,充气筏,物品
1578028,heart_on_chest,0,939,胸上爱心,表情
1853182,kamiyama_high_school_uniform_(project_sekai),0,939,神山高校服,服装
1835737,green_one-piece_swimsuit,0,938,绿色连体泳装,服装
375496,kagami_mochi,0,938,镜饼,物品
1297290,split_theme,0,938,分裂主题,风格
439842,purple_tongue,0,938,紫舌,身体
610394,wavy_eyes,0,938,波浪眼,表情
401062,x3,0,938,x3表情,表情
458787,testicle_grab,0,938,抓睾丸,NSFW
9347,puppy,0,937,小狗,角色
1328313,shell_hair_ornament,0,937,贝壳发饰,头发
1445049,grey_serafuku,0,936,灰色水手服,服装
473285,lace-trimmed_thighhighs,0,936,蕾丝装饰过膝袜,服装
571097,crane_(animal),0,935,鹤,角色
1386603,orange_cape,0,935,橙色披风,服装
645682,heart-shaped_eyes,0,935,爱心眼睛,眼睛
1283338,american_flag_print,0,935,美国旗印花,服装
393062,skirt_flip,0,934,翻裙,NSFW
400231,kotoyoro,0,934,琴夜,文本
553675,ehoumaki,0,934,惠方卷,物品
479840,severed_limb,0,934,断肢,表情
1860181,chain_headband,0,934,链发带,头发
2730,massage,0,933,按摩,姿势
799867,futasub,0,933,扶她子,角色
1476164,holding_frying_pan,0,933,拿平底锅,姿势
330762,dirt,0,933,泥土,背景
719987,ghost_pose,0,933,鬼姿,姿势
1272545,orange_leotard,0,932,橙色紧身衣,服装
1293918,bicycle_basket,0,932,自行车篮,物品
1424344,sling_bikini_top,0,932,吊带比基尼上,服装
637908,adapted_uniform,0,932,改版制服,服装
1505133,spanish_text,0,932,西班牙文文本,文本
702627,ass-to-ass,0,931,臀对臀,NSFW
496190,kabuto_(helmet),0,931,兜,服装
1470771,planet_hair_ornament,0,931,行星发饰,头发
1240072,hair_color_connection,0,930,发色连接,头发
120759,mat,0,929,垫子,物品
1319070,text_messaging,0,929,发短信,姿势
1513506,patchwork_clothes,0,929,拼布衣服,服装
714122,ball_and_chain_restraint,0,928,球链束缚,NSFW
1076830,hat_on_back,0,928,帽子在背,服装
1428052,watermelon_slice,0,928,西瓜片,物品
1163703,oversized_breast_cup,0,928,超大胸杯,身体
1441858,lap_pillow_invitation,0,928,大腿枕邀请,姿势
1465576,holding_teapot,0,926,拿茶壶,姿势
511500,head_on_chest,0,926,头靠胸,姿势
581487,hishaku,0,926,柄杓,物品
655737,pants_under_skirt,0,926,裤子裙下,服装
608024,arm_between_legs,0,926,臂夹腿,姿势
1484224,pearl_hair_ornament,0,926,珍珠发饰,头发
393452,leaf_umbrella,0,925,叶子伞,物品
9745,hungry,0,924,饥饿,表情
1890159,hand_on_own_ear,0,923,手放自己耳,姿势
2006768,unworn_bikini_bottom,0,923,未穿比基尼底,服装
1695426,popsicle_in_mouth,0,923,嘴里冰棒,表情
9541,punk,0,922,朋克,角色
533238,milky_way,0,922,银河,背景
1416325,multicolored_hairband,0,922,多色发带,头发
679788,wet_towel,0,921,湿毛巾,物品
1983409,drop-shaped_pupils,0,921,水滴瞳孔,眼睛
399404,skull_necklace,0,920,骷髅项链,服装
460701,pagoda,0,920,宝塔,背景
1422612,purple_serafuku,0,919,紫色水手服,服装
1754051,western_comics_(style),0,919,西方漫画风格,风格
675626,in_palm,0,919,在手掌,姿势
1247324,implied_fingering,0,919,暗示指交,NSFW
474597,mitre,0,919,主教冠,服装
535487,hand_over_eye,0,919,手遮眼,姿势
1360959,frilled_jacket,0,919,褶边外套,服装
646375,sayagata,0,919,绫杉,图案
467235,license_plate,0,918,车牌,物品
547795,breaking,0,918,破裂,表情
1436508,penis_on_ass,0,918,阴茎在臀,NSFW
546978,two-finger_salute,0,918,二指礼,姿势
641133,aqua_bra,0,918,水色胸罩,服装
1425383,blue_pajamas,0,918,蓝色睡衣,服装
424698,moth,0,918,蛾,角色
490626,smoke_trail,0,918,烟迹,背景
382030,beetle,0,917,甲虫,角色
433742,frozen,0,917,冻结,表情
1281944,anchor_choker,0,917,锚项圈,服装
431724,cheekbones,0,916,颧骨,身体
564925,polka_dot_ribbon,0,916,波点丝带,服装
1390981,ribbon_braid,0,916,丝带辫,头发
1436930,red_curtains,0,916,红色窗帘,背景
518157,peony_(flower),0,915,牡丹,物品
1835605,halter_shirt,0,915,露背衫,服装
5466,mummy,0,915,木乃伊,角色
1441554,red_sports_bra,0,915,红色运动胸罩,服装
317012,zeon,0,915,吉翁,角色
643172,shotgun_shell,0,915,霰弹壳,物品
557780,alternate_wings,0,914,备用翅膀,特征
711922,crocodilian,0,914,鳄鱼类,角色
164255,nudist,0,914,裸体主义者,角色
594978,naked_tabard,0,913,只穿罩袍,服装
4374,meta,0,913,元,风格
2028289,sideless_kimono,0,913,侧无和服,服装
1396474,single_knee_pad,0,912,单护膝,服装
570549,long_shirt,0,911,长衬衫,服装
489578,whiskey,0,911,威士忌,物品
626440,season_connection,0,911,季节连接,文本
1510577,v_over_mouth,0,911,V遮嘴,姿势
1419480,maid_day,0,911,女仆日,文本
1776547,multiple_scars,0,911,多伤疤,身体
11323,apartment,0,910,公寓,背景
467744,mount_fuji,0,910,富士山,背景
1989967,segmented_comic,0,910,分段漫画,风格
547020,fidgeting,0,909,坐立不安,表情
509088,penis_in_panties,0,908,阴茎在内裤,NSFW
680409,adam's_apple,0,908,喉结,身体
1688136,saliva_drip,0,908,口水滴,表情
1546273,cross-laced_slit,0,908,交叉系开叉,服装
609535,witch_(madoka_magica),0,908,魔法少女魔女,角色
741418,card_parody,0,908,卡片恶搞,风格
708682,hand_on_another's_hand,0,907,手放别人手,姿势
498585,cute_&_girly_(idolmaster),0,907,可爱&少女,角色
389771,syrup,0,907,糖浆,物品
525584,orange_socks,0,907,橙色袜子,服装
658126,cream_on_face,0,907,脸上奶油,表情
1390068,joy-con,0,907,手柄,物品
630542,butterfly_sitting,0,907,蝴蝶坐,姿势
1322883,flag_background,0,906,旗帜背景,背景
684743,sam_browne_belt,0,906,山姆·布朗腰带,服装
396015,gunblade,0,906,枪刃,物品
1317436,satin_panties,0,906,缎内裤,服装
467514,embroidery,0,905,刺绣,服装
383898,bullying,0,904,欺负,表情
701994,pov_across_table,0,904,桌对面主视角,姿势
1351262,hand_on_another's_ear,0,904,手放别人耳,姿势
447159,fishing_line,0,904,钓线,物品
1754190,onii-shota,0,904,哥哥正太,角色
460435,ivy,0,903,常春藤,物品
662803,honeycomb_background,0,903,蜂巢背景,背景
1303975,blue_sarong,0,903,蓝色纱笼,服装
1370713,pink_umbrella,0,903,粉色伞,物品
473342,imperial_japanese_army,0,903,日本帝国陆军,角色
502186,broken_window,0,902,破窗,背景
1417085,double_horizontal_stripe,0,901,双横条纹,服装
469328,sticky_note,0,901,便利贴,物品
15902,jetpack,0,901,喷气背包,物品
1574664,two-sided_skirt,0,901,双面裙,服装
385480,buruma_aside,0,900,运动短裤移开,NSFW
1552959,genderswap_(otf),0,900,性别转换其他,角色
3742,ferret,0,899,雪貂,角色
791840,blue_umbrella,0,899,蓝色伞,物品
444001,legband,0,899,腿带,服装
478042,track_uniform,0,899,田径服,服装
1258486,musical_note_print,0,898,音符印花,服装
6284,torture,0,897,拷问,NSFW
8921,white_day,0,897,白色情人节,文本
1687562,off-shoulder_one-piece_swimsuit,0,897,露肩连体泳装,服装
398573,cartridge,0,896,弹夹,物品
1438293,holding_wrench,0,896,拿扳手,姿势
11347,army,0,896,军队,角色
15930,ring_gag,0,896,环口塞,NSFW
620832,hollow_eyes,0,896,空洞眼睛,表情
1355912,holding_another's_leg,0,895,抓别人腿,姿势
389367,pineapple,0,895,菠萝,物品
3513,goat,0,894,山羊,角色
450248,sickle,0,894,镰刀,物品
5102,wizard,0,894,巫师,角色
1263595,soap_bottle,0,893,肥皂瓶,物品
3628,decapitation,0,893,斩首,表情
375353,soviet,0,893,苏联,角色
2006765,unworn_eyepatch,0,893,未戴眼罩,服装
632148,hooded_dress,0,893,连帽连衣裙,服装
6527,cart,0,892,推车,物品
392841,nipple_pull,0,892,拉乳头,NSFW
214260,keep_out,0,892,禁止入内,文本
589932,negative_space,0,891,负空间,风格
3438,japan,0,891,日本,文本
440147,crawling,0,891,爬行,姿势
662225,floating_book,0,891,漂浮书,物品
445428,guard_rail,0,891,护栏,背景
500191,rabbit_costume,0,891,兔服装,服装
1325214,seal_(animal),0,891,海豹,角色
524801,hakurei_shrine,0,890,博丽神社,背景
1607841,holding_riding_crop,0,890,拿马鞭,姿势
1345296,skeleton_print,0,890,骷髅印花,服装
1595590,pectoral_focus,0,890,胸肌焦点,身体
385267,tokyo_(city),0,890,东京,背景
1822470,wataboushi,0,889,棉帽子,服装
410638,huge_dildo,0,889,巨大假阳具,NSFW
1366556,splattershot_(splatoon),0,889,斯普拉射击枪,物品
562139,glove_biting,0,888,咬手套,表情
1411084,pravda_military_uniform,0,888,真理军服,服装
1827382,st._theresa's_girls_academy_school_uniform,0,888,圣特蕾莎女学园校服,服装
7461,lizard,0,887,蜥蜴,角色
168887,age_comparison,0,887,年龄对比,角色
525804,self_hug,0,887,自己抱,姿势
434881,baby_bottle,0,887,奶瓶,物品
1881202,st._chronica_academy_school_uniform,0,886,圣克罗尼卡学园校服,服装
524684,food_on_breasts,0,885,胸上食物,NSFW
591843,flying_paper,0,885,飞纸,物品
471586,breast_milk,0,884,母乳,NSFW
475375,chocolate_cake,0,884,巧克力蛋糕,物品
590202,pinstripe_suit,0,884,细条纹西装,服装
1064351,green_cloak,0,884,绿色斗篷,服装
1513569,spaceship_hair_ornament,0,884,宇宙飞船发饰,头发
396000,bowler_hat,0,883,圆顶礼帽,服装
1411077,chi-hatan_military_uniform,0,883,知波单军服,服装
378206,joystick,0,882,摇杆,物品
640297,pump_action,0,882,泵动,物品
524545,box_art,0,882,盒子艺术,风格
1680143,pegasus_knight_uniform_(fire_emblem),0,882,天马骑士制服,服装
1532157,green_eyeshadow,0,882,绿色眼影,服装
594013,orange_rose,0,882,橙色玫瑰,物品
537572,teeth_hold,0,881,牙咬,表情
1351869,mesugaki,0,881,雌小鬼,角色
5364,ganguro,0,881,黑皮辣妹,角色
1309232,wallpaper_(object),0,881,壁纸物体,物品
468335,sadism,0,881,施虐,NSFW
491818,muzzle_flash,0,880,枪口焰,表情
1344657,cat_bag,0,880,猫包,物品
1337502,heart_lock_(kantai_collection),0,880,心锁,物品
1327283,cracked_floor,0,879,裂纹地板,背景
501282,lipgloss,0,879,唇彩,服装
1377986,riyo_(lyomsnpmp)_(style),0,879,Riyo风格,风格
712902,pumpkin_hair_ornament,0,878,南瓜发饰,头发
1539221,bandaged_wrist,0,878,绷带腕,服装
1228145,holding_swimsuit,0,878,拿泳装,姿势
548098,mast,0,878,桅杆,物品
719023,implied_kiss,0,877,暗示吻,NSFW
411775,clothesline,0,877,晾衣绳,物品
400691,tag,0,877,标签,物品
686745,spiked_hairband,0,877,尖刺发带,头发
1426179,luna_nova_school_uniform,0,877,露娜诺娃校服,服装
1098977,glass_bottle,0,876,玻璃瓶,物品
537237,coat_dress,0,876,外套连衣裙,服装
590861,black_sky,0,876,黑色天空,背景
284608,tea_set,0,875,茶具,物品
487992,inkwell,0,875,墨水瓶,物品
390727,jester,0,874,小丑,角色
1594642,holomyth,0,874,Holomyth,角色
1409407,pubic_stubble,0,873,阴部胡茬,NSFW
452918,long_nose,0,872,长鼻,身体
420937,stopwatch,0,872,秒表,物品
537303,shoulder_belt,0,872,肩带,服装
664177,holding_footwear,0,872,拿鞋,姿势
675084,holding_toy,0,871,拿玩具,姿势
657414,panties_under_buruma,0,871,内裤穿运动短裤下,服装
680577,color_trace,0,871,颜色描边,风格
622480,food_art,0,871,食物艺术,物品
472859,roots,0,871,根,物品
1617036,pokemon_move,0,871,宝可梦招式,物品
2068712,hugging_book,0,870,抱书,姿势
1328754,brown_border,0,870,棕色边框,风格
2060129,nissin_cup_noodle,0,870,日清杯面,物品
560280,vignetting,0,870,暗角,风格
14645,marshmallow,0,869,棉花糖,物品
503766,half-skirt,0,869,半裙,服装
447315,glock,0,868,Glock,物品
480563,fast_food,0,868,快餐,物品
529773,orange_jumpsuit,0,868,橙色连身服,服装
547523,flower_in_eye,0,868,眼中花,表情
1714871,midriff_sarashi,0,867,露脐缠布,服装
1440813,red_track_suit,0,867,红色运动服,服装
803618,k-pop,0,867,K-pop,角色
1398925,speaking_tube_headset,0,867,传话筒耳机,物品
1363719,cum_on_eyewear,0,866,眼镜射,NSFW
822043,mundane_utility,0,866,日常用途,风格
683512,grey_suit,0,866,灰色西装,服装
1360272,hooded_vest,0,866,连帽背心,服装
1881212,miyamasuzaka_girls'_academy_school_uniform,0,866,宫益坂女学园校服,服装
410219,scylla,0,865,斯库拉,角色
14528,bathrobe,0,863,浴袍,服装
1352247,variable_fighter,0,863,可变战斗机,物品
1347574,mole_on_body,0,863,身上痣,身体
1299315,spoiler_(automobile),0,863,汽车扰流板,物品
1620077,holding_fireworks,0,862,拿烟花,姿势
724440,magical_boy,0,860,魔法男孩,角色
413068,sequential,0,860,顺序,风格
412400,coif,0,860,头巾,服装
1631697,alternate_pectoral_size,0,860,备用胸肌大小,身体
695792,chained_wrists,0,859,绑手腕,NSFW
563949,french_flag,0,858,法国旗,物品
1425321,hogwarts_school_uniform,0,858,霍格沃茨校服,服装
495149,throwing_knife,0,858,飞刀,物品
1886895,prototype_design,0,858,原型设计,风格
630151,bikini_shorts,0,858,比基尼短裤,服装
1429573,bow_skirt,0,858,蝴蝶结裙,服装
1583008,side-tie_peek,0,858,侧系偷看,NSFW
516577,groom,0,857,新郎,角色
1844433,tweaking_own_nipple,0,857,自己捏乳头,NSFW
1374880,bralines,0,857,胸罩线,服装
1410975,blue_camisole,0,856,蓝色吊带衫,服装
492292,behind-the-head_headphones,0,856,头后耳机,物品
684345,credits_page,0,856,致谢页,文本
486063,gauze,0,855,纱布,物品
1424513,striped_coat,0,855,条纹大衣,服装
4410,dragonfly,0,854,蜻蜓,角色
1964717,holding_with_feet,0,854,用脚拿,姿势
584875,pizza_box,0,854,比萨盒,物品
423622,pelt,0,854,毛皮,物品
1622944,chaldea_logo,0,854,迦勒底标志,物品
524807,unfastened,0,853,解开,服装
9429,merchandise,0,853,商品,物品
636503,greek_toe,0,853,希腊脚,身体
1686123,black_armband,0,853,黑色臂章,服装
382343,adjusting_panties,0,852,调整内裤,姿势
596238,bird_print,0,851,鸟印花,服装
1323325,shared_object_insertion,0,851,共物体插入,NSFW
647761,hanging_plant,0,851,悬挂植物,物品
14936,bee,0,851,蜜蜂,角色
557830,hand_on_glass,0,851,手放玻璃,姿势
565438,vertical-striped_socks,0,850,竖条纹袜,服装
1661800,used_condom_on_penis,0,850,用过避孕套戴阴茎,NSFW
562074,plaid_ribbon,0,850,格子丝带,服装
1950169,sparse_stubble,0,850,稀疏胡茬,身体
687873,...?,0,850,...?表情,表情
602163,webbed_hands,0,850,蹼手,特征
478554,contrast,0,850,对比,风格
1898819,virgin_destroyer_sweater,0,850,处女毁灭者毛衣,服装
603240,vertical-striped_panties,0,849,竖条纹内裤,服装
1325782,skull_ornament,0,849,骷髅饰,物品
1468128,training_corps_(emblem),0,849,训练兵团徽章,物品
1303976,print_sarong,0,848,印花纱笼,服装
5099,pegasus,0,848,飞马,角色
395496,cloth,0,848,布,物品
3499,kappa,0,848,河童,角色
384700,dock,0,848,码头,背景
4079,isometric,0,848,等轴,风格
1528677,holding_test_tube,0,848,拿试管,姿势
522258,otter,0,848,水獭,角色
466947,volleyball_net,0,847,排球网,物品
168769,band_uniform,0,847,乐队制服,服装
605322,checkered_shirt,0,847,格子衬衫,服装
1673135,fat_rolls,0,847,肥肉卷,身体
381761,cola,0,846,可乐,物品
792029,glory_wall,0,846,荣耀墙,NSFW
1457794,weapon_case,0,846,武器箱,物品
648669,lowleg_skirt,0,845,低腰裙,服装
1397005,fur-trimmed_shirt,0,845,毛边衬衫,服装
574109,missing_limb,0,845,缺失肢体,身体
1448672,tsab_ground_military_uniform,0,845,TSAB地面军服,服装
682665,super_soaker,0,845,超级喷水枪,物品
1281553,german_flag_bikini,0,845,德国旗比基尼,服装
1524014,lightning_bolt_print,0,845,闪电印花,服装
451855,studded_collar,0,844,钉项圈,服装
2081,hospital,0,843,医院,背景
1456704,holding_mop,0,843,拿拖把,姿势
570545,headlight,0,843,前灯,物品
772467,bear_boy,0,843,熊男,角色
423144,toggles,0,842,系带,服装
1512493,blue_tabard,0,842,蓝色罩袍,服装
3927,gao,0,842,嘎哦,表情
1314901,holly_hair_ornament,0,842,冬青发饰,头发
1318429,pendant_watch,0,841,吊坠表,物品
543243,chrysanthemum,0,841,菊花,物品
409759,cleave_gag,0,841,裂口塞,NSFW
714513,menu_board,0,841,菜单板,物品
1297213,mismatched_sclera,0,841,不匹配巩膜,眼睛
622988,swiss_roll,0,840,瑞士卷,物品
1039471,prostration,0,840,伏地,姿势
449709,uneven_twintails,0,840,不对称双马尾,头发
9215,mutual_masturbation,0,840,相互自慰,NSFW
414987,exercise_ball,0,840,健身球,物品
384589,lyre,0,840,竖琴,物品
590466,horseshoe,0,840,马蹄铁,物品
1881203,lillian_girls'_academy_school_uniform,0,839,莉莉安女学园校服,服装
1681025,emotionless_sex,0,839,无表情性交,NSFW
411754,armpit_sex,0,839,腋交,NSFW
1076064,covering_one_breast,0,839,遮一侧胸,NSFW
12520,suicide,0,839,自杀,表情
384615,infirmary,0,839,医务室,背景
1260902,folded_hair,0,839,折叠头发,头发
726335,vertical-striped_pants,0,839,竖条纹裤,服装
388326,swastika,0,838,卐字,物品
663228,implied_masturbation,0,838,暗示自慰,NSFW
634694,shrugging,0,838,耸肩,姿势
375625,model_kit,0,838,模型套件,物品
381685,pig_ears,0,838,猪耳,特征
519188,metal_skin,0,838,金属皮肤,身体
5402,crowbar,0,837,撬棍,物品
433244,first_aid_kit,0,837,急救箱,物品
1428380,blood_on_leg,0,837,腿有血,表情
1282703,stained_clothes,0,837,污渍衣服,服装
1797951,high-low_skirt,0,837,高低裙,服装
618480,sitting_on_shoulder,0,836,坐在肩上,姿势
446984,gun_to_head,0,836,枪指头,NSFW
11665,seatbelt,0,836,安全带,物品
527885,christmas_stocking,0,836,圣诞袜,物品
1354471,on_railing,0,835,在栏杆上,姿势
468109,tengu_mask,0,835,天狗面具,服装
630404,pumpkin_hat,0,835,南瓜帽,服装
529041,hand_wraps,0,835,手缠,服装
524281,belt_skirt,0,834,腰带裙,服装
381159,crotch_grab,0,834,抓裆,NSFW
485599,silver_dress,0,834,银色连衣裙,服装
1792030,hexagon_print,0,834,六边形印花,服装
1318703,lace-trimmed_choker,0,833,蕾丝装饰项圈,服装
1449427,brown_mittens,0,833,棕色连指手套,服装
460897,sukusuku_hakutaku,0,833,缩缩白泽,角色
1571250,shiny_and_normal,0,833,闪亮与普通,风格
10389,drugged,0,832,被下药,NSFW
287045,hanami,0,832,赏花,姿势
505038,duel_disk,0,832,决斗盘,物品
1286244,rei_no_pool,0,832,零之泳池,背景
517400,blue_hood,0,832,蓝色兜帽,服装
576440,naked_cloak,0,831,只穿斗篷,服装
480256,one-piece_thong,0,831,连体丁字裤,服装
1444212,black_bandeau,0,831,黑色裹胸,服装
1330123,paralyzer,0,831,麻痹器,物品
809507,eye_black,0,831,眼黑,表情
1393397,orange_goggles,0,831,橙色护目镜,服装
1378265,z-ring,0,831,Z手环,物品
386212,diving,0,830,潜水,姿势
624464,crt,0,830,CRT,物品
8079,warrior,0,830,战士,角色
620901,ice_cream_float,0,830,冰淇淋汽水,物品
391741,fingersmile,0,830,手指微笑,表情
1813349,fishnet_socks,0,830,渔网袜,服装
1421495,purple_collar,0,829,紫色项圈,服装
1471254,flower_choker,0,829,花项圈,服装
1273779,elbow_sleeve,0,828,肘袖,服装
437278,masu,0,828,升,物品
1345302,holding_heart,0,828,拿爱心,姿势
1728479,kousaka_kirino's_school_uniform,0,828,香坂桐乃校服,服装
1693508,cut_bangs,0,828,剪刘海,头发
401696,hook,0,827,钩,物品
381749,tamagoyaki,0,827,玉子烧,物品
1293824,portal_(object),0,827,传送门物体,物品
679802,pocky_in_mouth,0,826,嘴里百奇,表情
1404577,grey_apron,0,826,灰色围裙,服装
198450,raccoon,0,825,浣熊,角色
394916,2008,0,825,2008,文本
1392477,jiangshi_costume,0,825,僵尸服装,服装
1634686,cigarette_pack,0,824,香烟包,物品
486022,vacuum_cleaner,0,824,吸尘器,物品
529223,cellphone_charm,0,824,手机挂饰,物品
506659,tribal_tattoo,0,824,部落纹身,身体
510173,easter,0,824,复活节,文本
2069331,mizu_happi,0,823,水法被,服装
469065,fist_bump,0,823,碰拳,姿势
460224,rubber_gloves,0,823,橡胶手套,服装
1389883,red_cardigan,0,823,红色开襟毛衣,服装
82088,sewing,0,822,缝纫,姿势
487630,eye_reflection,0,822,眼中反射,眼睛
462982,photorealistic,0,822,写实,风格
1345444,holding_coin,0,822,拿硬币,姿势
565798,crazy_straw,0,822,疯狂吸管,物品
2013820,mole_under_each_eye,0,822,每眼下痣,身体
1008938,clothes_theft,0,821,衣服偷窃,NSFW
1518947,simulated_fellatio,0,821,模拟口交,NSFW
1467612,holding_microphone_stand,0,821,拿麦克风架,姿势
1257082,clock_eyes,0,821,时钟眼,眼睛
1019493,reptile_girl,0,820,爬行动物女孩,角色
1394772,holding_chain,0,820,拿链,姿势
383875,restroom,0,819,厕所,背景
449449,beretta_92,0,818,贝雷塔92,物品
709609,wrong_foot,0,818,错脚,表情
551086,protecting,0,818,保护,姿势
658222,stuffed_penguin,0,818,毛绒企鹅,物品
409724,converse,0,818,匡威鞋,服装
574147,thong_aside,0,818,丁字裤移开,NSFW
1353604,walking_on_liquid,0,817,走在液体上,姿势
1322934,gesugao,0,817,下流脸,表情
532082,knight_(chess),0,817,骑士棋子,物品
1629215,black_male_swimwear,0,817,黑色男性泳装,服装
1457241,index_fingers_raised,0,817,食指抬起,姿势
1672268,qingxin_flower,0,817,清心花,物品
679600,censored_text,0,816,审查文本,文本
523961,hair_between_breasts,0,815,乳沟间头发,头发
1459749,pelvic_curtain_lift,0,815,骨盆帘掀,服装
1136370,sextuplets,0,815,六胞胎,角色
1610073,toilet_stall,0,814,厕所隔间,物品
1268234,alternate_hair_ornament,0,814,备用发饰,头发
9295,jungle,0,813,丛林,背景
1603815,food_bite,0,813,咬食物,表情
2006773,unworn_necktie,0,813,未戴领带,服装
1266323,mutual_hug,0,812,相互拥抱,姿势
380200,2007,0,812,2007,文本
623951,lying_on_lap,0,812,躺在腿上,姿势
666041,multiple_torii,0,811,多鸟居,背景
1407354,brown_neckerchief,0,811,棕色领巾,服装
1257074,hand_on_floor,0,811,手放地板,姿势
467444,kerchief,0,811,头巾,服装
1411059,saunders_school_uniform,0,811,桑德斯校服,服装
82386,absolutely_everyone,0,810,绝对所有人,人物数量
624878,red_suit,0,810,红色西装,服装
1375562,red_robe,0,810,红色长袍,服装
663412,holding_own_foot,0,809,抓自己脚,姿势
541741,strapless_bottom,0,809,无肩带下,服装
1733214,wing_brooch,0,809,翼胸针,服装
1501050,diagonal-striped_bowtie,0,809,斜条纹领结,服装
671147,licking_ear,0,808,舔耳,NSFW
1848853,miku_day,0,808,初音日,文本
1493682,holding_drumsticks,0,808,拿鼓槌,姿势
570253,flower_in_mouth,0,807,嘴里花,表情
1397511,dorsiflexion,0,807,背屈,身体
563545,braiding_hair,0,807,编辫,姿势
1399875,aqua_kimono,0,807,水色和服,服装
563180,nintendo_3ds,0,807,任天堂3DS,物品
1750923,hexagon_hair_ornament,0,807,六边形发饰,头发
1382389,vertical-striped_kimono,0,806,竖条纹和服,服装
1605930,stitched_arm,0,806,缝合臂,身体
618151,pink_sash,0,805,粉色腰带,服装
485574,cuff_links,0,805,袖扣,服装
536594,determined,0,805,坚定,表情
496893,checkered_dress,0,805,格子连衣裙,服装
1989817,ornate_border,0,805,华丽边框,风格
600400,tri_braids,0,805,三辫,头发
1428530,animal_ear_hairband,0,805,动物耳发带,头发
551767,pastry_bag,0,804,糕点袋,物品
109159,nyan,0,804,喵,表情
387570,measuring,0,804,测量,姿势
1240511,standard_bearer,0,804,旗手,角色
389594,folder,0,803,文件夹,物品
1866251,roasted_sweet_potato,0,803,烤红薯,物品
1289575,<|>_<|>,0,803, <|>_<|>表情,表情
1350631,grey_bowtie,0,803,灰色领结,服装
647108,flying_teardrops,0,802,飞泪滴,表情
528408,soft_serve,0,802,软冰淇淋,物品
650140,clothed_male_nude_male,0,802,男穿衣男裸,NSFW
397042,temple,0,802,寺庙,背景
1467808,4others,0,802,4个其他,人物数量
579524,toe_cleavage,0,802,脚趾沟,身体
1979011,antique_phone,0,801,古董电话,物品
1443312,yellow_camisole,0,801,黄色吊带衫,服装
1273445,miracle_mallet,0,801,奇迹槌,物品
1289376,bishamonten's_spear,0,801,毘沙门天枪,物品
1553479,penis_over_eyes,0,800,阴茎遮眼,NSFW
539894,bamboo_shoot,0,799,竹笋,物品
635050,pointing_forward,0,799,指向前方,姿势
1282902,solid_circle_pupils,0,798,实心圆瞳孔,眼睛
6477,prank,0,798,恶作剧,表情
727812,loaded_interior,0,798,装载内部,背景
657138,cat_mask,0,798,猫面具,服装
1577183,penis_to_breast,0,797,阴茎到胸,NSFW
381166,mannequin,0,797,人体模型,物品
1779993,pink_gemstone,0,796,粉色宝石,物品
413725,crotch_zipper,0,795,裆拉链,服装
427948,tying,0,795,绑,姿势
654961,shippou_(pattern),0,795,七宝纹,图案
378288,blob,0,795,团块,物品
394091,medieval,0,795,中世纪,风格
1427240,shirt_overhang,0,795,衬衫 overhang,服装
518151,anemone_(flower),0,794,海葵,物品
510345,incoming_hug,0,794,即将拥抱,姿势
1349482,igote,0,794,井御手,服装
695217,frog_girl,0,794,青蛙女孩,角色
1835975,projectile_lactation,0,793,喷射泌乳,NSFW
573016,hands_on_shoulders,0,792,手放肩,姿势
586735,carapace,0,792,甲壳,身体
657534,spoken_food,0,791,说话食物,文本
647474,stuffed_dog,0,790,毛绒狗,物品
651505,animal_on_hand,0,790,手上动物,姿势
504867,digital_dissolve,0,790,数字溶解,风格
687850,holding_shirt,0,789,拿衬衫,姿势
374958,cyrillic,0,789,西里尔文,文本
2006776,unworn_shorts,0,788,未穿短裤,服装
377162,prison,0,788,监狱,背景
401123,casino,0,788,赌场,背景
1842576,curly_eyebrows,0,788,卷眉,眼睛
1333746,riding_bicycle,0,787,骑自行车,姿势
1462661,star-shaped_eyewear,0,787,星星眼镜,服装
1205916,white_stripes,0,786,白色条纹,服装
403,chikan,0,786,痴汉,NSFW
500518,clothes_pin,0,786,衣服夹,物品
1310301,kuji-in,0,785,九字印,物品
4209,cauldron,0,785,大锅,物品
1659960,holed_coin,0,785,有孔硬币,物品
652663,cat_on_shoulder,0,784,肩上猫,姿势
12948,storm,0,784,风暴,背景
610947,self-harm,0,784,自残,NSFW
571429,fiery_wings,0,783,火焰翅膀,特征
677066,finger_to_another's_mouth,0,783,手指放别人嘴,NSFW
12070,battleship,0,783,战舰,背景
624228,sky_print,0,783,天空印花,服装
1493300,orange_headband,0,783,橙色头带,头发
376295,scouter,0,783,探测器,物品
1508844,sainan_high_school_uniform,0,783,彩南高校服,服装
472362,intestines,0,782,肠,身体
391985,ashtray,0,782,烟灰缸,物品
411331,long_toenails,0,781,长脚趾甲,身体
1455458,brown_flower,0,781,棕色花,物品
493573,handprint,0,781,手印,表情
1353724,holding_cake,0,781,拿蛋糕,姿势
419647,stakes_of_purgatory,0,781,炼狱之桩,物品
433154,cargo_pants,0,780,工装裤,服装
465272,kyuudou,0,780,弓道,角色
417068,heart_(organ),0,780,心脏,物品
1886042,shimokitazawa_high_school_uniform,0,780,下北泽高校服,服装
656172,hands_on_another's_chest,0,779,手放别人胸,NSFW
1316683,carrying_bag,0,779,扛包,姿势
1256544,removing_jacket,0,779,脱外套,姿势
1359855,frilled_umbrella,0,778,褶边伞,物品
172018,nail_bat,0,778,钉棒,物品
499383,scratching_head,0,778,挠头,姿势
730531,chuunibyou,0,778,中二病,角色
461556,bloodshot_eyes,0,777,充血眼,表情
1505135,italian_text,0,777,意大利文文本,文本
1492153,green_horns,0,777,绿色角,特征
454988,glitter,0,776,闪光,风格
1502192,holding_suitcase,0,776,拿手提箱,姿势
535183,beer_bottle,0,776,啤酒瓶,物品
1440622,green_headband,0,776,绿色头带,头发
523331,micro_bra,0,776,超小胸罩,服装
579036,ace_of_spades,0,775,黑桃A,物品
450236,bipod,0,775,双脚架,物品
420479,no_feet,0,775,无脚,身体
1867868,motosu_school_uniform,0,775,元栖校服,服装
433346,horn_grab,0,774,抓角,NSFW
1453787,golden_arms,0,774,金臂,身体
1861772,crisis_management_form_(machimazo),0,774,危机管理形态,角色
529805,shamoji,0,773,饭勺,物品
449872,walther,0,773,瓦尔特,物品
1389143,brown_serafuku,0,773,棕色水手服,服装
378380,math,0,773,数学,文本
498240,red_nose,0,773,红鼻子,表情
1309364,single_head_wing,0,773,单头翼,特征
607516,holding_leg,0,773,抓腿,姿势
549186,animal_head,0,773,动物头,特征
1539334,black_scales,0,773,黑色鳞,身体
406419,bust_cup,0,772,胸杯,身体
470389,out_of_character,0,772,非角色,风格
1398336,year_of_the_dog,0,772,狗年,文本
1304453,covered_clitoris,0,772,遮阴蒂,NSFW
696037,bulging_eyes,0,772,鼓眼,表情
707905,object_on_breast,0,772,物体在胸,姿势
1375854,dream_soul,0,772,梦魂,物品
1373241,meka_(overwatch),0,772,机甲,物品
459154,nebula,0,771,星云,背景
1083062,gold_coin,0,771,金币,物品
1068870,panda_hood,0,771,熊猫兜帽,服装
2292,magician,0,770,魔术师,角色
10748,elevator,0,770,电梯,物品
558756,taut_swimsuit,0,770,紧绷泳装,服装
484125,deer_tail,0,770,鹿尾,特征
1473363,purple_butterfly,0,770,紫色蝴蝶,物品
649072,grimoire_of_alice,0,769,爱丽丝的魔导书,物品
730919,lolidom,0,769,萝莉支配,NSFW
1375534,aqua_leotard,0,769,水色紧身衣,服装
375963,bathhouse,0,769,澡堂,背景
442513,laundry_basket,0,769,洗衣篮,物品
593089,double_amputee,0,769,双截肢,身体
32011,broccoli,0,769,西兰花,物品
1249968,little_red_riding_hood_(grimm)_(cosplay),0,769,小红帽cosplay,角色
1398335,year_of_the_pig,0,769,猪年,文本
1411110,keizoku_school_uniform,0,769,继续校服,服装
685854,fur_cuffs,0,768,毛袖口,服装
415865,broken_armor,0,768,破铠甲,服装
505385,through_screen,0,768,透过屏幕,风格
413830,wakamezake,0,767,裙带菜酒,NSFW
474812,finger_sucking,0,767,吸手指,NSFW
513340,glowing_hand,0,767,发光手,姿势
4854,cast,0,767,石膏,服装
1306995,panties_under_shorts,0,767,内裤穿短裤下,服装
1820720,weasel_girl,0,767,鼬娘,角色
1372005,brown_lips,0,767,棕色嘴唇,身体
684237,arm_around_back,0,766,手臂绕背,姿势
690043,hand_on_table,0,766,手放桌,姿势
652093,white_sky,0,766,白色天空,背景
1248516,dilation_tape,0,766,扩张胶带,NSFW
1453844,arm_on_knee,0,766,臂放膝,姿势
1307462,maple_leaf_print,0,766,枫叶印花,服装
477740,expression_chart,0,766,表情图,风格
1665648,kanba_girls_high_school_uniform,0,766,神马女子高校服,服装
10383,cabbage,0,765,卷心菜,物品
662846,listening_to_music,0,765,听音乐,姿势
1551195,1970s_(style),0,765,1970s风格,风格
649309,power_connection,0,765,力量连接,角色
1588824,lifebuoy_ornament,0,765,救生圈饰,物品
687895,exploding_clothes,0,764,爆炸衣服,服装
1826632,right-over-left_kimono,0,764,右压左和服,服装
1556706,holding_creature,0,764,抱生物,姿势
693711,floating_rock,0,764,漂浮岩石,物品
1491455,stiletto_(weapon),0,764,细剑,物品
420279,sock_pull,0,763,拉袜,姿势
1410867,window_(computing),0,763,窗口,物品
1477135,clawed_gauntlets,0,763,爪护手,服装
593826,waving_arms,0,763,挥臂,姿势
631824,canned_coffee,0,763,罐装咖啡,物品
1520977,print_mug,0,763,印花马克杯,物品
611611,dogeza,0,763,土下座,姿势
712509,glass_shards,0,763,玻璃碎片,物品
377984,nipple_chain,0,762,乳头链,NSFW
1174087,camisole_lift,0,762,掀吊带衫,NSFW
1509633,frilled_headwear,0,761,褶边头饰,服装
1650790,cable_tail,0,761,电缆尾,特征
120908,chess,0,761,国际象棋,物品
1607566,red_male_underwear,0,761,红色男性内裤,服装
1333942,exposed_pocket,0,761,露出口袋,服装
620731,combat_knife,0,760,作战刀,物品
1597540,two-sided_coat,0,760,双面大衣,服装
73004,materia,0,759,魔晶石,物品
710493,firelock,0,759,火绳枪,物品
12722,volcano,0,759,火山,背景
14272,village,0,759,村庄,背景
242084,trophy,0,759,奖杯,物品
662026,fingering_through_panties,0,758,隔内裤指交,NSFW
681606,dotted_background,0,758,点背景,背景
1255173,shoujo_kitou-chuu,0,758,少女祈祷中,文本
473987,tooth,0,758,牙,身体
9414,whip_marks,0,757,鞭痕,NSFW
464557,eel,0,757,鳗鱼,角色
1373317,paizuri_invitation,0,757,乳交邀请,NSFW
556589,safety_glasses,0,756,安全眼镜,服装
4947,groceries,0,755,杂货,物品
1361745,holding_fish,0,755,拿鱼,姿势
978006,front_slit,0,755,前开叉,服装
458682,multitasking,0,754,多任务,姿势
399624,flippers,0,754,脚蹼,物品
369589,honda,0,754,本田,角色
1485633,leopard_girl,0,754,豹娘,角色
2685,kickboard,0,753,踢板,物品
501948,wing_ears,0,753,翼耳,特征
1298988,smartphone_case,0,753,手机壳,物品
1419277,kariyushi_shirt,0,753,夏威夷衬衫,服装
434547,oonusa,0,752,大币,物品
1248465,knives_between_fingers,0,752,指间刀,物品
446480,broken_sword,0,752,破剑,物品
485720,policeman,0,752,警察,角色
1253133,spade_hair_ornament,0,752,黑桃发饰,头发
1859006,white_halo,0,752,白色光环,特征
1687002,male_underwear_peek,0,752,男性内裤偷看,NSFW
1682855,hand_focus,0,751,手焦点,身体
466940,fitting_room,0,751,更衣室,背景
483695,carton,0,751,纸箱,物品
462045,cash_register,0,751,收银机,物品
2006771,unworn_jewelry,0,751,未戴珠宝,服装
1258228,hanging_light,0,751,悬挂灯,物品
1401251,leotard_peek,0,749,紧身衣偷看,NSFW
535094,makeup_brush,0,749,化妆刷,物品
1627128,caliburn_(fate),0,748,卡利班,物品
664057,neck_garter,0,748,颈吊带,服装
374339,foot_worship,0,748,足崇拜,NSFW
593770,fried_chicken,0,748,炸鸡,物品
720295,weasel_tail,0,748,鼬尾,特征
616149,blue_suit,0,748,蓝色西装,服装
1499342,cross-laced_top,0,748,交叉系上衣,服装
1372610,koishi_day,0,748,古石日,文本
1436739,military_operator,0,747,军事操作员,角色
443238,wardrobe_error,0,747,衣柜错误,NSFW
600430,table_humping,0,747,桌磨,NSFW
376272,whiteboard,0,747,白板,物品
1257988,holding_photo,0,747,拿照片,姿势
1985698,vehicle_and_personification,0,747,车辆与拟人,角色
403748,bolt,0,747,螺栓,物品
419800,compass,0,746,指南针,物品
1386018,ooarai_(emblem),0,746,大洗徽章,物品
2058788,youkai_(youkai_watch),0,746,妖怪,角色
1978861,2b_(nier:automata)_(cosplay),0,746,2B cosplay,角色
404956,dissolving_clothes,0,745,溶解衣服,服装
475330,hunched_over,0,745,弯腰,姿势
1449244,holding_pole,0,745,拿杆,姿势
672191,jacket_lift,0,745,掀外套,服装
534500,fish_bone,0,744,鱼骨,物品
451999,drowning,0,744,溺水,表情
1443338,holding_shovel,0,743,拿铲,姿势
441148,marriage_proposal,0,743,求婚,文本
1497921,backless_swimsuit,0,743,露背泳装,服装
1980771,gag_harness,0,743,口塞具,NSFW
1928097,tickling_armpits,0,743,挠腋下,NSFW
2618,jam,0,742,果酱,物品
567557,chili_pepper,0,742,辣椒,物品
470016,incoming_kiss,0,742,即将吻,NSFW
528148,ray_gun,0,742,射线枪,物品
108850,trash,0,742,垃圾,物品
449113,rust,0,742,锈,物品
1536591,low-cut_armhole,0,742,低臂洞,服装
1332216,propeller_hair_ornament,0,742,螺旋桨发饰,头发
24365,tambourine,0,741,铃鼓,物品
416849,merman,0,741,人鱼男,角色
542165,runny_nose,0,741,流鼻涕,表情
439969,sprinkles,0,741,彩糖,物品
1348685,fake_magazine_cover,0,741,假杂志封面,风格
412041,biwa_lute,0,741,琵琶,物品
715587,against_fourth_wall,0,741,靠第四面墙,风格
686939,wide_oval_eyes,0,740,宽椭圆眼,眼睛
688374,holding_cross,0,740,拿十字,姿势
1730247,sexual_coaching,0,740,性指导,NSFW
1684976,craft_essence_(fate),0,740,从者礼装,物品
1406789,otter_tail,0,740,水獭尾,特征
598911,interior,0,739,室内,背景
608725,mami_mogu_mogu,0,739,麻米莫古莫古,文本
1396057,gumroad_username,0,739,Gumroad用户名,艺术家
407968,lime_(fruit),0,738,青柠,物品
1453283,amestris_military_uniform,0,738,阿梅斯特里斯军服,服装
568063,cobblestone,0,738,鹅卵石,背景
521072,cupboard,0,738,橱柜,物品
441528,canteen,0,738,水壶,物品
1300994,taut_leotard,0,738,紧绷紧身衣,服装
392118,cork,0,737,软木,物品
2321,phoenix,0,737,凤凰,角色
599713,after_masturbation,0,737,自慰后,NSFW
634874,o-ring_swimsuit,0,737,O环泳装,服装
622107,dorsal_fin,0,737,背鳍,特征
554948,flying_fish,0,737,飞鱼,角色
484041,wind_turbine,0,736,风力涡轮,物品
1408010,pom_pom_earrings,0,736,绒球耳环,服装
716702,checkered_bow,0,736,格子蝴蝶结,服装
1472418,multiple_hairpins,0,736,多发夹,头发
480630,record,0,735,唱片,物品
1557609,smelling_clothes,0,735,闻衣服,NSFW
1363286,light_brown_background,0,735,浅棕背景,背景
1886396,lance_of_longinus_(evangelion),0,735,朗基努斯之枪,物品
1463447,studded_choker,0,735,钉项圈,服装
1441197,red_bandeau,0,735,红色裹胸,服装
424847,croissant,0,735,羊角面包,物品
411278,jolly_roger,0,735,骷髅旗,物品
1617321,red_trim,0,734,红色装饰,服装
217022,mechanic,0,734,机械师,角色
1413219,covering_another's_mouth,0,734,遮别人嘴,姿势
721754,single_garter_strap,0,734,单吊袜带,服装
490599,lane_line,0,733,车道线,背景
14376,brain,0,733,大脑,物品
413217,humping,0,733,顶撞,NSFW
1692877,fruit_hat_ornament,0,733,水果帽饰,头发
660220,ski_goggles,0,733,滑雪护目镜,服装
1350902,starfish_hair_ornament,0,733,海星发饰,头发
1255360,hand_on_own_forehead,0,732,手放自己额,姿势
1253317,holding_briefcase,0,732,拿公文包,姿势
1466153,brown_sash,0,732,棕色腰带,服装
75230,orca,0,732,虎鲸,角色
1778,urinal,0,732,小便池,物品
5756,van,0,732,货车,物品
761631,layered_kimono,0,732,分层和服,服装
1391180,o-ring_belt,0,732,O环腰带,服装
513432,ballpoint_pen_(medium),0,732,圆珠笔媒介,风格
1327659,striped_vest,0,732,条纹背心,服装
1577915,like_and_retweet,0,732,点赞转发,文本
1442899,green_cardigan,0,731,绿色开襟毛衣,服装
638337,multicolored_stripes,0,731,多色条纹,服装
1384372,aqua_hairband,0,731,水色发带,头发
2391,square,0,731,正方形,物品
437505,entangled,0,731,纠缠,NSFW
396195,billboard,0,731,广告牌,物品
1778351,yellow_gemstone,0,731,黄色宝石,物品
1016087,plate_carrier,0,731,板载,服装
379359,surfing,0,730,冲浪,姿势
438322,police_car,0,730,警车,物品
555919,crystal_wings,0,730,水晶翅膀,特征
1690649,limiter_(tsukumo_sana),0,730,限制器,物品
449464,casing_ejection,0,729,弹壳弹出,物品
484640,fern,0,729,蕨,物品
1236817,bear_hood,0,729,熊兜帽,服装
500376,war_hammer,0,728,战锤,物品
581992,coffee_pot,0,728,咖啡壶,物品
514658,holding_bra,0,728,拿胸罩,姿势
15371,sauce,0,728,酱,物品
1271840,throat_microphone,0,728,喉麦,物品
682123,detached_leggings,0,728,分离紧身裤,服装
378043,shopping_cart,0,727,购物车,物品
1820626,half-erect,0,727,半勃起,NSFW
412638,ticket,0,727,票,物品
1442516,paw_print_pattern,0,727,爪印图案,服装
1515529,shindan_maker,0,727,诊断机,物品
390051,invisible,0,726,隐形,风格
467468,congratulations,0,726,恭喜,文本
1263906,star_wand,0,726,星星魔杖,物品
1077069,object_head,0,726,物体头,特征
1287696,yumi_(bow),0,725,弓,物品
410838,m16,0,725,M16,物品
1886232,on_scooter,0,725,在滑板车上,姿势
1628091,kanshou_&_bakuya_(fate),0,724,干将莫邪,物品
383871,chocolate_making,0,724,做巧克力,姿势
9508,carousel,0,723,旋转木马,物品
14457,wet_skirt,0,723,湿裙,服装
635361,body_switch,0,723,身体交换,NSFW
496392,depressed,0,723,沮丧,表情
1143156,multicolored_tail,0,723,多色尾,特征
663411,holding_another's_foot,0,723,抓别人脚,姿势
1994923,walker_(robot),0,723,步行者机器人,物品
589491,gradient_wings,0,723,渐变翅膀,特征
1305544,down_jacket,0,723,羽绒服,服装
1291060,rabbit_on_head,0,723,头上兔,姿势
870284,giant_male,0,723,巨男,身体
668796,meteor_shower,0,722,流星雨,背景
675816,kissing_neck,0,722,亲颈,NSFW
472496,raspberry,0,721,覆盆子,物品
1380972,holding_scroll,0,721,拿卷轴,姿势
1319606,twintails_day,0,721,双马尾日,文本
1551950,rhine_lab_logo,0,721,莱茵实验室标志,物品
717991,monochrome_background,0,720,单色背景,背景
1404688,pink_tank_top,0,720,粉色背心,服装
395848,kadomatsu,0,720,门松,物品
8768,microwave,0,720,微波炉,物品
1241808,looking_at_hand,0,720,看手,姿势
513429,watercolor_pencil_(medium),0,720,水彩铅笔媒介,风格
1835736,yellow_one-piece_swimsuit,0,719,黄色连体泳装,服装
1445402,white_bandeau,0,719,白色裹胸,服装
564940,paint_can,0,719,颜料罐,物品
470329,musket,0,719,火枪,物品
11777,monk,0,719,和尚,角色
1881342,shield_on_back,0,719,盾背上,姿势
1500711,facing_up,0,719,朝上,姿势
1690512,black_tube_top,0,718,黑色管状上衣,服装
579316,white_pubic_hair,0,718,白色阴毛,NSFW
1514435,scoop_neck,0,718,勺领,服装
1543107,female_goblin,0,718,女哥布林,角色
1383442,purple_pupils,0,717,紫色瞳孔,眼睛
3327,graduation,0,717,毕业,文本
1358328,covering_another's_eyes,0,717,遮别人眼,姿势
1184023,ligne_claire,0,717,清晰线,风格
1231690,slim_legs,0,716,纤腿,身体
380384,accident,0,716,事故,表情
461768,handshake,0,716,握手,姿势
550212,torn_wings,0,716,破翅膀,特征
392002,kono_lolicon_domome,0,716,这个萝莉控,文本
402892,weights,0,716,哑铃,物品
558276,temari_ball,0,716,手鞠球,物品
602754,red_wine,0,716,红酒,物品
519170,yellow_pantyhose,0,715,黄色连裤袜,服装
1050723,super_saiyan_4,0,715,超级赛亚人4,角色
575798,wafer_stick,0,715,威化棒,物品
673054,condensation,0,715,水珠,物品
1564862,originium_arts_(arknights),0,715,源石技艺,物品
666749,sitting_sideways,0,714,侧坐,姿势
456823,small_nipples,0,714,小乳头,NSFW
419818,fading,0,714,渐隐,风格
533896,surrounded,0,714,被包围,姿势
628155,bandaged_fingers,0,714,绷带手指,服装
653735,ahoge_wag,0,714,呆毛摇,头发
377255,bindi,0,713,点痣,身体
1253562,black_hood,0,712,黑色兜帽,服装
1262238,hand_on_ground,0,712,手放地上,姿势
471969,container,0,712,容器,物品
432197,glansjob,0,712,龟头交,NSFW
1127765,black_veil,0,712,黑色面纱,服装
1498394,child_carry,0,712,抱儿童,姿势
191640,ak-47,0,711,AK-47,物品
595034,head_on_head,0,711,头叠头,姿势
1892220,pitcher_(container),0,711,投手壶,物品
474159,coin_purse,0,711,零钱包,物品
575514,leaf_background,0,711,叶子背景,背景
691122,transparent_censoring,0,711,透明审查,NSFW
1232037,hakama_shorts,0,711,袴短裤,服装
1406769,moose_ears,0,711,麋鹿耳,特征
1543883,josou_seme,0,710,伪娘攻,角色
651680,stuffed_panda,0,710,毛绒熊猫,物品
655793,police_badge,0,710,警察徽章,物品
548344,translucent,0,710,半透明,服装
1070070,fishnet_bodysuit,0,710,渔网紧身衣,服装
451531,cutting,0,710,切割,姿势
539984,pointy_hat,0,710,尖帽,服装
524604,fur_jacket,0,710,毛外套,服装
619775,dollar_sign,0,709,美元符号,物品
460178,curled_up,0,709,蜷缩,姿势
1363051,bandaid_on_neck,0,708,颈创可贴,服装
613159,homu,0,708,霍姆,物品
1370485,crescent_rose,0,708,新月玫瑰,物品
487943,railroad_crossing,0,707,铁路道口,背景
659578,black_vs_white,0,707,黑对白,风格
604410,circle_formation,0,706,圆圈阵型,姿势
1428905,holding_surfboard,0,706,拿冲浪板,姿势
932458,bridal_lingerie,0,706,新娘内衣,服装
1386716,handjob_gesture,0,706,手交手势,NSFW
1376938,hat_belt,0,706,帽带,服装
1379542,team_skull,0,706,骷髅队,角色
728040,flat_chest_grab,0,705,平胸抓,NSFW
701998,overall_skirt,0,705,工装裙,服装
1451348,bc_freedom_school_uniform,0,705,BC自由校服,服装
1397149,hair_over_one_breast,0,704,头发遮一侧胸,NSFW
527713,arm_over_head,0,704,手臂过头,姿势
518001,red_star,0,704,红星,物品
663609,sweater_pull,0,704,拉毛衣,服装
1465145,holding_map,0,704,拿地图,姿势
512953,masked,0,704,戴面具,服装
1475712,haneoka_school_uniform,0,704,羽丘校服,服装
1765,cello,0,703,大提琴,物品
4740,disguise,0,703,伪装,服装
397922,scalpel,0,703,手术刀,物品
587910,holographic_monitor,0,703,全息显示器,物品
788488,knife_sheath,0,703,刀鞘,物品
543782,rotary_phone,0,703,转盘电话,物品
641589,pantyhose_under_swimsuit,0,702,连裤袜穿泳装下,服装
405424,whip_sword,0,702,鞭剑,物品
1468297,sixteenth_note,0,702,十六分音符,物品
1890194,grabbing_another's_ear,0,702,抓别人耳,NSFW
10694,wanted,0,701,通缉,物品
1303619,pawn_(chess),0,701,兵棋子,物品
580001,print_swimsuit,0,700,印花泳装,服装
489413,popsicle_stick,0,699,冰棒棍,物品
549834,person_on_head,0,699,头上人,姿势
794881,face_in_pillow,0,699,脸埋枕,姿势
557699,karate_gi,0,699,空手道服,服装
2006775,unworn_goggles,0,699,未戴护目镜,服装
1580148,after_bathing,0,699,洗澡后,NSFW
1727453,anti-aircraft,0,699,防空,物品
666996,nipple_cutout,0,699,乳头开洞,NSFW
1431177,country_connection,0,699,国家连接,角色
1881204,starlight_academy_school_uniform,0,699,星光学园校服,服装
1261550,weapon_bag,0,698,武器袋,物品
607415,flailing,0,698,乱挥,姿势
620196,sky_lantern,0,698,孔明灯,物品
463211,chessboard,0,697,棋盘,物品
1891024,frontless_outfit,0,697,前无服装,服装
1448604,armored_leotard,0,697,装甲紧身衣,服装
1702658,travel_attendant,0,696,空姐,角色
540641,shoulder_plates,0,696,肩板,服装
854284,ribbed_thighhighs,0,695,罗纹过膝袜,服装
4322,band,0,694,乐队,角色
660608,forked_tail,0,694,分叉尾,特征
1395440,lightning_bolt_hair_ornament,0,694,闪电发饰,头发
1694223,undone_neck_ribbon,0,693,解开颈丝带,服装
444126,shoulder_guard,0,693,肩护,服装
1258570,hedgehog_tail,0,693,刺猬尾,特征
619345,digital_clock,0,692,数字钟,物品
1690099,lop_rabbit_ears,0,692,垂兔耳,特征
424699,closet,0,692,衣柜,物品
51587,cassock,0,692,长袍,服装
13444,germany,0,692,德国,文本
1551407,metamoran_vest,0,692,梅塔莫兰背心,服装
1119350,normal_suit,0,692,普通服,服装
613600,checkered_legwear,0,692,格子腿装,服装
1948768,sparse_chest_hair,0,692,稀疏胸毛,身体
1663426,see-through_swimsuit,0,691,透视泳装,服装
637897,saury,0,691,秋刀鱼,物品
718647,holding_necklace,0,690,拿项链,姿势
401324,chakram,0,690,轮刃,物品
597366,panties_over_pantyhose,0,690,内裤穿连裤袜上,服装
492558,orange_bra,0,689,橙色胸罩,服装
1677791,blood_on_bandages,0,689,绷带有血,表情
1369696,pink_horns,0,689,粉色角,特征
660413,rainbow_background,0,688,彩虹背景,背景
16147,meadow,0,688,草地,背景
538775,remembering,0,688,回忆,表情
616835,calligraphy_brush_(medium),0,688,毛笔媒介,风格
1686763,saint_quartz_(fate),0,688,圣晶石,物品
449450,vertical_foregrip,0,687,垂直前握把,物品
6368,calligraphy,0,687,书法,风格
600484,adjusting_scarf,0,687,调整围巾,姿势
667047,scratching_cheek,0,687,挠脸颊,姿势
1289258,bokura_wa_ima_no_naka_de,0,687,我们现在在其中,文本
1396916,layered_shirt,0,687,分层衬衫,服装
496244,emoticon,0,686,表情符号,文本
575981,bird_on_arm,0,686,臂上鸟,姿势
695444,pokemon_ears,0,686,宝可梦耳,特征
895872,paint_on_clothes,0,686,衣服上颜料,服装
1621049,scar_on_hand,0,686,手伤疤,身体
1406196,blue_outline,0,684,蓝色轮廓,风格
1347287,green_feathers,0,684,绿色羽毛,特征
2006784,unworn_bikini,0,684,未穿比基尼,服装
1490269,pink_sports_bra,0,683,粉色运动胸罩,服装
1302248,tape_on_nipples,0,683,乳头贴胶带,NSFW
596557,casting_spell,0,682,施法,姿势
413382,adjusting_buruma,0,682,调整运动短裤,姿势
375012,playground,0,682,游乐场,背景
490413,rice_paddy,0,681,稻田,背景
723670,noses_touching,0,681,鼻子碰触,姿势
1341024,side-tie_shirt,0,681,侧系衬衫,服装
608443,green_rose,0,680,绿色玫瑰,物品
1254622,torn_coat,0,680,破大衣,服装
496982,beach_mat,0,680,沙滩垫,物品
1672630,baton_(weapon),0,679,警棍,物品
13822,ai_ai_gasa,0,679,相亲相爱伞,物品
1087554,rash_guard,0,679,防晒衫,服装
1635490,poke_ball_(legends),0,679,传说精灵球,物品
655036,ankle_bow,0,678,踝蝴蝶结,服装
1918272,covering_own_ears,0,678,遮自己耳,姿势
392494,bridle,0,678,马勒,物品
1350133,mtu_virus,0,678,MTU病毒,角色
1495989,bird_boy,0,678,鸟男孩,角色
1241229,butterfly_tattoo,0,677,蝴蝶纹身,身体
1537113,bandaid_on_head,0,677,头上创可贴,服装
1290437,fur-trimmed_bikini,0,676,毛边比基尼,服装
1660126,implied_extra_ears,0,676,暗示额外耳朵,特征
423802,amusement_park,0,676,游乐园,背景
1781486,hat_tassel,0,676,帽子流苏,服装
611697,crosshatching,0,675,交叉影线,风格
459473,hand_over_face,0,675,手遮脸,姿势
87461,hogtie,0,675,捆绑,NSFW
585662,coconut_tree,0,675,椰子树,背景
1334027,argyle_cutout,0,675,菱形格开洞,服装
1507688,cross-laced_skirt,0,675,交叉系裙,服装
649168,fruit_on_head,0,675,头上水果,表情
1462248,fruit_cup,0,675,水果杯,物品
497727,height,0,675,身高,文本
1605277,starry_hair,0,675,星空头发,头发
1484956,sparkle_hair_ornament,0,675,闪光发饰,头发
525386,too_literal,0,674,太字面,风格
1294119,suspenders_slip,0,674,吊带滑落,服装
456715,cow_costume,0,673,奶牛服装,服装
421792,fried_rice,0,673,炒饭,物品
515924,drum_magazine,0,673,鼓形弹匣,物品
1727451,anti-aircraft_gun,0,673,高射炮,物品
391503,pregnancy_test,0,673,验孕棒,物品
1439863,penis_shadow,0,673,阴茎影子,NSFW
1337689,blood_on_ground,0,672,地上血,背景
1424746,multicolored_leotard,0,672,多色紧身衣,服装
1430698,white_garter_belt,0,672,白色吊袜带,服装
1448244,holding_toothbrush,0,672,拿牙刷,姿势
421072,toga,0,671,托加袍,服装
590918,red_carpet,0,670,红地毯,背景
1507090,holding_lipstick_tube,0,670,拿唇膏管,姿势
1847146,multi-strapped_bikini_top,0,670,多带比基尼上,服装
3184,mg42,0,669,MG42,物品
710234,nipple-to-nipple,0,669,乳头对乳头,NSFW
627605,pushing_away,0,669,推开,姿势
635630,spoken_expression,0,669,说出表情,文本
518535,ainu,0,669,阿伊努,角色
1682857,holding_with_tail,0,668,用尾巴拿,姿势
1330325,white_wristband,0,668,白色腕带,服装
631791,long_ribbon,0,668,长丝带,服装
4419,shogi,0,667,将棋,物品
476455,green_fire,0,667,绿火,背景
1347798,facing_down,0,667,朝下,姿势
433150,senbei,0,666,煎饼,物品
10179,dawn,0,666,黎明,背景
1391282,purple_robe,0,666,紫色长袍,服装
1544050,turtleneck_jacket,0,666,高领外套,服装
448268,rice_hat,0,665,稻草帽,服装
6033,bacon,0,665,培根,物品
545285,washing_hair,0,665,洗头发,姿势
532884,dark_clouds,0,665,乌云,背景
561625,forced_smile,0,664,强颜欢笑,表情
474303,shared_earphones,0,664,共用耳机,物品
423556,banana_peel,0,664,香蕉皮,物品
1409032,mole_on_arm,0,664,臂上痣,身体
1345306,holding_mirror,0,664,拿镜子,姿势
1574667,two-sided_cloak,0,664,双面披风,服装
497915,refraction,0,663,折射,风格
489117,corsage,0,663,胸花,服装
1291577,black_outline,0,662,黑色轮廓,风格
1311157,anchor_earrings,0,662,锚耳环,服装
617715,wrapped_candy,0,662,包装糖果,物品
494712,gingham,0,661,格子布,图案
387069,sweet_lolita,0,661,甜美洛丽塔,服装
1841287,asymmetrical_sidelocks,0,661,不对称侧发,头发
1277703,lying_on_water,0,661,躺在水上,姿势
547190,side-tie_skirt,0,661,侧系裙,服装
1258819,print_scarf,0,661,印花围巾,服装
695913,green_collar,0,661,绿色项圈,服装
1600924,sweater_tucked_in,0,661,毛衣塞进,服装
1396935,bc_freedom_(emblem),0,661,BC自由徽章,物品
1447063,stile_uniform,0,661,斯蒂尔制服,服装
1305785,front-print_panties,0,660,前印内裤,服装
1578413,square_neckline,0,660,方领,服装
13408,bear_panties,0,659,熊内裤,服装
1289517,mini_witch_hat,0,659,小巫师帽,服装
1412715,holding_key,0,659,拿钥匙,姿势
49893,baking,0,658,烘焙,姿势
1434292,on_stool,0,658,在凳子上,姿势
7945,oar,0,658,桨,物品
1203647,nipple_jewelry,0,658,乳头珠宝,NSFW
1480627,holding_torch,0,658,拿火炬,姿势
1447277,holding_plectrum,0,657,拿拨片,姿势
619150,announcement_celebration,0,657,宣布庆祝,文本
1892221,jug_(bottle),0,657,壶瓶,物品
1690520,white_tube_top,0,657,白色管状上衣,服装
2006779,unworn_hair_ornament,0,656,未戴发饰,服装
1487812,holding_magnifying_glass,0,656,拿放大镜,姿势
1941540,single_off_shoulder,0,656,单露肩,服装
628898,meandros,0,654,希腊回纹,图案
1412354,stained_sheets,0,654,污渍床单,NSFW
680600,arm_across_waist,0,654,手臂横腰,姿势
1409727,torn_cloak,0,654,破披风,服装
654255,heart_hair,0,654,爱心头发,头发
678068,audio_jack,0,654,音频插孔,物品
463089,oven,0,653,烤箱,物品
571706,kittysuit,0,652,猫咪服,服装
385305,soy_sauce,0,651,酱油,物品
551570,shirt_around_waist,0,651,衬衫围腰,服装
622003,;(,0,651,;(表情,表情
1639311,arthropod_boy,0,651,节肢动物男孩,角色
485986,hieroglyphics,0,651,象形文字,文本
419530,rural,0,651,乡村,背景
507779,piano_keys,0,651,钢琴键,物品
1249795,sailor_swimsuit_(idolmaster),0,651,水手泳装,服装
1690813,market_stall,0,650,市场摊位,背景
724189,detached_ahoge,0,650,分离呆毛,头发
585336,ankle_garter,0,649,踝吊带,服装
1397372,year_of_the_rooster,0,649,鸡年,文本
391029,fusuma,0,649,襖,背景
501535,package,0,649,包裹,物品
692331,feet_on_chair,0,648,脚放椅上,姿势
11156,singlet,0,648,背心,服装
496614,pastel_(medium),0,648,柔和媒介,风格
667570,large_ears,0,647,大耳,特征
1499507,sailor_collar_lift,0,646,掀水手领,服装
531475,aviator_cap,0,646,飞行员帽,服装
1344208,aqua_shorts,0,646,水色短裤,服装
1375384,monkey_boy,0,646,猴男孩,角色
1470365,flying_button,0,645,飞纽扣,服装
1733638,race_bib,0,645,赛车号码布,服装
1328452,ambiguous_red_liquid,0,645,模糊红液体,表情
523781,sewing_needle,0,645,缝衣针,物品
1472811,holding_newspaper,0,644,拿报纸,姿势
1295452,female_service_cap,0,643,女性服务帽,服装
1245114,covering_with_blanket,0,642,用毯子遮,姿势
812633,moth_girl,0,642,蛾女孩,角色
470409,rag,0,641,抹布,物品
647958,ankleband,0,641,踝带,服装
1297889,shampoo_bottle,0,641,洗发水瓶,物品
1411022,black_babydoll,0,640,黑色娃娃装,服装
1178149,tucked_penis,0,640,塞阴茎,NSFW
1754298,multiple_bracelets,0,640,多手镯,服装
1308770,front_zipper_swimsuit,0,640,前拉链泳装,服装
1990022,kin-iro_mosaic_high_school_uniform,0,640,金色马赛克高校服,服装
1427497,holding_bell,0,639,拿铃,姿势
1607444,blue_male_underwear,0,638,蓝色男性内裤,服装
2007719,side_cape,0,638,侧披风,服装
1454132,hand_grip,0,637,握手,姿势
1989805,inset_border,0,636,嵌入边框,风格
1315008,glove_bow,0,635,手套蝴蝶结,服装
1416925,green_serafuku,0,635,绿色水手服,服装
551039,claw_foot_bathtub,0,635,爪足浴缸,物品
2006774,unworn_thighhighs,0,635,未穿过膝袜,服装
478028,rooster,0,634,公鸡,角色
431317,poi,0,631,投掷,物品
1398744,ribbed_socks,0,628,罗纹袜,服装
502233,dress_shoes,0,628,正装鞋,服装
1320443,vertical-striped_shorts,0,627,竖条纹短裤,服装
1501438,blue_sweater_vest,0,626,蓝色毛衣背心,服装
1427920,polearm_behind_back,0,624,长柄武器背后,姿势
1398831,fur-trimmed_thighhighs,0,623,毛边过膝袜,服装
1871372,streetwear,0,611,街头服,服装
385430,hatsune_miku,4,89677,初音未来,角色
12239,hakurei_reimu,4,73962,博丽灵梦,角色
12242,kirisame_marisa,4,67226,雾雨魔理沙,角色
12248,remilia_scarlet,4,49813,蕾米莉亚·斯卡雷特,角色
12249,flandre_scarlet,4,48265,芙兰朵露·斯卡雷特,角色
12314,izayoi_sakuya,4,44493,十六夜咲夜,角色
1301082,admiral_(kancolle),4,37303,提督,角色
1478495,artoria_pendragon_(fate),4,35675,阿尔托莉雅·潘德拉贡,角色
388200,kochiya_sanae,4,34152,东风谷早苗,角色
9123,alice_margatroid,4,33846,爱丽丝·玛格特罗依德,角色
12247,patchouli_knowledge,4,33570,帕秋莉·诺蕾姬,角色
12244,konpaku_youmu,4,33386,魂魄妖梦,角色
1720,cirno,4,33294,琪露诺,角色
427142,komeiji_koishi,4,31713,古明地恋,角色
12246,yakumo_yukari,4,31287,八云紫,角色
12308,shameimaru_aya,4,27523,射命丸文,角色
12304,reisen_udongein_inaba,4,26079,铃仙·优昙华院·因幡,角色
12307,fujiwara_no_mokou,4,25741,藤原妹红,角色
427143,komeiji_satori,4,24629,古明地觉,角色
11374,hong_meiling,4,24348,红美铃,角色
592924,akemi_homura,4,24201,晓美焰,角色
12245,saigyouji_yuyuko,4,23212,西行寺幽幽子,角色
592925,kaname_madoka,4,23211,鹿目圆,角色
395218,inubashiri_momiji,4,21718,犬走椛,角色
1631074,kaga_(kancolle),4,21127,加贺,角色
12250,yakumo_ran,4,19328,八云蓝,角色
390427,kagamine_rin,4,19045,镜音铃,角色
602257,konpaku_youmu_(ghost),4,18383,魂魄妖梦（幽灵）,角色
427145,kaenbyou_rin,4,18358,火焰猫燐,角色
384842,moriya_suwako,4,18215,守矢早苗,角色
2082,rumia,4,18126,露米娅,角色
1275729,shimakaze_(kancolle),4,17717,岛风,角色
401582,kazami_yuuka,4,17493,风见幽香,角色
593109,miki_sayaka,4,17374,美树沙耶香,角色
427184,reiuji_utsuho,4,17240,灵乌路空,角色
474,chen,4,17156,橙,角色
1213183,saber_(fate),4,16702,Saber,角色
1602203,ganyu_(genshin_impact),4,16652,甘雨,角色
1275718,hibiki_(kancolle),4,16538,响,角色
1414209,mash_kyrielight,4,16080,玛修·基列莱特,角色
473327,tatara_kogasa,4,15983,多多良小伞,角色
383392,kawashiro_nitori,4,15870,河城荷取,角色
12302,kamishirasawa_keine,4,15819,上白泽慧音,角色
1275728,shigure_(kancolle),4,15718,时雨,角色
415326,hinanawi_tenshi,4,15462,比那名居天子,角色
604258,sakura_kyoko,4,14872,佐仓杏子,角色
593108,tomoe_mami,4,14796,巴麻美,角色
12306,houraisan_kaguya,4,14523,蓬莱山辉夜,角色
1799,koakuma,4,14297,小恶魔,角色
12300,mystia_lorelei,4,14283,米斯蒂娅·萝蕾拉,角色
475833,souryuu_asuka_langley,4,13517,惣流·明日香·兰格雷,角色
12303,inaba_tewi,4,13472,因幡帝,角色
12313,ibuki_suika,4,13410,伊吹萃香,角色
1350122,kongou_(kancolle),4,13408,金刚,角色
473267,nazrin,4,12879,纳兹玲,角色
1275720,inazuma_(kancolle),4,12856,电,角色
503349,hijiri_byakuren,4,12693,圣白莲,角色
1613000,warrior_of_light_(ff14),4,12512,光之战士,角色
1630449,akagi_(kancolle),4,12451,赤城,角色
393597,kagamine_len,4,12419,镜音连,角色
6313,link,4,12385,林克,角色
1686237,raiden_shogun,4,12239,雷电将军,角色
1473623,tamamo_(fate),4,12070,玉藻,角色
503343,houjuu_nue,4,12031,封兽鵺,角色
1581467,lumine_(genshin_impact),4,11757,荧,角色
1533309,houshou_marine,4,11739,宝钟玛琳,角色
1270870,tenryuu_(kancolle),4,11481,天龙,角色
1391753,fujimaru_ritsuka_(male),4,11472,藤丸立香（男）,角色
384841,yasaka_kanako,4,11452,八坂神奈子,角色
1593594,gawr_gura,4,11448,噶呜·咕啦,角色
1631504,yuudachi_(kancolle),4,11386,夕立,角色
12305,yagokoro_eirin,4,11356,八意永琳,角色
1391754,fujimaru_ritsuka_(female),4,11288,藤丸立香（女）,角色
457810,megurine_luka,4,11218,巡音流歌,角色
1479739,jeanne_d'arc_alter_(fate),4,11062,贞德·Alter,角色
413783,mizuhashi_parsee,4,10974,水桥帕露西,角色
1631198,sensei_(blue_archive),4,10925,老师,角色
1275715,fubuki_(kancolle),4,10839,吹雪,角色
1275719,ikazuchi_(kancolle),4,10828,雷,角色
1471064,abigail_williams_(fate),4,10742,阿比盖尔·威廉姆斯,角色
3861,pikachu,4,10538,皮卡丘,角色
1635696,hu_tao_(genshin_impact),4,10238,胡桃,角色
1275711,akatsuki_(kancolle),4,10176,晓,角色
1631523,zuikaku_(kancolle),4,10116,瑞鹤,角色
456150,akiyama_mio,4,10077,秋山澪,角色
638495,toyosatomimi_no_miko,4,9782,丰聪耳神子,角色
1630699,hamakaze_(kancolle),4,9722,滨风,角色
9466,suzumiya_haruhi,4,9541,凉宫春日,角色
1335350,haruna_(kancolle),4,9541,榛名,角色
1433170,nero_claudius_(fate),4,9485,尼禄·克劳狄乌斯,角色
1631219,nagato_(kancolle),4,9482,长门,角色
13814,morichika_rinnosuke,4,9414,森近霖之助,角色
94496,princess_zelda,4,9354,塞尔达公主,角色
384197,kagiyama_hina,4,9328,键山雏,角色
2075918,inkling_player_character,4,9292,乌贼玩家角色,角色
391888,tifa_lockhart,4,9278,蒂法·洛克哈特,角色
465977,hoshiguma_yuugi,4,9218,星熊勇仪,角色
7441,fate_testarossa,4,9158,菲特·泰斯特罗莎,角色
1351818,kashima_(kancolle),4,9133,鹿岛,角色
700405,nishizumi_miho,4,8940,西住美穗,角色
465646,tohsaka_rin,4,8904,远坂凛,角色
7493,daiyousei,4,8848,大妖精,角色
638499,mononobe_no_futo,4,8823,物部布都,角色
1978860,2b_(nier:automata),4,8815,2B,角色
12299,wriggle_nightbug,4,8802,莉格露·奈特巴格,角色
599169,shanghai_doll,4,8797,上海人偶,物品
472387,nakano_azusa,4,8741,中野梓,角色
9715,nagato_yuki,4,8684,长门有希,角色
1333465,rem_(re:zero),4,8636,雷姆,角色
1479836,shirakami_fubuki,4,8635,白上吹雪,角色
1622755,asuna_(blue_archive),4,8632,明日奈,角色
465688,shiki_eiki,4,8600,四季映姬·亚玛萨那度,角色
12342,usami_renko,4,8579,宇佐见莲子,角色
395918,misaka_mikoto,4,8470,御坂美琴,角色
12311,onozuka_komachi,4,8463,小野塚小町,角色
1380245,suzuya_(kancolle),4,8405,铃谷,角色
1631280,ryuujou_(kancolle),4,8338,龙骧,角色
12108,illyasviel_von_einzbern,4,8259,伊莉雅丝菲尔·冯·爱因兹贝伦,角色
455424,hirasawa_yui,4,8251,平泽唯,角色
506041,maribel_hearn,4,8249,梅莉贝尔·赫恩,角色
600200,kyubey,4,8249,丘比,角色
1452630,scathach_(fate),4,8162,斯卡哈,角色
1733099,yae_miko,4,8153,八重神子,角色
1233711,imaizumi_kagerou,4,8134,今泉影狼,角色
1964304,gotoh_hitori,4,8111,后藤一里,角色
1625332,yuuka_(blue_archive),4,8082,优香,角色
1600114,zhongli_(genshin_impact),4,8034,钟离,角色
8327,ayanami_rei,4,7965,绫波丽,角色
452135,producer_(idolmaster),4,7935,制作人,角色
1639113,shigure_kai_ni_(kancolle),4,7790,时雨改二,角色
1523054,manjuu_(azur_lane),4,7782,馒头,角色
1631004,houshou_(kancolle),4,7704,凤翔,角色
503351,toramaru_shou,4,7667,寅丸星,角色
8552,takamachi_nanoha,4,7658,高町奈叶,角色
1511608,inkling_girl,4,7624,乌贼女孩,角色
1531173,usada_pekora,4,7611,兔田佩可拉,角色
378876,joseph_joestar,4,7552,乔瑟夫·乔斯达,角色
1639135,yuudachi_kai_ni_(kancolle),4,7473,夕立改二,角色
1231258,matoi_ryuuko,4,7459,缠流子,角色
1408636,jeanne_d'arc_(fate),4,7455,贞德,角色
1599785,aether_(genshin_impact),4,7433,空,角色
1405000,serval_(kemono_friends),4,7418,薮猫,角色
1648389,yor_briar,4,7187,约尔·布莱尔,角色
1525565,hoshimachi_suisei,4,7115,星街彗星,角色
456151,tainaka_ritsu,4,7114,田井中律,角色
544560,himekaidou_hatate,4,7114,姬海棠羽立,角色
1275723,murakumo_(kancolle),4,7112,村雨,角色
1277794,amatsukaze_(kancolle),4,7087,天津风,角色
1596257,mona_(genshin_impact),4,7062,莫娜,角色
1287532,megumin,4,7050,惠惠,角色
592977,nishikino_maki,4,7024,西木野真姬,角色
1593596,ninomae_ina'nis,4,6999,二之名伊那妮,角色
1631456,ushio_(kancolle),4,6944,潮,角色
1593595,mori_calliope,4,6928,森卡莉欧佩,角色
713730,kafuu_chino,4,6920,香风智乃,角色
638538,kaku_seiga,4,6914,霍青娥,角色
466373,dawn_(pokemon),4,6912,小光,角色
615562,toujou_nozomi,4,6909,东条希,角色
1765420,jeanne_d'arc_alter_(avenger)_(fate),4,6894,贞德·Alter（复仇者）,角色
593046,sonoda_umi,4,6883,园田海未,角色
1438816,okita_souji_(fate),4,6839,冲田总司,角色
1600563,keqing_(genshin_impact),4,6830,刻晴,角色
1584981,shiroko_(blue_archive),4,6815,白子,角色
662185,shibuya_rin,4,6810,涩谷凛,角色
1275734,yukikaze_(kancolle),4,6743,雪风,角色
503350,murasa_minamitsu,4,6732,村纱水蜜,角色
1369674,lillie_(pokemon),4,6697,莉莉艾,角色
1285206,atago_(kancolle),4,6679,爱宕,角色
1585358,northern_ocean_princess,4,6674,北方海洋公主,角色
699794,nanami_chiaki,4,6647,七海千秋,角色
1495213,minato_aqua,4,6646,湊阿库娅,角色
1631488,yamato_(kancolle),4,6620,大和,角色
445942,gardevoir,4,6606,沙奈朵,角色
1631360,shoukaku_(kancolle),4,6563,翔鹤,角色
593043,ayase_eli,4,6506,绫濑绘里,角色
592974,yazawa_nico,4,6495,矢泽妮可,角色
656409,yuzuki_yukari,4,6481,结城由莉,角色
1682530,tamamo_no_mae_(fate/extra),4,6464,玉藻前,角色
413645,nagae_iku,4,6428,永江衣玖,角色
54494,kujo_jotaro,4,6407,空条承太郎,角色
1233709,hata_no_kokoro,4,6399,秦心,角色
1275712,akebono_(kancolle),4,6398,曙,角色
669326,kaito_(vocaloid),4,6369,镜音凯,角色
487910,joseph_joestar_(young),4,6351,乔瑟夫·乔斯达（青年）,角色
2040387,doodle_sensei_(blue_archive),4,6324,涂鸦老师,角色
570051,ibaraki_kasen,4,6301,茨木华扇,角色
1424365,pyra_(xenoblade),4,6291,焰,角色
13108,chun-li,4,6261,春丽,角色
1526564,doctor_(arknights),4,6177,博士,角色
7439,kinomoto_sakura,4,6112,木之本樱,角色
1467839,trainer_(umamusume),4,6108,训练员,角色
1518952,nekomata_okayu,4,6097,猫又小粥,角色
1631124,kitakami_(kancolle),4,6096,北上,角色
1442931,amiya_(arknights),4,6091,阿米娅,角色
1435530,shuten_douji_(fate),4,6086,酒吞童子,角色
1516925,makima_(chainsaw_man),4,6072,牧之,角色
1649146,gilgamesh_(fate),4,6058,吉尔伽美什,角色
1532746,byleth_(fire_emblem),4,6056,贝雷丝/贝雷特,角色
638583,soga_no_tojiko,4,6039,苏我屠自古,角色
1605761,hina_(blue_archive),4,6010,日奈,角色
466360,may_(pokemon),4,6006,小遥,角色
10365,cloud_strife,4,6004,克劳德·斯特莱夫,角色
413652,kurodani_yamame,4,5991,黑谷山女,角色
619180,kasodani_kyouko,4,5982,河城荷取,角色
7438,matou_sakura,4,5971,间桐樱,角色
619181,miyako_yoshika,4,5945,宫古芳香,角色
473328,kumoi_ichirin,4,5918,云居一轮,角色
1239690,rensouhou-chan,4,5885,连装炮酱,角色
717860,rosa_(pokemon),4,5882,露莎米妮,角色
1867985,toki_(blue_archive),4,5873,时,角色
1631257,ooyodo_(kancolle),4,5854,大淀,角色
1448304,astolfo_(fate),4,5808,阿斯托尔福,角色
1593597,takanashi_kiara,4,5781,高梨辉夜,角色
1533332,marnie_(pokemon),4,5774,玛丽,角色
1372463,darjeeling_(girls_und_panzer),4,5772,达杰林,角色
101752,hoshii_miki,4,5749,星井美希,角色
1595272,venti_(genshin_impact),4,5678,温迪,角色
1328621,clownpiece,4,5669,克劳恩皮丝,角色
1427460,prinz_eugen_(kancolle),4,5662,欧根亲王,角色
1478494,cu_chulainn_(fate),4,5626,库丘林,角色
1549065,tokoyami_towa,4,5620,常闇永远,角色
1243755,kijin_seija,4,5611,鬼人正邪,角色
1590956,mythra_(xenoblade),4,5611,光,角色
1630515,asashio_(kancolle),4,5561,朝潮,角色
615290,hilda_(pokemon),4,5557,希尔达,角色
382074,hiiragi_kagami,4,5548,柊镜,角色
1361469,mutsu_(kancolle),4,5538,陆奥,角色
11941,samus_aran,4,5535,萨姆斯·阿兰,角色
456152,kotobuki_tsumugi,4,5533,琴吹紬,角色
1572405,klee_(genshin_impact),4,5486,可莉,角色
1405300,kaban_(kemono_friends),4,5475,卡邦,角色
1442946,texas_(arknights),4,5469,德克萨斯,角色
1630648,female_admiral_(kancolle),4,5463,女提督,角色
1593598,watson_amelia,4,5462,华生·阿米莉亚,角色
1448306,mordred_(fate),4,5452,莫德雷德,角色
713720,nishizumi_maho,4,5450,西住真帆,角色
11498,kirby,4,5440,卡比,角色
1631410,tatsuta_(kancolle),4,5434,龙田,角色
1685272,ouro_kronii,4,5419,欧罗·克洛尼,角色
1651926,kamisato_ayaka,4,5404,神里绫华,角色
52967,princess_peach,4,5392,桃子公主,角色
1685271,nanashi_mumei,4,5378,无名米梅,角色
1464562,minamoto_no_raikou_(fate),4,5372,源赖光,角色
1233706,sekibanki,4,5354,赤口,角色
713721,itsumi_erika,4,5309,逸见艾莉卡,角色
10658,emiya_shirou,4,5307,卫宫士郎,角色
710903,meiko_(vocaloid),4,5301,MEIKO,角色
383424,aki_minoriko,4,5292,秋穰子,角色
593045,minami_kotori,4,5250,南小鸟,角色
1645004,rice_shower_(umamusume),4,5249,米浴,角色
466669,c.c.,4,5237,C.C.,角色
1328650,junko_(touhou),4,5237,丰姬,角色
452021,hieda_no_akyuu,4,5214,稗田阿求,角色
1610604,tartaglia_(genshin_impact),4,5184,达达利亚,角色
382075,izumi_konata,4,5162,和泉纱织,角色
279302,dio_brando,4,5154,迪奥·布兰度,角色
1631313,sendai_(kancolle),4,5148,仙台,角色
1646740,archer_(fate),4,5140,Archer,角色
1631252,ooi_(kancolle),4,5131,大井,角色
405454,aerith_gainsborough,4,5112,爱丽丝·盖恩斯博罗,角色
1564340,paimon_(genshin_impact),4,5111,派蒙,角色
1630531,bismarck_(kancolle),4,5108,俾斯麦,角色
1680295,mika_(blue_archive),4,5105,美香,角色
1293664,musashi_(kancolle),4,5102,武藏,角色
727352,anchovy_(girls_und_panzer),4,5084,凤尾鱼,角色
1641843,eula_(genshin_impact),4,5081,优菈,角色
7866,tsukino_usagi,4,5078,月野兔,角色
434767,caesar_anthonio_zeppeli,4,5064,凯撒·A·泽普利,角色
1646765,mejiro_mcqueen_(umamusume),4,5064,目白麦昆,角色
1350123,akashi_(kancolle),4,5046,明石,角色
1507496,takao_(kancolle),4,5015,高雄,角色
1544889,gloria_(pokemon),4,5014,格洛丽亚,角色
1533307,shirogane_noel,4,5012,白银诺艾尔,角色
698982,asuna_(sao),4,4984,亚丝娜,角色
9071,amami_haruka,4,4941,天海春香,角色
1862749,aris_(blue_archive),4,4939,亚莉丝,角色
1515171,sakura_miko,4,4933,樱巫女,角色
1243757,sukuna_shinmyoumaru,4,4931,少名针妙丸,角色
1821363,nahida_(genshin_impact),4,4924,纳西妲,角色
1646762,daiwa_scarlet_(umamusume),4,4923,大和赤骥,角色
1964798,furina_(genshin_impact),4,4919,芙宁娜,角色
1275730,shiranui_(kancolle),4,4911,不知火,角色
1478256,medusa_(fate),4,4876,美杜莎,角色
1667133,hk416_(girls'_frontline),4,4872,HK416,角色
510663,yoko_littner,4,4865,尤科·利特纳,角色
638500,futatsuiwa_mamizou,4,4856,二ツ岩·真都,角色
1734279,okita_souji_(koha-ace),4,4843,冲田总司（Koha-Ace）,角色
1717604,shenhe_(genshin_impact),4,4835,申鹤,角色
1631305,sazanami_(kancolle),4,4831,漱,角色
1631308,souryuu_(kancolle),4,4827,苍龙,角色
1622591,koharu_(blue_archive),4,4810,小春,角色
1658781,scaramouche_(genshin_impact),4,4798,斯卡拉姆什,角色
1682533,nero_claudius_(fate/extra),4,4787,尼禄·克劳狄乌斯（Fate/Extra）,角色
1526509,skadi_(arknights),4,4783,斯卡蒂,角色
700403,akiyama_yukari,4,4773,秋山雪菜,角色
1339317,d.va_(overwatch),4,4767,D.Va,角色
1886284,byleth_(female)_(fire_emblem),4,4763,贝雷丝（女）,角色
1492223,taihou_(azur_lane),4,4758,大凤,角色
1275727,samidare_(kancolle),4,4749,五月雨,角色
383855,aki_shizuha,4,4736,秋静叶,角色
1518950,inugami_korone,4,4735,戌神沁音,角色
1799500,asuna_(bunny)_(blue_archive),4,4698,兔女郎明日奈,角色
424565,shijou_takane,4,4697,四条贵音,角色
1631484,yamashiro_(kancolle),4,4695,山城,角色
12295,letty_whiterock,4,4678,蕾蒂·霍瓦特洛克,角色
701140,komaeda_nagito,4,4673,小田田永,角色
1246753,senketsu,4,4668,战克,角色
593044,kousaka_honoka,4,4648,高坂穗乃果,角色
466315,ash_ketchum,4,4642,小智,角色
1081167,mordred_(fate/apocrypha),4,4628,莫德雷德（Apocrypha）,角色
1549061,amane_kanata,4,4622,天音彼方,角色
21,suigintou,4,4617,水银灯,角色
1316173,watanabe_you,4,4615,渡边曜,角色
1502759,ookami_mio,4,4604,大神澪,角色
1630992,hiei_(kancolle),4,4601,比叡,角色
1421198,bb_(fate),4,4590,BB,角色
1248945,wo-class_aircraft_carrier,4,4585,WO级航空母舰,角色
1584986,hoshino_(blue_archive),4,4574,星野,角色
1500247,oozora_subaru,4,4572,大空昴,角色
422767,gumi,4,4565,GUMI,角色
1231257,kiryuuin_satsuki,4,4565,鬼龙院皋月,角色
1631272,ro-500_(kancolle),4,4565,RO-500,角色
1328656,hecatia_lapislazuli,4,4546,赫卡提亚·拉碧丝莉兹莉,角色
1631098,kasumi_(kancolle),4,4533,霞,角色
1623068,karin_(blue_archive),4,4512,花凛,角色
9072,kisaragi_chihaya,4,4503,如月千早,角色
1822797,boo_tao_(genshin_impact),4,4485,布偶胡桃,角色
1631042,iowa_(kancolle),4,4482,爱荷华,角色
1342225,verniy_(kancolle),4,4458,维尔尼,角色
9079,kikuchi_makoto,4,4457,菊地真,角色
1333552,kirishima_(kancolle),4,4444,雾岛,角色
665139,shirasaka_koume,4,4443,白坂小梅,角色
1511455,yumemi_riamu,4,4426,梦见璃杏,角色
9078,minase_iori,4,4425,水瀬伊织,角色
15550,morrigan_aensland,4,4415,魔莉甘·恩斯兰德,角色
422691,oshino_shinobu,4,4414,忍野忍,角色
1933188,houshou_marine_(1st_costume),4,4410,宝钟玛琳（1st服装）,角色
1646764,gold_ship_(umamusume),4,4394,黄金船,角色
445830,red_(pokemon),4,4387,小智（红）,角色
644424,nami_(one_piece),4,4385,娜美,角色
1561709,bremerton_(azur_lane),4,4381,布雷默顿,角色
615222,hoshizora_rin,4,4349,星空凛,角色
1440040,atago_(azur_lane),4,4344,爱宕,角色
448496,cynthia_(pokemon),4,4340,希罗娜,角色
1529309,anya_(spy_x_family),4,4300,阿妮娅,角色
1770073,nishikigi_chisato,4,4294,锦木千束,角色
1350743,aqua_(konosuba),4,4288,阿库娅,角色
1934883,oma_kokichi,4,4286,王马小吉,角色
1531312,uruha_rushia,4,4285,润羽露希娅,角色
660315,shimamura_uzuki,4,4275,岛村卯月,角色
472979,saber_alter,4,4265,Saber Alter,角色
1292960,midoriya_izuku,4,4252,绿谷出久,角色
1598280,xiao_(genshin_impact),4,4249,魈,角色
1586173,yukihana_lamy,4,4241,雪花菈米,角色
1644978,agnes_tachyon_(umamusume),4,4239,安格斯·塔奇恩,角色
13270,cammy_white,4,4227,卡米,角色
460796,ex-keine,4,4216,前慧音,角色
1586175,shishiro_botan,4,4216,狮白牡丹,角色
1440089,prinz_eugen_(azur_lane),4,4210,欧根亲王,角色
1719003,sakamata_chloe,4,4204,鲨鱼妹,角色
1769318,jeanne_d'arc_(ruler)_(fate),4,4191,贞德（Ruler）,角色
1631502,yuubari_(kancolle),4,4181,由良,角色
425446,ganaha_hibiki,4,4177,我那霸响,角色
1561704,higuchi_madoka,4,4165,樋口圆香,角色
1646761,tokai_teio_(umamusume),4,4163,东海帝皇,角色
1629450,meltryllis_(fate),4,4162,梅尔特莉莉丝,角色
1435314,oyama_mahiro,4,4155,小山真寻,角色
701382,hinata_hajime,4,4152,日向创,角色
665166,takagaki_kaede,4,4133,高垣枫,角色
1536480,formidable_(azur_lane),4,4129,可畏,角色
1233049,sagisawa_fumika,4,4117,鹭泽文香,角色
1631121,kiso_(kancolle),4,4089,木曾,角色
1569865,karyl_(princess_connect!),4,4076,凯莉,角色
1515819,power_(chainsaw_man),4,4069,帕瓦,角色
1442306,zero_two_(darling_in_the_franxx),4,4068,零二,角色
16266,son_goku,4,4066,孙悟空,角色
1630996,hiryuu_(kancolle),4,4047,飞龙,角色
9750,asahina_mikuru,4,4045,朝比奈实玖瑠,角色
1586112,frieren,4,4045,芙莉莲,角色
1233712,wakasagihime,4,4042,若鲷姬,角色
1341413,djeeta_(granblue_fantasy),4,4001,姬塔,角色
646093,ultimate_madoka,4,3994,究极圆,角色
1627707,miyamoto_musashi_(fate),4,3988,宫本武藏,角色
12257,ikari_shinji,4,3960,碇真嗣,角色
1328609,kishin_sagume,4,3942,鬼神佐具女,角色
1933162,gawr_gura_(1st_costume),4,3915,噶呜·咕啦（1st服装）,角色
1630687,graf_zeppelin_(kancolle),4,3910,齐柏林伯爵,角色
1649150,medusa_(rider)_(fate),4,3872,美杜莎（Rider）,角色
1527899,kitagawa_marin,4,3869,北川真莉,角色
1805355,suletta_mercury,4,3861,苏莱塔·墨丘利,角色
1452466,ereshkigal_(fate),4,3850,埃列什基伽勒,角色
1934951,saihara_shuichi,4,3849,才花修一,角色
1514981,selene_(pokemon),4,3845,赛蕾娜,角色
1236324,serena_(pokemon),4,3829,莎娜,角色
781225,lucina_(fire_emblem),4,3806,露琪娜,角色
592976,koizumi_hanayo,4,3794,小泉花阳,角色
1627592,ishtar_(fate),4,3781,伊什塔尔,角色
1491767,murasaki_shion,4,3780,紫式部,角色
8882,lily_white,4,3774,莉莉白,角色
670056,kuroki_tomoko,4,3767,黑木智子,角色
1528907,corrin_(fire_emblem),4,3761,可琳,角色
3030,mario,4,3760,马里奥,角色
664384,jougasaki_mika,4,3739,城崎美嘉,角色
1312747,hestia_(danmachi),4,3738,赫斯缇雅,角色
1440003,belfast_(azur_lane),4,3736,贝尔法斯特,角色
9075,takatsuki_yayoi,4,3733,高槻弥生,角色
1509133,sirius_(azur_lane),4,3733,天狼星,角色
1524374,lappland_(arknights),4,3725,拉普兰德,角色
9681,kyon,4,3707,阿虚,角色
1493247,bowsette,4,3701,库巴公主,角色
1292959,uraraka_ochako,4,3695,丽日御茶子,角色
1549082,kiryu_coco,4,3693,桐生可可,角色
1719009,la+_darknesss,4,3690,拉普拉斯·达克尼斯,角色
660302,ahri_(league_of_legends),4,3689,阿狸,角色
663994,kanzaki_ranko,4,3666,神崎兰子,角色
496900,black_rock_shooter_(character),4,3658,黑岩射手,角色
1631228,naka_(kancolle),4,3658,那珂,角色
11055,furude_rika,4,3652,古手梨花,角色
8048,sailor_moon,4,3646,美少女战士,角色
11853,haruno_sakura,4,3632,春野樱,角色
700407,takebe_saori,4,3615,武部沙织,角色
1929196,toki_(bunny)_(blue_archive),4,3609,兔女郎时,角色
1811190,nilou_(genshin_impact),4,3606,妮露,角色
591909,stocking_(psg),4,3600,丝袜天使,角色
445932,eevee,4,3597,伊布,角色
1933177,usada_pekora_(1st_costume),4,3596,兔田佩可拉（1st服装）,角色
1316172,tsushima_yoshiko,4,3590,津岛善子,角色
620127,narukami_yuu,4,3570,鸣神优,角色
413714,kisume,4,3567,琪斯美,角色
1631521,zuihou_(kancolle),4,3567,瑞凤,角色
1649152,cu_chulainn_(fate/stay_night),4,3560,库丘林（Fate/stay night）,角色
1500444,commander_(azur_lane),4,3546,指挥官,角色
1757377,yelan_(genshin_impact),4,3534,夜兰,角色
1770074,inoue_takina,4,3521,井之上泷奈,角色
593780,super_sonico,4,3516,超级索尼子,角色
1630645,fairy_(kancolle),4,3511,妖精,角色
1500246,nakiri_ayame,4,3506,夏色祭,角色
1585359,seaport_princess,4,3498,港湾公主,角色
1782917,kita_ikuyo,4,3494,喜多郁代,角色
1275725,naganami_(kancolle),4,3490,长波,角色
1705933,monster_hunter_(character),4,3486,怪物猎人,角色
1533296,shiranui_flare,4,3486,不知火芙蕾雅,角色
1582962,fischl_(genshin_impact),4,3486,菲谢尔,角色
1584990,arona_(blue_archive),4,3485,阿罗娜,角色
1515818,denji_(chainsaw_man),4,3464,电次,角色
1378250,i-19_(kancolle),4,3463,I-19,角色
1685270,hakos_baelz,4,3460,哈科斯·贝尔兹,角色
1265245,ichinose_shiki,4,3458,一之濑四季,角色
14152,kakyoin_noriaki,4,3455,花京院典明,角色
1159816,mirko,4,3450,米尔科,角色
466818,misty_(pokemon),4,3444,小霞,角色
687394,nitta_minami,4,3432,新田美波,角色
1480186,takarada_rikka,4,3429,宝多六花,角色
550231,gokou_ruri,4,3426,五更琉璃,角色
1271042,kiana_kaslana,4,3422,琪亚娜·卡斯兰娜,角色
1660592,hanako_(blue_archive),4,3418,花子,角色
1893407,kisaki_(blue_archive),4,3414,绮咲,角色
1646759,silence_suzuka_(umamusume),4,3402,寂静铃鹿,角色
1532725,edelgard_von_hresvelg,4,3389,艾德尔加特·冯·赫雷斯维尔,角色
413395,kujo_jolyne,4,3386,空条徐伦,角色
633863,tachibana_arisu,4,3383,橘有里子,角色
12309,medicine_melancholy,4,3378,梅蒂森·梅兰可莉,角色
1440013,unicorn_(azur_lane),4,3378,独角兽,角色
1643885,mari_(blue_archive),4,3373,玛丽,角色
1275724,murasame_(kancolle),4,3372,村雨,角色
1533759,barbara_(genshin_impact),4,3364,芭芭拉,角色
1317066,doremy_sweet,4,3339,多莉梦·甜,角色
1509453,fu_hua,4,3335,符华,角色
1462685,kokkoro_(princess_connect!),4,3331,可可萝,角色
662047,sanya_v._litvyak,4,3326,萨妮亚·V·利特维亚克,角色
634453,barnaby_brooks_jr.,4,3325,巴纳比·布鲁克斯二世,角色
12296,lunasa_prismriver,4,3322,露娜萨·普莉兹姆利巴,角色
1631482,yamakaze_(kancolle),4,3307,山风,角色
1580066,suzuran_(arknights),4,3307,铃兰,角色
413396,giorno_giovanna,4,3302,乔鲁诺·乔巴拿,角色
1316171,sakurauchi_riko,4,3297,樱内梨子,角色
1054766,chloe_von_einzbern,4,3276,克洛伊·冯·爱因兹贝伦,角色
1499605,natsuiro_matsuri,4,3276,夏色祭,角色
1507493,maya_(kancolle),4,3273,摩耶,角色
421104,eila_ilmatar_juutilainen,4,3269,艾拉·伊尔玛塔·尤提莱宁,角色
1667136,ump45_(girls'_frontline),4,3266,UMP45,角色
1599614,jean_(genshin_impact),4,3261,琴,角色
1644992,manhattan_cafe_(umamusume),4,3260,曼哈顿咖啡,角色
12355,uzumaki_naruto,4,3259,漩涡鸣人,角色
1799218,trailblazer_(honkai:_star_rail),4,3258,开拓者,角色
1292961,bakugou_katsuki,4,3250,爆豪胜己,角色
713714,kay_(girls_und_panzer),4,3244,凯伊,角色
1631984,ako_(blue_archive),4,3242,亚子,角色
1447551,florence_nightingale_(fate),4,3239,弗洛伦斯·南丁格尔,角色
407911,jonathan_joestar,4,3237,乔纳森·乔斯达,角色
1631030,i-58_(kancolle),4,3236,I-58,角色
1805391,miorine_rembran,4,3230,米奥莉奈·兰布兰,角色
1678980,sangonomiya_kokomi,4,3226,珊瑚宫心海,角色
1442947,ch'en_(arknights),4,3225,陈,角色
1317065,usami_sumireko,4,3218,宇佐见菫子,角色
724152,anastasia_(idolmaster),4,3206,安娜斯塔西娅,角色
1865359,rio_(blue_archive),4,3204,莉奥,角色
649985,kaburagi_t._kotetsu,4,3203,鏑木·T·虎彻,角色
8553,yagami_hayate,4,3199,八神疾风,角色
539110,yuki_miku,4,3198,雪未来,角色
12107,kotomine_kirei,4,3194,言峰绮礼,角色
563892,kirito,4,3194,桐人,角色
620175,mikasa_ackerman,4,3194,三笠·阿克曼,角色
1782915,ijichi_nijika,4,3192,伊地知虹夏,角色
1525541,gojou_satoru,4,3188,五条悟,角色
382076,hiiragi_tsukasa,4,3174,柊司,角色
1468120,nakano_nino,4,3168,中野二乃,角色
1627605,kama_(fate),4,3160,迦摩,角色
1325863,robin_(fire_emblem),4,3159,罗宾,角色
660098,futaba_anzu,4,3158,双叶杏,角色
722007,katyusha_(girls_und_panzer),4,3152,卡秋莎,角色
1342592,shimada_arisu,4,3149,岛田爱里寿,角色
649693,jack_the_ripper_(fate/apocrypha),4,3149,开膛手杰克,角色
665397,koshimizu_sachiko,4,3146,小清水幸子,角色
711691,motoori_kosuzu,4,3133,本居小铃,角色
1442945,exusiai_(arknights),4,3129,艾丝黛尔,角色
1524970,reisalin_stout,4,3126,莱莎琳·斯托特,角色
437574,shirai_kuroko,4,3120,白井黑子,角色
1295748,mercy_(overwatch),4,3119,天使,角色
13543,hyuuga_hinata,4,3115,日向雏田,角色
1594094,pecorine_(princess_connect!),4,3109,佩可莉姆,角色
1645002,nice_nature_(umamusume),4,3108,好心情,角色
1544892,raihan_(pokemon),4,3099,莱恩,角色
1478507,iskandar_(fate),4,3097,伊斯坎达尔,角色
1275713,akigumo_(kancolle),4,3088,秋云,角色
1337035,leon_(pokemon),4,3088,利昂,角色
1441167,ayanami_(azur_lane),4,3086,绫波,角色
419123,shirogane_naoto,4,3085,白银直斗,角色
1792624,kafka_(honkai:_star_rail),4,3072,卡芙卡,角色
1599722,aru_(blue_archive),4,3072,亚露,角色
527774,monkey_d._luffy,4,3059,蒙奇·D·路飞,角色
11349,ryuuguu_rena,4,3055,龙宫礼奈,角色
1240694,ruby_rose,4,3040,露比·罗丝,角色
1333466,emilia_(re:zero),4,3036,爱蜜莉雅,角色
403357,nia_teppelin,4,3029,妮娅·泰佩林,角色
1631514,z1_leberecht_maass_(kancolle),4,3027,Z1莱伯雷希特·马斯,角色
1566117,kal'tsit_(arknights),4,3021,凯尔希,角色
12514,shiranui_mai,4,3018,不知火舞,角色
1628204,momoi_(blue_archive),4,3009,桃,角色
1462591,narmaya_(granblue_fantasy),4,3008,娜尔玛亚,角色
8956,star_sapphire,4,3006,斯塔·萨菲雅,角色
1276066,hoto_cocoa,4,3002,保登心爱,角色
1417248,common_raccoon_(kemono_friends),4,3001,浣熊,角色
682208,bridget_(guilty_gear),4,2999,布里奇特,角色
1452972,yorigami_shion,4,2996,依神紫苑,角色
1631389,taihou_(kancolle),4,2992,大凤,角色
1768637,miyu_(blue_archive),4,2992,美游,角色
398775,sheryl_nome,4,2983,雪莉露·诺姆,角色
375279,waver_velvet,4,2981,韦伯·维尔维特,角色
1919321,plana_(blue_archive),4,2977,普拉娜,角色
1283598,bronya_zaychik,4,2976,布洛妮娅·扎伊奇克,角色
1685269,ceres_fauna,4,2971,塞莱斯·法乌娜,角色
1595577,surtr_(arknights),4,2964,焰影,角色
411462,aisaka_taiga,4,2963,逢坂大河,角色
407910,higashikata_josuke,4,2963,东方仗助,角色
1443053,nakano_miku,4,2960,中野三玖,角色
9077,miura_azusa,4,2957,三浦梓,角色
1631516,z3_max_schultz_(kancolle),4,2957,Z3马克斯·舒尔茨,角色
1886276,corrin_(female)_(fire_emblem),4,2957,可琳（女）,角色
1316036,takami_chika,4,2950,高海千歌,角色
721694,tatsumaki,4,2948,龙卷,角色
1630673,fusou_(kancolle),4,2946,扶桑,角色
1631134,kuma_(kancolle),4,2943,熊,角色
1852825,iono_(pokemon),4,2940,伊奥娜,角色
1631474,warspite_(kancolle),4,2939,厌战,角色
663996,jougasaki_rika,4,2933,城崎莉嘉,角色
1448715,kizuna_akari,4,2932,绊爱,角色
1593453,fern_(sousou_no_frieren),4,2930,菲伦,角色
1622307,hasumi_(blue_archive),4,2930,莲见,角色
1435236,oda_nobunaga_(fate),4,2927,织田信长,角色
700406,reizei_mako,4,2922,玲泉真子,角色
16122,nico_robin,4,2917,妮可·罗宾,角色
1630489,aoba_(kancolle),4,2915,青叶,角色
1675937,kaedehara_kazuha,4,2906,枫原万叶,角色
9074,hagiwara_yukiho,4,2902,萩原雪步,角色
1275726,oboro_(kancolle),4,2901,胧,角色
1431828,elizabeth_bathory_(fate),4,2899,伊丽莎白·巴托里,角色
1629409,artoria_pendragon_(lancer)_(fate),4,2898,阿尔托莉雅·潘德拉贡（Lancer）,角色
761961,weiss_schnee,4,2898,薇丝·雪尼,角色
8955,luna_child,4,2884,露娜·柴尔德,角色
664492,maekawa_miku,4,2884,前川未来,角色
1515525,mayuzumi_fuyuko,4,2883,黛冬优子,角色
1631023,i-401_(kancolle),4,2878,I-401,角色
1682833,satono_diamond_(umamusume),4,2877,里诺·戴蒙德,角色
508752,pyonta,4,2876,皮翁塔,角色
1380244,kumano_(kancolle),4,2876,熊野,角色
1593304,don-chan_(usada_pekora),4,2876,咚酱,角色
1530284,bea_(pokemon),4,2875,贝亚,角色
1933159,shirakami_fubuki_(1st_costume),4,2868,白上吹雪（1st服装）,角色
344358,roronoa_zoro,4,2867,罗罗诺亚·索隆,角色
476837,holo,4,2853,霍罗,角色
1262414,izumi_sagiri,4,2851,和泉纱雾,角色
406263,satonaka_chie,4,2848,里中千枝,角色
1526515,nessa_(pokemon),4,2848,奈莎,角色
2075923,octoling_player_character,4,2838,章鱼玩家角色,角色
1440018,illustrious_(azur_lane),4,2837,光辉,角色
1435235,nitocris_(fate),4,2836,尼托克丽丝,角色
1271044,raiden_mei,4,2828,雷电芽衣,角色
758462,kirigiri_kyoko,4,2827,雾切响子,角色
1405055,fennec_(kemono_friends),4,2825,耳廓狐,角色
466393,lelouch_vi_britannia,4,2822,鲁路修·vi·布里塔尼亚,角色
1429424,tokitsukaze_(kancolle),4,2821,时津风,角色
8954,sunny_milk,4,2820,桑尼·米尔克,角色
1602944,mudrock_(arknights),4,2811,泥岩,角色
1631239,non-human_admiral_(kancolle),4,2804,非人类提督,角色
512930,alice_(alice_in_wonderland),4,2801,爱丽丝,角色
626945,shokuhou_misaki,4,2794,食蜂操祈,角色
1631303,satsuki_(kancolle),4,2791,五月,角色
1246772,mankanshoku_mako,4,2786,万条茉莉,角色
1627620,kiyohime_(fate),4,2781,清姬,角色
401823,sonic_the_hedgehog,4,2776,索尼克,角色
660394,midorikawa_nao,4,2775,绿川直,角色
539789,beatrice_(umineko),4,2772,贝阿朵莉切,角色
1664919,yoimiya_(genshin_impact),4,2771,宵宫,角色
1631194,mogami_(kancolle),4,2770,最上,角色
1275732,uzuki_(kancolle),4,2769,卯月,角色
1361608,boko_(girls_und_panzer),4,2763,博科,角色
1631010,hyuuga_(kancolle),4,2760,日向,角色
1630519,ashigara_(kancolle),4,2755,足柄,角色
378867,dark_magician_girl,4,2752,黑魔导少女,角色
1403841,yoshida_yuuko_(machikado_mazoku),4,2752,吉田优子（魔女宅急便）,角色
1533761,amber_(genshin_impact),4,2748,安柏,角色
9076,akizuki_ritsuko,4,2740,秋月律子,角色
660393,kise_yayoi,4,2737,木濑弥生,角色
527779,han_juri,4,2734,韩朱莉,角色
510605,makise_kurisu,4,2733,牧濑红莉栖,角色
603070,charlotte_(madoka_magica),4,2728,夏洛特,角色
1055516,akari_(pokemon),4,2724,小光,角色
1387675,kamado_nezuko,4,2721,灶门祢豆子,角色
1682831,kitasan_black_(umamusume),4,2721,北三黑,角色
1452342,amamiya_ren,4,2717,雨宫莲,角色
1465315,tomoe_gozen_(fate),4,2717,巴御前,角色
1631081,kagerou_(kancolle),4,2714,阳炎,角色
1845992,noa_(blue_archive),4,2713,诺亚,角色
1631452,urakaze_(kancolle),4,2704,浦风,角色
1628203,midori_(blue_archive),4,2700,绿,角色
1275731,shiratsuyu_(kancolle),4,2695,白露,角色
1631126,kiyoshimo_(kancolle),4,2695,清霜,角色
1682871,kazusa_(blue_archive),4,2684,花子,角色
12405,nagisa_kaworu,4,2677,渚薰,角色
1762231,kirima_syaro,4,2677,雾岛纱罗,角色
466559,kouzuki_kallen,4,2672,枢木卡莲,角色
707204,dizzy_(guilty_gear),4,2671,蒂兹,角色
1337527,mika_(girls_und_panzer),4,2671,米卡,角色
1964868,yamada_ryo,4,2670,山田凉,角色
1631066,jintsuu_(kancolle),4,2669,神通,角色
473279,unzan,4,2665,云山,角色
601487,enoshima_junko,4,2658,江之岛盾子,角色
471219,kousaka_kirino,4,2657,高坂桐乃,角色
1672736,twilight_(spy_x_family),4,2656,黄昏,角色
11053,houjou_satoko,4,2655,北条纱都子,角色
700933,hayami_kanade,4,2645,速水奏,角色
1385142,isokaze_(kancolle),4,2629,磯风,角色
1602206,qiqi_(genshin_impact),4,2624,七七,角色
1333601,ram_(re:zero),4,2621,拉姆,角色
1631447,unryuu_(kancolle),4,2619,云龙,角色
1236625,eren_yeager,4,2617,艾伦·耶格尔,角色
1318502,callie_(splatoon),4,2609,卡莉,角色
1630524,atlanta_(kancolle),4,2607,亚特兰大,角色
1540881,w_(arknights),4,2604,W,角色
1275717,hatsuyuki_(kancolle),4,2600,初雪,角色
1670936,accelerator_(toaru_majutsu_no_index),4,2597,一方通行,角色
1596241,diluc_(genshin_impact),4,2596,迪卢克,角色
1799501,karin_(bunny)_(blue_archive),4,2589,兔女郎花凛,角色
438339,rotom,4,2585,洛托姆,角色
12094,arcueid_brunestud,4,2582,爱尔奎特·布伦史塔德,角色
499269,miyu_edelfelt,4,2577,美游·艾德菲尔特,角色
1667138,wa2000_(girls'_frontline),4,2565,WA2000,角色
414822,miyafuji_yoshika,4,2564,宫藤芳佳,角色
1646757,special_week_(umamusume),4,2559,特别周,角色
1193071,yuuki_makoto_(persona_3),4,2549,结城理,角色
658637,chitanda_eru,4,2548,千反田爱瑠,角色
1398811,kanna_kamui,4,2546,康娜·卡姆依,角色
1631385,taigei_(kancolle),4,2539,大鲸,角色
1631174,michishio_(kancolle),4,2533,道,角色
12112,emiya_kiritsugu,4,2532,卫宫切嗣,角色
1378260,lana_(pokemon),4,2529,玛娜菲,角色
414823,erica_hartmann,4,2528,艾莉卡·哈特曼,角色
1452975,yorigami_jo'on,4,2525,依神女苑,角色
1631299,saratoga_(kancolle),4,2518,萨拉托加,角色
1464778,nakano_yotsuba,4,2515,中野四叶,角色
1630472,akitsu_maru_(kancolle),4,2514,秋津丸,角色
1806092,shiroko_(swimsuit)_(blue_archive),4,2512,泳装白子,角色
438007,kamijou_touma,4,2510,上条当麻,角色
1596439,mutsuki_(blue_archive),4,2508,睦月,角色
717140,hishikawa_rikka,4,2506,菱川六花,角色
1366306,rowlet,4,2493,木木,角色
1467675,symboli_rudolf_(umamusume),4,2493,象征鲁道夫,角色
1440130,laffey_(azur_lane),4,2477,拉菲,角色
670005,yukine_chris,4,2471,雪音克莉丝,角色
12297,merlin_prismriver,4,2465,梅兰·普莉兹姆利巴,角色
1630723,hatsuzuki_(kancolle),4,2465,初月,角色
12564,uchiha_sasuke,4,2464,宇智波佐助,角色
1318503,marie_(splatoon),4,2462,玛丽,角色
1481047,akai_haato,4,2459,赤井心,角色
1702683,diarmuid_ua_duibhne_(lancer)_(fate),4,2458,迪卢木多·奥迪那,角色
439625,kaenbyou_rin_(cat),4,2457,火焰猫燐（猫）,角色
10284,asakura_ryouko,4,2456,朝仓凉子,角色
1631478,yahagi_(kancolle),4,2454,矢矧,角色
1449263,nia_(xenoblade),4,2449,妮娅,角色
1627610,katsushika_hokusai_(fate),4,2448,葛饰北斋,角色
1589924,simon_(ttgl),4,2447,西蒙,角色
554006,tachibana_kanade,4,2443,立华奏,角色
4587,shana,4,2441,夏娜,角色
9081,futami_mami,4,2441,双海真美,角色
482064,makinami_mari_illustrious,4,2440,真希波·玛丽·伊利阿斯特,角色
660390,aoki_reika,4,2440,青木玲香,角色
1630708,harusame_(kancolle),4,2440,春雨,角色
1432467,morgan_le_fay_(fate),4,2432,摩根勒菲,角色
1440202,enterprise_(azur_lane),4,2425,企业,角色
557446,ethan_(pokemon),4,2422,小智（金）,角色
420872,gertrud_barkhorn,4,2417,格特鲁德·巴克霍恩,角色
1598223,kayoko_(blue_archive),4,2416,佳代子,角色
1440020,takao_(azur_lane),4,2415,高雄,角色
1701171,march_7th_(honkai:_star_rail),4,2412,三月七,角色
1399517,tippy_(gochiusa),4,2407,提比,角色
12298,lyrica_prismriver,4,2406,莉莉卡·普莉兹姆利巴,角色
1279297,yura_(kancolle),4,2404,由良,角色
1719005,hakui_koyori,4,2401,白上小百合,角色
1758613,ui_(blue_archive),4,2399,优衣,角色
1250855,hex_maniac_(pokemon),4,2390,魔女,角色
394317,rosalina,4,2388,罗莎琳娜,角色
394054,louise_francoise_le_blanc_de_la_valliere,4,2383,露易丝·弗朗索瓦丝·勒·布朗·德·拉·瓦利埃,角色
1674212,irys_(hololive),4,2379,艾莉丝,角色
1341257,toga_himiko,4,2378,渡我被身子,角色
1459161,tsukino_mito,4,2378,月乃美兔,角色
1933166,ninomae_ina'nis_(1st_costume),4,2365,二之名伊那妮（1st服装）,角色
1933165,watson_amelia_(1st_costume),4,2364,华生·阿米莉亚（1st服装）,角色
573907,blue_oak,4,2357,青绿,角色
1634527,arima_kana,4,2357,有马假名,角色
1525544,itadori_yuuji,4,2353,虎杖悠仁,角色
1932888,yuuka_(track)_(blue_archive),4,2353,泳装优香,角色
1620953,hifumi_(blue_archive),4,2349,日富美,角色
1311294,gran_(granblue_fantasy),4,2345,格兰,角色
1447375,tamamo_cat_(fate),4,2336,玉藻猫,角色
700404,isuzu_hana,4,2334,五十铃花,角色
1432299,matara_okina,4,2332,摩多罗隐岐奈,角色
1817174,inkling_boy,4,2331,乌贼男孩,角色
1630695,haguro_(kancolle),4,2329,羽黑,角色
1255756,t-head_admiral,4,2325,T头提督,角色
1544632,mostima_(arknights),4,2324,莫斯提马,角色
1631206,mutsuki_(kancolle),4,2321,睦月,角色
1440110,akagi_(azur_lane),4,2312,赤城,角色
436994,sakurai_momoka,4,2300,樱井桃华,角色
409162,senjougahara_hitagi,4,2298,战场原黑仪,角色
454513,hanekawa_tsubasa,4,2298,羽川翼,角色
395970,ranka_lee,4,2293,兰卡·李,角色
1483850,napoleon_bonaparte_(fate),4,2290,拿破仑·波拿巴,角色
549180,kashiwazaki_sena,4,2289,柏崎星奈,角色
1267920,re-class_battleship,4,2289,Re级战列舰,角色
1549045,tsunomaki_watame,4,2288,角卷绵芽,角色
1631440,u-511_(kancolle),4,2286,U-511,角色
385134,ushiromiya_battler,4,2284,右代宫战人,角色
615289,hilbert_(pokemon),4,2281,希伯特,角色
1814848,takodachi_(ninomae_ina'nis),4,2281,章鱼小弟,角色
1257126,p-head_producer,4,2279,P头制作人,角色
99,shinku,4,2278,真红,角色
772426,ohtsuki_yui,4,2278,大月唯,角色
1287911,hino_akane_(smile_precure!),4,2274,日野茜,角色
1624414,neru_(blue_archive),4,2274,妮露,角色
1234829,yang_xiao_long,4,2272,阳小龙,角色
1316167,kurosawa_dia,4,2271,黑泽黛雅,角色
1316169,matsuura_kanan,4,2270,松浦果南,角色
386434,piplup,4,2260,小企鹅,角色
1630477,akizuki_(kancolle),4,2251,秋月,角色
403861,kyonko,4,2250,虚子,角色
1586177,omaru_polka,4,2242,大丸波尔卡,角色
1667140,ump9_(girls'_frontline),4,2239,UMP9,角色
1765430,jeanne_d'arc_alter_(swimsuit_berserker)_(fate),4,2239,贞德·Alter（泳装狂战士）,角色
1931043,stelle_(honkai:_star_rail),4,2234,星,角色
1384409,akamatsu_kaede,4,2224,赤松枫,角色
1631032,i-8_(kancolle),4,2223,I-8,角色
1440070,kaga_(azur_lane),4,2222,加贺,角色
1630210,abukuma_(kancolle),4,2217,阿武隈,角色
615600,toshinou_kyouko,4,2216,利诺·镜子,角色
1631433,tone_(kancolle),4,2214,利根,角色
1402355,kagari_atsuko,4,2206,香坂敦子,角色
1631333,shikinami_(kancolle),4,2202,敷波,角色
445847,charizard,4,2197,喷火龙,角色
1860581,wanderer_(genshin_impact),4,2194,流浪者,角色
1250847,junketsu,4,2190,纯洁,角色
598066,houjou_hibiki,4,2189,北条响,角色
1623528,dodoco_(genshin_impact),4,2186,嘟嘟可,角色
1252196,akuma_homura,4,2185,恶魔焰,角色
1933160,inugami_korone_(1st_costume),4,2185,戌神沁音（1st服装）,角色
1719006,kazama_iroha,4,2183,风间伊吕波,角色
4906,lum,4,2182,拉姆,角色
1789597,asakura_toru,4,2182,朝仓彻,角色
1933144,sakamata_chloe_(1st_costume),4,2178,鲨鱼妹（1st服装）,角色
9080,futami_ami,4,2176,双海亚美,角色
666034,akagi_miria,4,2175,赤城米莉亚,角色
853361,bb_(fate/extra),4,2174,BB,角色
1388692,touhoku_kiritan,4,2174,东北切蒲英,角色
1786496,artoria_caster_(fate),4,2173,阿尔托莉雅·Caster,角色
1631090,kamikaze_(kancolle),4,2170,神风,角色
1467925,vodka_(umamusume),4,2170,伏特加,角色
1631116,kisaragi_(kancolle),4,2168,如月,角色
1467838,oguri_cap_(umamusume),4,2168,小栗帽,角色
1183449,nonna_(girls_und_panzer),4,2167,诺娜,角色
1602199,ningguang_(genshin_impact),4,2166,凝光,角色
171918,android_18,4,2164,人造人18号,角色
1316166,kunikida_hanamaru,4,2164,国木田花丸,角色
657125,ia_(vocaloid),4,2163,IA,角色
662472,takanashi_rikka,4,2161,小鸟游六花,角色
1525545,fushiguro_megumi,4,2159,伏黑惠,角色
1990869,adventurer_(ff11),4,2156,冒险者,角色
1525756,sonia_(pokemon),4,2153,索妮亚,角色
1677019,baobhan_sith_(fate),4,2149,波厄丝,角色
476084,saten_ruiko,4,2145,佐天泪子,角色
1408667,kochou_shinobu,4,2145,胡蝶忍,角色
12106,kousaka_tamaki,4,2144,高坂环,角色
717136,aida_mana,4,2143,相田真奈,角色
1680379,mash_kyrielight_(dangerous_beast),4,2132,危险野兽玛修,角色
416172,kujikawa_rise,4,2131,久慈川理世,角色
1631265,pola_(kancolle),4,2125,波拉,角色
1631188,miyuki_(kancolle),4,2123,深雪,角色
1488442,bb_(swimsuit_mooncancer)_(fate),4,2122,泳装月癌BB,角色
1459170,hachimiya_meguru,4,2119,八宫巡,角色
553633,lyra_(pokemon),4,2117,小光（晶）,角色
1467626,anastasia_(fate),4,2115,安娜斯塔西娅,角色
1682888,saori_(blue_archive),4,2114,纱织,角色
1533460,lysithea_von_ordelia,4,2106,莉丝缇亚·冯·奥尔德利亚,角色
591906,panty_(psg),4,2103,胖次天使,角色
1630675,gambier_bay_(kancolle),4,2103,甘比尔湾,角色
1251354,phosphophyllite,4,2099,磷叶石,角色
405240,amagi_yukiko,4,2098,天城雪子,角色
1627569,fou_(fate),4,2092,福,角色
1533066,hilda_valentine_goneril,4,2090,希尔达·瓦伦丁·戈内利尔,角色
691541,perrine_h._clostermann,4,2086,佩琳·H·克洛斯特曼,角色
713449,morikubo_nono,4,2086,森久保乃乃,角色
1386288,harukawa_maki,4,2083,春川真纪,角色
1350741,darkness_(konosuba),4,2082,达克妮丝,角色
599208,charlotte_e._yeager,4,2078,夏洛特·E·耶格尔,角色
1431862,nero_claudius_(swimsuit_caster)_(fate),4,2078,泳装尼禄·Caster,角色
1646767,twin_turbo_(umamusume),4,2077,双涡轮,角色
16066,raising_heart,4,2075,升华之心,物品
426767,ikamusume,4,2073,乌贼娘,角色
1387121,tamamo_no_mae_(swimsuit_lancer)_(fate),4,2071,泳装玉藻前（Lancer）,角色
1670077,springfield_(girls'_frontline),4,2070,春田,角色
938279,lyn_(fire_emblem),4,2069,琳,角色
530171,kurumi_erika,4,2069,来栖惠理香,角色
663681,honda_mio,4,2065,本田未央,角色
1631046,ise_(kancolle),4,2060,伊势,角色
1378262,mallow_(pokemon),4,2057,玛奥,角色
399582,lucario,4,2054,路卡利欧,角色
1584985,nonomi_(blue_archive),4,2052,野乃美,角色
1827774,sanji_(one_piece),4,2051,山治,角色
1585360,battleship_princess,4,2050,战舰公主,角色
502807,shinki_(touhou),4,2048,神绮,角色
610107,akaza_akari,4,2046,赤座灯里,角色
1561724,fukumaru_koito,4,2045,福丸小糸,角色
660392,hoshizora_miyuki,4,2043,星空美幸,角色
1534338,kicchou_yachie,4,2042,吉吊八千惠,角色
1610754,yu_mei-ren_(fate),4,2041,虞美人,角色
41,suiseiseki,4,2040,翠星石,角色
1472743,ibaraki_douji_(fate),4,2038,茨木童子,角色
1644998,mihono_bourbon_(umamusume),4,2036,美宝,角色
1227373,sessyoin_kiara,4,2032,杀生院祈荒,角色
11050,sonozaki_mion,4,2031,园崎魅音,角色
1631071,jun'you_(kancolle),4,2031,隼鹰,角色
1316168,kurosawa_ruby,4,2031,黑泽露比,角色
512688,brendan_(pokemon),4,2030,小智（绿）,角色
1524282,lio_fotia,4,2028,利奥·福提亚,角色
1933143,la+_darknesss_(1st_costume),4,2025,拉普拉斯·达克尼斯（1st服装）,角色
1452668,hassan_of_serenity_(fate),4,2024,宁静哈桑,角色
543959,sakura_miku,4,2023,樱花未来,角色
16082,ryougi_shiki,4,2018,两仪式,角色
1747952,miyako_(blue_archive),4,2018,宫子,角色
1633650,yuzu_(blue_archive),4,2015,柚子,角色
565443,shinjou_akane,4,2014,新条茜,角色
1275722,makigumo_(kancolle),4,2010,卷云,角色
1631510,yuugumo_(kancolle),4,2009,夕云,角色
414820,lynette_bishop,4,2008,琳内特·毕晓普,角色
1631016,i-168_(kancolle),4,2008,I-168,角色
1654886,kudamaki_tsukasa,4,2008,九魂鹤,角色
1346647,shinomiya_kaguya,4,2005,四宫辉夜,角色
1406378,shoebill_(kemono_friends),4,2005,鞋嘴鹳,角色
1533350,morpeko,4,2002,莫鲁贝可,角色
1630677,gangut_(kancolle),4,1998,甘古特,角色
1551569,nian_(arknights),4,1994,年,角色
1542542,higashiyama_kobeni,4,1993,东山小红,角色
1317049,seiran_(touhou),4,1992,星熊勇仪,角色
2018110,neptune_(neptunia),4,1990,涅普顿,角色
408655,kasane_teto,4,1988,重音特托,角色
1524986,specter_(arknights),4,1988,幽灵鲨,角色
1586174,momosuzu_nene,4,1977,桃铃音音,角色
1625330,hibiki_(blue_archive),4,1977,响,角色
664082,miyamoto_frederica,4,1976,宫本弗雷德丽卡,角色
14180,lilith_aensland,4,1970,莉莉丝·恩斯兰德,角色
1255499,satou_kazuma,4,1965,佐藤和真,角色
1406537,shima_rin,4,1963,志摩凛,角色
1644994,mayano_top_gun_(umamusume),4,1959,马场大进,角色
1248475,jinx_(league_of_legends),4,1957,金克斯,角色
7914,mizuno_ami,4,1954,水野亚美,角色
1631211,nachi_(kancolle),4,1954,那智,角色
1534498,meltryllis_(swimsuit_lancer)_(fate),4,1954,泳装梅尔特莉莉丝,角色
1605760,iori_(blue_archive),4,1948,伊织,角色
1630685,gotland_(kancolle),4,1944,哥特兰,角色
1629430,mysterious_heroine_xx_(fate),4,1943,神秘女英雄XX,角色
1239637,jakuzure_nonon,4,1942,蛇崩乃音,角色
1405419,lucky_beast_(kemono_friends),4,1941,幸运兽,角色
1292966,asui_tsuyu,4,1938,蛙吹梅雨,角色
1634345,izuna_(blue_archive),4,1937,泉奈,角色
1613891,albedo_(genshin_impact),4,1936,阿贝多,角色
10546,vegeta,4,1935,贝吉塔,角色
1425456,seele_vollerei,4,1935,希儿·芙乐艾,角色
1596245,kaeya_(genshin_impact),4,1929,凯亚,角色
1678981,kujou_sara,4,1927,九条裟罗,角色
7477,noumi_kudryavka,4,1925,野上久留美,角色
1838442,alhaitham_(genshin_impact),4,1919,艾尔海森,角色
1629435,krista_lenz,4,1919,克里斯塔·兰斯,角色
1978894,9s_(nier:automata),4,1917,9S,角色
1667145,ak-12_(girls'_frontline),4,1915,AK-12,角色
1160566,blake_belladonna,4,1914,布蕾克·贝拉多娜,角色
1517401,lize_helesta,4,1913,莉泽·赫蕾丝塔,角色
1239070,akatsuki_kirika,4,1911,晓雾桐香,角色
713731,tedeza_rize,4,1910,蒂德萨·莉泽,角色
384405,irisviel_von_einzbern,4,1909,爱丽丝菲尔·冯·爱因兹贝伦,角色
1317200,endeavor_(boku_no_hero_academia),4,1909,安德瓦,角色
1542251,orange_pekoe_(girls_und_panzer),4,1908,橙红茶,角色
568921,aegis_(persona),4,1905,艾吉斯,角色
1630542,choukai_(kancolle),4,1902,鸟海,角色
1522661,angelina_(arknights),4,1902,安洁莉娜,角色
1268743,ujimatsu_chiya,4,1901,宇治松千夜,角色
7794,aino_minako,4,1900,爱野美奈子,角色
467096,leaf_(pokemon),4,1898,小叶,角色
445901,gengar,4,1896,耿鬼,角色
1387748,katsuki_yuuri,4,1890,胜生勇利,角色
1631112,kinugasa_(kancolle),4,1888,衣笠,角色
596343,mima_(touhou),4,1883,魅魔,角色
700409,tsumiki_mikan,4,1883,罪木蜜柑,角色
1886280,robin_(female)_(fire_emblem),4,1881,罗宾（女）,角色
1631376,suzutsuki_(kancolle),4,1881,凉月,角色
1631244,noshiro_(kancolle),4,1880,能代,角色
1629361,ushiwakamaru_(fate),4,1878,牛若丸,角色
1693513,elizabeth_bathory_(fate/extra_ccc),4,1876,伊丽莎白·巴托里（Fate/Extra CCC）,角色
1971293,hanako_(swimsuit)_(blue_archive),4,1874,泳装花子,角色
1440145,javelin_(azur_lane),4,1873,标枪,角色
1933175,nekomata_okayu_(1st_costume),4,1872,猫又小粥（1st服装）,角色
1577501,lisa_(genshin_impact),4,1872,丽莎,角色
1972134,vita_(nanoha),4,1871,维塔,角色
433649,johnny_joestar,4,1871,约翰尼·乔斯达,角色
1387712,viktor_nikiforov,4,1869,维克托·尼基福罗夫,角色
1593680,ashiya_douman_(fate),4,1869,芦屋道满,角色
567872,n_(pokemon),4,1866,N,角色
1618002,slime_(genshin_impact),4,1866,史莱姆,角色
1631163,maru-yu_(kancolle),4,1864,丸优,角色
1654650,skadi_the_corrupting_heart_(arknights),4,1864,腐蚀之心斯卡蒂,角色
1631425,teruzuki_(kancolle),4,1863,照月,角色
1933211,nanashi_mumei_(1st_costume),4,1861,无名米梅（1st服装）,角色
664359,tachibana_hibiki_(symphogear),4,1860,立花响,角色
1631225,nagatsuki_(kancolle),4,1860,长月,角色
1539717,reze_(chainsaw_man),4,1860,蕾塞,角色
383738,vivio,4,1857,薇薇欧,角色
1403842,chiyoda_momo,4,1856,千代田桃,角色
1629420,jeanne_d'arc_alter_santa_lily_(fate),4,1852,圣诞小贞德,角色
1408471,camilla_(fire_emblem),4,1851,卡米拉,角色
1657251,elira_pendora,4,1840,艾莉拉·潘多拉,角色
301250,yae_sakura,4,1839,八重樱,角色
753977,sinon,4,1836,诗乃,角色
681874,shiomi_syuko,4,1835,潮见修子,角色
1670933,index_(toaru_majutsu_no_index),4,1833,茵蒂克丝,角色
1734277,oda_nobunaga_(koha-ace),4,1832,织田信长（Koha-Ace）,角色
1581062,shiomi_kotone,4,1829,潮见琴音,角色
1446811,st._louis_(azur_lane),4,1828,圣路易斯,角色
8276,bardiche,4,1827,巴迪修,物品
1670940,last_order_(toaru_majutsu_no_index),4,1821,最后之作,角色
601490,monokuma,4,1821,黑白熊,角色
1631102,katsuragi_(kancolle),4,1815,葛城,角色
1459802,shirase_sakuya,4,1814,白濑咲夜,角色
1383241,lusamine_(pokemon),4,1813,露莎米妮,角色
716185,nishizumi_shiho,4,1810,西住志穗,角色
628777,yuzuriha_inori,4,1807,楪祈,角色
1300728,oumae_kumiko,4,1805,黄前久美子,角色
1441509,andou_(girls_und_panzer),4,1803,安藤,角色
1231206,levi_(shingeki_no_kyojin),4,1800,利威尔,角色
1524993,saria_(arknights),4,1799,萨卡,角色
1447957,nero_claudius_(bride)_(fate),4,1796,新娘尼禄,角色
1257062,pepperoni_(girls_und_panzer),4,1796,佩珀罗妮,角色
1275721,kuroshio_(kancolle),4,1790,黑潮,角色
382079,takara_miyuki,4,1789,宝多六花,角色
1735921,asashio_kai_ni_(kancolle),4,1783,朝潮改二,角色
1643688,azusa_(blue_archive),4,1781,梓,角色
717139,kenzaki_makoto,4,1778,剑崎真琴,角色
1631495,yayoi_(kancolle),4,1778,弥生,角色
1631402,tama_(kancolle),4,1776,玉,角色
2007520,houshou_marine_(summer),4,1776,夏季宝钟玛琳,角色
1243759,horikawa_raiko,4,1770,堀川雷鼓,角色
1626315,dusk_(arknights),4,1768,黄昏,角色
10146,koizumi_itsuki,4,1766,小泉一树,角色
1631373,suzukaze_(kancolle),4,1766,凉风,角色
1675744,selen_tatsuki,4,1765,月见星,角色
1631357,shirayuki_(kancolle),4,1761,白雪,角色
1536889,kanroji_mitsuri,4,1759,甘露寺蜜璃,角色
1421907,komi_shouko,4,1758,古见硝子,角色
361258,ranma-chan,4,1756,乱马（女）,角色
1501023,artoria_pendragon_(lancer_alter)_(fate),4,1755,Lancer Alter,角色
399147,yowane_haku,4,1753,弱音ハク,角色
13036,misumi_nagisa,4,1752,美墨奈美,角色
1186381,arch_bishop_(ragnarok_online),4,1748,大主教,角色
1630510,asashimo_(kancolle),4,1748,朝霜,角色
1266581,ramlethal_valentine,4,1747,拉姆雷萨尔·瓦伦丁,角色
445833,jessie_(pokemon),4,1746,杰西,角色
1644982,curren_chan_(umamusume),4,1741,骏川,角色
401594,palutena,4,1739,帕鲁蒂娜,角色
386242,sakata_gintoki,4,1738,坂田银时,角色
414816,sakamoto_mio,4,1738,坂本美绪,角色
1295749,tracer_(overwatch),4,1737,猎空,角色
1808100,dan_heng_(honkai:_star_rail),4,1736,丹恒,角色
663432,kamiya_nao,4,1734,神谷奈绪,角色
727253,hojo_karen,4,1734,北条加莲,角色
1639112,sendai_kai_ni_(kancolle),4,1733,仙台改二,角色
1862390,hiroi_kikuri,4,1733,广井菊里,角色
392481,madotsuki,4,1732,梦美,角色
1644976,admire_vega_(umamusume),4,1730,仰慕维加,角色
1560134,morpeko_(full),4,1728,满肚子莫鲁贝可,角色
1344590,matsuno_osomatsu,4,1726,松野长松,角色
1442305,hiro_(darling_in_the_franxx),4,1724,广,角色
1734866,musashi_kai_ni_(kancolle),4,1724,武藏改二,角色
1584593,felicia_(vampire),4,1722,菲莉西亚,角色
664313,moroboshi_kirari,4,1722,诸星可莉莉,角色
1749629,chouzetsusaikawa_tenshi-chan,4,1721,超绝最可爱天使酱,角色
496829,makoto_nanaya,4,1720,真木·娜娜雅,角色
1344591,matsuno_karamatsu,4,1720,松野唐松,角色
1634607,hoshino_ai_(oshi_no_ko),4,1720,星野爱,角色
1824247,etna_(disgaea),4,1719,艾特娜,角色
424944,hanamura_yousuke,4,1716,花村阳介,角色
1368824,takamaki_anne,4,1716,高卷杏,角色
1645007,seiun_sky_(umamusume),4,1716,星云天空,角色
663460,sasaki_chie,4,1715,佐佐木千惠,角色
1462453,morino_rinze,4,1715,森野凛世,角色
529058,hanasaki_tsubomi,4,1713,花咲蕾,角色
1549066,himemori_luna,4,1713,姬森露娜,角色
8107,bulma,4,1712,布尔玛,角色
1365551,sakura_futaba,4,1710,樱岛麻衣,角色
1493611,kemomimi-chan_(naga_u),4,1710,兽耳酱,角色
1423783,eternity_larva,4,1709,永恒幼虫,角色
1292970,yaoyorozu_momo,4,1705,八百万百,角色
1560614,saren_(princess_connect!),4,1705,莎伦,角色
1344593,matsuno_ichimatsu,4,1702,松野一松,角色
1644983,eishin_flash_(umamusume),4,1702,闪电闪,角色
1344594,matsuno_jyushimatsu,4,1701,松野十四松,角色
5036,signum,4,1699,齐格姆,角色
445954,bulbasaur,4,1699,妙蛙种子,角色
1630499,arashio_(kancolle),4,1699,荒潮,角色
1420942,yuuki_setsuna_(love_live!),4,1699,优木雪菜,角色
1533840,kurokoma_saki,4,1699,黑驹咲,角色
1682867,iroha_(blue_archive),4,1699,伊吕波,角色
1933164,takanashi_kiara_(1st_costume),4,1697,高梨辉夜（1st服装）,角色
1460817,kuwayama_chiyuki,4,1696,桑山千雪,角色
1554856,hayakawa_aki,4,1696,早川秋,角色
657914,tokisaki_kurumi,4,1693,时崎狂三,角色
1317067,ringo_(touhou),4,1693,铃仙·优昙华院·因幡,角色
1933161,kiryu_coco_(1st_costume),4,1693,桐生可可（1st服装）,角色
488853,kasumi_(doa),4,1692,霞,角色
674693,skyla_(pokemon),4,1692,风露,角色
1316170,ohara_mari,4,1692,小原步梦,角色
1627626,leonardo_da_vinci_(fate),4,1690,达·芬奇,角色
697698,kirigaya_suguha,4,1689,桐谷直叶,角色
1541326,hoshikawa_sara,4,1689,星川莎拉,角色
1298160,kotonoha_akane,4,1686,琴乃叶茜,角色
1732422,kasumi_kai_ni_(kancolle),4,1686,霞改二,角色
1470527,natori_sana,4,1686,名取沙那,角色
1409154,tohru_(maidragon),4,1684,托尔,角色
401222,noel_vermillion,4,1683,诺艾尔·弗缪里翁,角色
1542253,rosehip_(girls_und_panzer),4,1680,玫瑰果,角色
1933191,shishiro_botan_(1st_costume),4,1679,狮白牡丹（1st服装）,角色
1594464,bloop_(gawr_gura),4,1678,布鲁普,角色
1296572,todoroki_shouto,4,1677,轰焦冻,角色
518079,tiki_(fire_emblem),4,1676,蒂姬,角色
1597302,beidou_(genshin_impact),4,1676,北斗,角色
1665751,t-head_trainer,4,1676,T头训练员,角色
15221,hanyuu,4,1675,羽入,角色
1412756,theresa_apocalypse,4,1675,德丽莎·阿波卡利斯,角色
432714,trafalgar_law,4,1673,特拉法尔加·罗,角色
375109,midna,4,1672,米德娜,角色
1417247,japanese_crested_ibis_(kemono_friends),4,1670,朱鹮,角色
1410565,fujiwara_chika,4,1668,藤原千花,角色
510496,ryu_(street_fighter),4,1667,隆,角色
606667,kirino_ranmaru,4,1667,雾野兰丸,角色
1654887,iizunamaru_megumu,4,1667,饭纲丸龙,角色
386311,otonashi_kotori,4,1666,音无小鸟,角色
1303014,producer_(idolmaster_cinderella_girls_anime),4,1665,制作人,角色
396068,watatsuki_no_yorihime,4,1661,绵月依姬,角色
1419028,komano_aunn,4,1661,小野塚小町,角色
436223,nanasaki_ai,4,1657,七咲爱,角色
1581646,noelle_(genshin_impact),4,1656,诺艾尔,角色
1630529,ayanami_(kancolle),4,1655,绫波,角色
8151,hino_rei,4,1653,火野丽,角色
423669,saber_lily,4,1651,百合骑士,角色
658795,mimura_kanako,4,1651,三村加奈子,角色
1525780,rotom_phone,4,1651,洛托姆手机,物品
1630445,agano_(kancolle),4,1648,阿贺野,角色
1641844,yanfei_(genshin_impact),4,1647,烟绯,角色
1493508,princess_king_boo,4,1642,公主鬼王,角色
1645011,tamamo_cross_(umamusume),4,1640,玉藻十字,角色
1627148,koyanskaya_(fate),4,1639,高扬斯卡娅,角色
712088,leafa,4,1638,莉法,角色
593284,naegi_makoto,4,1638,苗木诚,角色
593802,minamino_kanade,4,1638,南野奏,角色
42,souseiseki,4,1637,苍星石,角色
1447804,oshida_(girls_und_panzer),4,1635,大志田,角色
8586,chibi_usa,4,1634,月野小兔,角色
1407560,kizuna_ai,4,1634,绊爱,角色
1459804,tsukioka_kogane,4,1634,月冈小金,角色
707037,hoshi_syoko,4,1633,星辉子,角色
1644990,king_halo_(umamusume),4,1633,国王光环,角色
1886287,byleth_(male)_(fire_emblem),4,1632,贝雷特（男）,角色
1829691,juliana_(pokemon),4,1632,朱莉安娜,角色
378207,matou_kariya,4,1631,间桐雁夜,角色
1407467,northern_white-faced_owl_(kemono_friends),4,1631,北方白脸猫头鹰,角色
1492381,shiina_yuika,4,1631,椎名由衣,角色
432816,kishibe_rohan,4,1629,岸边露伴,角色
1933189,yukihana_lamy_(1st_costume),4,1629,雪花菈米（1st服装）,角色
354943,edward_elric,4,1628,爱德华·艾尔利克,角色
1631054,isuzu_(kancolle),4,1627,五十铃,角色
1933156,hoshimachi_suisei_(1st_costume),4,1627,星街彗星（1st服装）,角色
1719012,takane_lui,4,1625,高根露伊,角色
1534779,artoria_pendragon_(swimsuit_ruler)_(fate),4,1623,泳装阿尔托莉雅·Ruler,角色
403378,yuffie_kisaragi,4,1620,尤菲·基萨拉吉,角色
11427,kasugano_sakura,4,1620,春日野樱,角色
727697,sylveon,4,1619,仙子伊布,角色
1667329,oberon_(fate),4,1619,奥伯龙,角色
1572074,lucifer_(helltaker),4,1618,路西法,角色
1407816,silver_fox_(kemono_friends),4,1615,银狐,角色
1806087,hoshino_(swimsuit)_(blue_archive),4,1615,泳装星野,角色
1793083,silver_wolf_(honkai:_star_rail),4,1615,银狼,角色
1810157,tighnari_(genshin_impact),4,1615,提纳里,角色
1525687,blue_poison_(arknights),4,1612,蓝毒,角色
1467946,haru_urara_(umamusume),4,1608,春丽,角色
1528228,le_malin_(azur_lane),4,1602,恶魔,角色
1375862,mimikyu,4,1601,谜拟Q,角色
1825474,ichika_(blue_archive),4,1601,一花,角色
425768,umbreon,4,1599,黑夜伊布,角色
1273262,rensouhou-kun,4,1599,连装炮君,角色
674691,elesa_(pokemon),4,1598,艾莉丝,角色
1631208,myoukou_(kancolle),4,1598,妙高,角色
1631141,libeccio_(kancolle),4,1596,利伯奇奥,角色
1338854,mei_(overwatch),4,1595,美,角色
1446812,honolulu_(azur_lane),4,1590,檀香山,角色
1631408,tashkent_(kancolle),4,1590,塔什干,角色
1561956,bremerton_(scorching-hot_training)_(azur_lane),4,1590,灼热训练布雷默顿,角色
2018066,noire_(neptunia),4,1589,诺瓦尔,角色
466260,terra_branford,4,1587,蒂拉·布兰福德,角色
7559,luigi,4,1585,路易吉,角色
2018038,purple_heart_(neptunia),4,1585,紫心,角色
1245442,i-class_destroyer,4,1582,I级驱逐舰,角色
1295790,widowmaker_(overwatch),4,1582,黑百合,角色
1631062,jervis_(kancolle),4,1582,杰维斯,角色
1525577,hoshiguma_(arknights),4,1578,星熊,角色
1762182,ranni_the_witch,4,1578,菈妮,角色
1629640,martha_(fate),4,1576,玛尔达,角色
1248309,sendai_hakurei_no_miko,4,1572,博丽灵梦,角色
427708,ushiromiya_ange,4,1569,右代宫缘寿,角色
1933172,uruha_rushia_(1st_costume),4,1568,润羽露希娅（1st服装）,角色
404724,kagura_(gintama),4,1567,神乐,角色
1682834,matikane_tannhauser_(umamusume),4,1564,马场大进,角色
1513845,scorbunny,4,1563,炎兔儿,角色
1630653,fletcher_(kancolle),4,1562,弗莱彻,角色
1527621,marianne_von_edmund,4,1562,玛丽安·冯·埃德蒙德,角色
1508231,sunazuka_akira,4,1559,砂冢明,角色
425771,glaceon,4,1557,冰伊布,角色
1382909,kawakaze_(kancolle),4,1557,川风,角色
592111,oshawott,4,1556,水水獭,角色
1344592,matsuno_choromatsu,4,1556,松野长松,角色
1440177,z23_(azur_lane),4,1552,Z23,角色
1667154,an-94_(girls'_frontline),4,1552,AN-94,角色
1667148,m4a1_(girls'_frontline),4,1551,M4A1,角色
8545,kamio_misuzu,4,1550,上尾美铃,角色
1933183,minato_aqua_(1st_costume),4,1550,湊阿库娅（1st服装）,角色
1630671,furutaka_(kancolle),4,1549,古鹰,角色
595668,hatsune_miku_(append),4,1548,初音未来（Append）,角色
1631161,mamiya_(kancolle),4,1547,间宫,角色
1675004,elysia_(honkai_impact),4,1547,爱莉希雅,角色
1712705,adachi_rei,4,1546,足立レイ,角色
1629414,artoria_pendragon_(alter_swimsuit_rider)_(fate),4,1546,泳装阿尔托莉雅·Alter Rider,角色
547415,funami_yui,4,1544,船见由依,角色
1462526,higuchi_kaede,4,1544,樋口圆香,角色
1631052,isonami_(kancolle),4,1543,矶波,角色
1667163,commander_(girls'_frontline),4,1543,指挥官,角色
1253671,gamagoori_ira,4,1543,我那霸响,角色
1676220,peroro_(blue_archive),4,1542,佩罗,角色
374467,princess_daisy,4,1539,黛西公主,角色
56878,fujibayashi_kyou,4,1538,藤林杏,角色
1496188,yuzuki_choco,4,1538,柚子巧克力,角色
8152,kino_makoto,4,1536,木野真琴,角色
470503,konjiki_no_yami,4,1535,金色暗影,角色
695285,sakuma_mayu,4,1533,佐久间麻由,角色
1405975,grey_wolf_(kemono_friends),4,1532,灰狼,角色
1627803,yang_guifei_(fate),4,1532,杨贵妃,角色
1515526,serizawa_asahi,4,1529,芹泽朝日,角色
1627248,shun_(blue_archive),4,1529,瞬,角色
1409820,ezo_red_fox_(kemono_friends),4,1528,北海道狐,角色
1644977,agnes_digital_(umamusume),4,1526,安格斯·塔奇恩,角色
1627695,marie_antoinette_(fate),4,1525,玛丽·安托瓦内特,角色
1627756,scathach_skadi_(fate),4,1525,斯卡哈·斯卡蒂,角色
1846970,rebecca_(cyberpunk),4,1525,丽贝卡,角色
479648,hirasawa_ui,4,1524,平泽唯,角色
1789592,osaki_amana,4,1524,大崎甘奈,角色
1526355,wattson_(apex_legends),4,1523,华生,角色
11051,sonozaki_shion,4,1520,园崎诗音,角色
1304225,mikazuki_munechika,4,1520,三日月宗近,角色
126661,furukawa_nagisa,4,1519,古河渚,角色
1517393,inui_toko,4,1519,乾亨,角色
658638,oreki_houtarou,4,1518,折木奉太郎,角色
1307612,nishi_kinuyo,4,1518,西木野真姬,角色
384100,natsume_rin,4,1516,夏目凛,角色
1932879,hibiki_(cheer_squad)_(blue_archive),4,1516,啦啦队响,角色
970886,roll_(mega_man),4,1515,萝尔,角色
606875,little_red_riding_hood_(grimm),4,1515,小红帽,角色
1865424,rika_(pokemon),4,1514,莉卡,角色
1644970,grass_wonder_(umamusume),4,1514,草上奇迹,角色
54495,jean_pierre_polnareff,4,1511,让·皮埃尔·波鲁纳雷夫,角色
1544952,piers_(pokemon),4,1510,皮尔斯,角色
474547,uiharu_kazari,4,1509,初春饰利,角色
1420690,hikawa_sayo,4,1509,日川纱夜,角色
1525557,nanami_kento,4,1509,夏目建人,角色
1533833,haniyasushin_keiki,4,1507,埴安神袿姬,角色
414819,francesca_lucchini,4,1506,弗兰切斯卡·卢奇尼,角色
1631100,katori_(kancolle),4,1506,香取,角色
418600,kamui_gakupo,4,1505,神威乐斗,角色
1639094,murakumo_kai_ni_(kancolle),4,1504,村雨改二,角色
1677021,melusine_(fate),4,1504,梅露希丝,角色
544077,kris_(pokemon),4,1503,小智（晶）,角色
1535146,schwarz_(arknights),4,1500,黑,角色
423040,amy_rose,4,1497,艾米·罗斯,角色
657793,cure_peace,4,1497,治愈和平,角色
722867,ymir_(shingeki_no_kyojin),4,1495,尤弥尔,角色
1433946,marina_(splatoon),4,1495,玛丽娜,角色
12208,shihouin_yoruichi,4,1493,四枫院夜一,角色
1644973,narita_brian_(umamusume),4,1492,成田白莲,角色
1611363,kureiji_ollie,4,1491,克雷伊吉·奥莉,角色
1360561,natsuki_subaru,4,1490,菜月昴,角色
1303947,kashuu_kiyomitsu,4,1489,敷岛清光,角色
4908,kero,4,1488,凯罗,角色
2003712,tokoyami_towa_(jirai_kei),4,1488,常闇永远（地雷系）,角色
1972686,fuwawa_abyssgard,4,1488,芙瓦瓦·阿比斯加德,角色
13037,yukishiro_honoka,4,1486,雪城穗乃果,角色
1531714,baltimore_(azur_lane),4,1485,巴尔的摩,角色
1588986,abigail_williams_(swimsuit_foreigner)_(fate),4,1485,泳装阿比盖尔（Foreigner）,角色
1517396,ange_katrina,4,1483,安洁·卡特里娜,角色
1344595,matsuno_todomatsu,4,1480,松野十四松,角色
1445023,hikawa_hina,4,1480,日川日菜,角色
1757557,jeanne_d'arc_alter_(ver._shinjuku_1999)_(fate),4,1479,贞德·Alter（新宿1999版）,角色
1495228,konno_junko,4,1478,今野纯子,角色
382240,nekomusume,4,1477,猫娘,角色
1298161,kotonoha_aoi,4,1475,琴乃叶葵,角色
1972687,mococo_abyssgard,4,1472,莫可可·阿比斯加德,角色
424220,silver_(pokemon),4,1471,银,角色
1933148,tokoyami_towa_(1st_costume),4,1471,常闇永远（1st服装）,角色
437685,bayonetta,4,1470,贝优妮塔,角色
1627580,helena_blavatsky_(fate),4,1469,海伦娜·布拉瓦茨基,角色
10082,sephiroth,4,1468,萨菲罗斯,角色
1374966,kamado_tanjirou,4,1468,灶门炭治郎,角色
1630559,enemy_aircraft_(kancolle),4,1467,敌机,角色
542683,sonya_(kill_me_baby),4,1466,索尼娅,角色
1667146,g11_(girls'_frontline),4,1464,G11,角色
2008086,osakabehime_(fate),4,1464,御前姬,角色
1630726,hayashimo_(kancolle),4,1463,早霜,角色
1443455,igarashi_futaba_(shiromanta),4,1462,五十岚双叶,角色
12207,inoue_orihime,4,1461,井上织姬,角色
1503277,makaino_ririmu,4,1461,牧野莉莉姆,角色
445832,james_(pokemon),4,1459,杰西,角色
1575935,nagatoro_hayase,4,1459,长瀞早苗,角色
902082,tateyama_ayano,4,1458,立花绫乃,角色
1499780,jeanne_d'arc_(swimsuit_archer)_(fate),4,1458,泳装贞德（Archer）,角色
1257906,elsa_(frozen),4,1454,艾莎,角色
1243753,tsukumo_benben,4,1452,九十九弁弁,角色
446937,reiuji_utsuho_(bird),4,1451,灵乌路空（鸟）,角色
1667152,m4_sopmod_ii_(girls'_frontline),4,1450,M4 SOPMOD II,角色
1462508,tokino_sora,4,1449,时乃空,角色
466937,higashi_setsuna,4,1447,东刹那,角色
428744,yuri_lowell,4,1445,尤里·洛威尔,角色
1593360,bibi_(tokoyami_towa),4,1444,比比,角色
445414,bianca_(pokemon),4,1442,比安卡,角色
1589993,chongyun_(genshin_impact),4,1442,重云,角色
12210,kuchiki_rukia,4,1439,朽木露琪亚,角色
1829230,octoling_girl,4,1439,章鱼女孩,角色
7449,daidouji_tomoyo,4,1438,大道寺知世,角色
181219,kirijou_mitsuru,4,1438,桐条美弥,角色
550010,tsukikage_yuri,4,1438,月影由莉,角色
1688526,kokona_(blue_archive),4,1438,小可娜,角色
1288044,popuko,4,1435,波普子,角色
1724523,irida_(pokemon),4,1434,伊利达,角色
1768187,saki_(blue_archive),4,1434,咲,角色
1438046,android_21,4,1433,人造人21号,角色
935913,alice_margatroid_(pc-98),4,1432,爱丽丝·玛格特罗依德（PC-98）,角色
1462223,hatoba_tsugu,4,1432,鳩羽つぐ,角色
1551542,dido_(azur_lane),4,1432,黛朵,角色
1492855,hawks_(boku_no_hero_academia),4,1431,霍克斯,角色
1377502,tamura_yuri,4,1430,田村由莉,角色
387299,prisma_illya,4,1429,普莉希拉·伊莉雅,角色
717606,yukinoshita_yukino,4,1428,雪之下雪乃,角色
1514982,elio_(pokemon),4,1427,艾利欧,角色
1768632,mysterious_heroine_x_alter_(fate),4,1426,神秘女英雄X·Alter,角色
1827083,yoru_(chainsaw_man),4,1426,夜,角色
1349628,fubuki_(one-punch_man),4,1423,吹雪,角色
1556681,rex_(xenoblade),4,1421,雷克斯,角色
445840,jigglypuff,4,1420,胖丁,角色
1630503,ark_royal_(kancolle),4,1420,皇家方舟,角色
428824,bruno_bucciarati,4,1419,布鲁诺·布加拉提,角色
1464773,nakano_itsuki,4,1419,中野五月,角色
1886282,robin_(male)_(fire_emblem),4,1418,罗宾（男）,角色
1630643,etorofu_(kancolle),4,1412,择捉,角色
1518710,hisakawa_hayate,4,1412,久川飒,角色
439343,ragna_the_bloodedge,4,1411,拉格纳·布拉德艾吉,角色
1706706,toutetsu_yuuma,4,1411,藤堂尤马,角色
1589994,xingqiu_(genshin_impact),4,1410,行秋,角色
1512399,wraith_(apex_legends),4,1409,幽灵,角色
101524,bowser,4,1407,库巴,角色
1667157,m16a1_(girls'_frontline),4,1407,M16A1,角色
1462454,sonoda_chiyoko,4,1407,园田千代子,角色
1619061,jumpy_dumpty,4,1407,跳跳蛋,物品
1258989,failure_penguin,4,1406,失败企鹅,角色
1441567,monika_(doki_doki_literature_club),4,1406,莫妮卡,角色
1533372,miyamoto_musashi_(swimsuit_berserker)_(fate),4,1405,泳装宫本武藏（Berserker）,角色
1589926,kamina_(ttgl),4,1404,卡米纳,角色
1522439,niwatari_kutaka,4,1404,庭渡久侘歌,角色
1684743,mr._c.b._(umamusume),4,1402,C.B.先生,角色
592340,snivy,4,1401,藤蔓蛇,角色
1667150,st_ar-15_(girls'_frontline),4,1398,ST AR-15,角色
1631092,kamoi_(kancolle),4,1398,鸬鹚,角色
1436229,uehara_ayumu,4,1398,上原步梦,角色
1304908,yamato-no-kami_yasusada,4,1396,大和守安定,角色
1525546,kugisaki_nobara,4,1396,钉崎野蔷薇,角色
610092,yoshikawa_chinatsu,4,1395,吉川千夏,角色
602082,charlotte_dunois,4,1395,夏洛特·迪努瓦,角色
1571821,modeus_(helltaker),4,1395,莫迪斯,角色
1462457,komiya_kaho,4,1393,小宫果穗,角色
1677017,barghest_(fate),4,1392,巴格斯特,角色
663499,totoki_airi,4,1390,十时爱梨,角色
1386217,umikaze_(kancolle),4,1387,海风,角色
1657252,pomu_rainpuff,4,1387,波姆·雷恩帕夫,角色
419122,tatsumi_kanji,4,1386,辰己勘治,角色
1630693,hagikaze_(kancolle),4,1385,萩风,角色
1432308,nishida_satono,4,1385,西田里野,角色
1468121,nakano_ichika,4,1385,中野一花,角色
816414,joseph_joestar_(old),4,1384,乔瑟夫·乔斯达（老年）,角色
1258306,ninomiya_asuka,4,1383,二之宫飞鸟,角色
1513846,sobble,4,1383,泪眼蜥,角色
1753908,goldenglow_(arknights),4,1381,金光闪闪,角色
1435315,oyama_mihari,4,1377,小山美晴,角色
2039817,minato_aqua_(sailor),4,1376,水手湊阿库娅,角色
1685273,tsukumo_sana,4,1376,九十九佐奈,角色
16268,son_gohan,4,1373,孙悟饭,角色
445848,squirtle,4,1372,杰尼龟,角色
1631145,little_boy_admiral_(kancolle),4,1371,小男孩提督,角色
416940,su-san,4,1370,苏桑,角色
714995,yuno_(hidamari_sketch),4,1370,结城友奈,角色
1525770,hop_(pokemon),4,1370,霍普,角色
1713162,cyno_(genshin_impact),4,1368,赛诺,角色
411080,lopunny,4,1367,长耳兔,角色
1407454,atalanta_(fate),4,1366,阿塔兰忒,角色
396219,tokiko_(touhou),4,1364,朱鹮,角色
1972683,nerissa_ravencroft,4,1364,尼莉莎·拉文克罗夫特,角色
487228,sengoku_nadeko,4,1363,千石抚子,角色
1406536,kagamihara_nadeshiko,4,1362,鹿山抚子,角色
1522707,siege_(arknights),4,1362,围攻,角色
1841705,kaveh_(genshin_impact),4,1362,卡维,角色
464857,sailor_mercury,4,1361,水兵水星,角色
520787,elin,4,1361,艾琳,角色
430852,hachikuji_mayoi,4,1360,羽川翼,角色
1607938,getou_suguru,4,1360,夏油杰,角色
617637,oomuro_sakurako,4,1358,大室樱子,角色
1630544,colorado_(kancolle),4,1357,科罗拉多,角色
1479089,okita_souji_alter_(fate),4,1356,冲田总司·Alter,角色
1644965,air_groove_(umamusume),4,1356,空中沟槽,角色
12091,tohno_akiha,4,1355,远野秋叶,角色
1222667,ike_(fire_emblem),4,1355,艾克,角色
677075,reiner_braun,4,1355,莱纳·布劳恩,角色
1631358,shouhou_(kancolle),4,1355,翔凤,角色
513774,shantae,4,1354,莎塔,角色
1933157,sakura_miko_(1st_costume),4,1354,樱巫女（1st服装）,角色
2018082,blanc_(neptunia),4,1349,白心,角色
1518711,hisakawa_nagi,4,1349,久川凪,角色
1292974,ashido_mina,4,1348,芦户三奈,角色
1307567,cagliostro_(granblue_fantasy),4,1348,卡莉奥斯特罗,角色
1498626,rita_rossweisse,4,1346,丽塔·罗丝薇瑟,角色
1432310,teireida_mai,4,1343,手代木舞,角色
445933,vaporeon,4,1342,水伊布,角色
547150,myoudouin_itsuki,4,1340,明道院树,角色
709319,yuigahama_yui,4,1340,由比滨结衣,角色
710980,kadotani_anzu,4,1340,角谷杏,角色
1584984,serika_(blue_archive),4,1339,芹香,角色
1631270,richelieu_(kancolle),4,1338,黎塞留,角色
1631260,oyashio_(kancolle),4,1336,亲潮,角色
1993491,shiroko_terror_(blue_archive),4,1336,恐怖白子,角色
389156,frederica_bernkastel,4,1335,弗雷德丽卡·贝尔卡斯泰尔,角色
1567159,shinonome_ena,4,1330,东云绘名,角色
1332548,chi-chi_(dragon_ball),4,1329,琪琪,角色
475559,araragi_koyomi,4,1329,阿良良木历,角色
1511279,murasaki_shikibu_(fate),4,1329,紫式部,角色
1459806,tanaka_mamimi,4,1328,田中真美,角色
1304230,tsurumaru_kuninaga,4,1327,鹤丸国永,角色
1451890,kaguya_luna,4,1327,辉夜月,角色
1690906,kamisato_ayato,4,1327,神里绫人,角色
1226975,diana_cavendish,4,1326,戴安娜·卡文迪什,角色
1534340,joutouguu_mayumi,4,1326,城东宫真弓,角色
653217,nepgear,4,1325,涅普吉尔,角色
1300741,kousaka_reina,4,1324,高坂丽奈,角色
405776,riesz,4,1323,莉兹,角色
421660,tsunade_(naruto),4,1323,纲手,角色
1630497,arashi_(kancolle),4,1323,岚,角色
1567162,tenma_tsukasa,4,1323,天马司,角色
746341,tharja_(fire_emblem),4,1318,塔佳,角色
451173,haramura_nodoka,4,1317,原村和,角色
12258,katsuragi_misato,4,1316,葛城美里,角色
1181678,boo_(mario),4,1316,鬼鬼,角色
1779349,kanna_(blue_archive),4,1316,康娜,角色
1383156,gladion_(pokemon),4,1314,格拉吉翁,角色
1932884,hasumi_(track)_(blue_archive),4,1314,泳装莲见,角色
1649113,gilles_de_rais_(caster)_(fate),4,1313,吉尔·德·雷（Caster）,角色
1530489,eyjafjalla_(arknights),4,1312,艾雅法拉,角色
12518,leona_heidern,4,1311,莉欧娜·海德伦,角色
1459172,sakuragi_mano,4,1311,樱木真乃,角色
1630505,asagumo_(kancolle),4,1310,朝云,角色
1392841,altera_(fate),4,1310,阿勒泰拉,角色
1341419,anila_(granblue_fantasy),4,1309,阿尼拉,角色
1368823,niijima_makoto,4,1309,新岛真,角色
1630636,enemy_lifebuoy_(kancolle),4,1308,敌救生圈,角色
9090,mizunashi_akari,4,1307,水无月茜,角色
622669,alisa_ilinichina_amiella,4,1306,艾丽莎·伊里尼奇娜·阿米拉,角色
1291135,elphelt_valentine,4,1305,艾尔菲尔特·瓦伦丁,角色
489852,akizuki_ryo,4,1303,秋月凉,角色
734427,sona_(league_of_legends),4,1302,索娜,角色
1399519,tamaki_iroha,4,1300,环彩羽,角色
1932889,mari_(track)_(blue_archive),4,1300,泳装玛丽,角色
1627780,tokitarou_(fate),4,1299,时太郎,角色
575975,iris_(pokemon),4,1298,艾莉丝,角色
596939,akali,4,1298,阿卡丽,角色
1544888,victor_(pokemon),4,1298,维克托,角色
1528128,himeno_(chainsaw_man),4,1298,姬野,角色
596093,caren_hortensia,4,1297,卡莲·霍尔滕西亚,角色
1799502,shun_(small)_(blue_archive),4,1297,小瞬,角色
542685,oribe_yasuna,4,1296,折部安奈,角色
587823,tsurumaki_maki,4,1296,弦卷真纪,角色
601379,takagi-san,4,1296,高木同学,角色
1933141,hakui_koyori_(1st_costume),4,1296,白上小百合（1st服装）,角色
1407495,eurasian_eagle_owl_(kemono_friends),4,1295,欧亚雕鸮,角色
1589614,pochita_(chainsaw_man),4,1295,波奇塔,角色
599168,hourai_doll,4,1293,蓬莱人偶,角色
1639053,fubuki_kai_ni_(kancolle),4,1293,吹雪改二,角色
664000,ichihara_nina,4,1291,市原仁奈,角色
1579913,yamato_(one_piece),4,1291,山治,角色
672515,abe_nana,4,1288,安部菜菜,角色
421683,angel_(kof),4,1287,安琪儿,角色
644430,rias_gremory,4,1287,莉雅丝·吉蒙里,角色
558421,high_priest_(ragnarok_online),4,1286,大主教,角色
681655,oikawa_shizuku,4,1286,及川雫,角色
1899592,pod_(nier:automata),4,1285,波德,角色
1567158,asahina_mafuyu,4,1285,朝比奈真冬,角色
1705709,irene_(arknights),4,1284,艾丽妮,角色
1420943,tennouji_rina,4,1282,天王寺璃奈,角色
1318793,zeta_(granblue_fantasy),4,1281,泽塔,角色
1780213,hina_(swimsuit)_(blue_archive),4,1279,泳装日奈,角色
555,haro,4,1278,哈罗,角色
433648,gyro_zeppeli,4,1277,吉罗·泽佩利,角色
532518,cure_marine,4,1276,治愈玛琳,角色
1631154,maikaze_(kancolle),4,1275,舞风,角色
1386434,momota_kaito,4,1274,百田解,角色
1611841,haruna_(blue_archive),4,1272,春奈,角色
1671729,sirius_symboli_(umamusume),4,1272,天狼星象征,角色
1631255,ooshio_(kancolle),4,1271,大潮,角色
6177,moogle,4,1269,莫古力,角色
1542249,assam_(girls_und_panzer),4,1269,阿萨姆,角色
893075,suou_momoko,4,1269,苏王桃子,角色
1414917,alpaca_suri_(kemono_friends),4,1269,苏利羊驼,角色
1442807,marie_(girls_und_panzer),4,1269,玛丽,角色
1937492,tsukino_mito_(1st_costume),4,1268,月乃美兔（1st服装）,角色
425767,espeon,4,1266,太阳伊布,角色
437588,kuma_(persona_4),4,1266,熊,角色
533537,ciel_(tsukihime),4,1265,希耶尔,角色
1644991,matikanefukukitaru_(umamusume),4,1264,马场大进,角色
422389,cyndaquil,4,1263,火球鼠,角色
1631068,johnston_(kancolle),4,1263,约翰斯顿,角色
11052,maebara_keiichi,4,1262,前原圭一,角色
1814893,magical_mirai_miku,4,1262,魔法未来初音,角色
1567149,ootori_emu,4,1259,凤えむ,角色
464855,sailor_venus,4,1257,美少女战士金星,角色
445845,charmander,4,1256,小火龙,角色
1299395,amanogawa_kirara,4,1256,天之川辉夜,角色
1814441,arlecchino_(genshin_impact),4,1254,阿蕾奇诺,角色
1477331,osaki_tenka,4,1252,大崎甜花,角色
1594449,kashino_(azur_lane),4,1252,香椎,角色
554323,may_(guilty_gear),4,1250,梅伊,角色
421102,minna-dietlinde_wilcke,4,1250,米娜·迪特琳德·维尔克,角色
618147,honma_meiko,4,1250,本间芽衣子,角色
1459180,kazano_hiori,4,1250,风野灯,角色
1696728,rydia_(ff4),4,1249,莉迪亚,角色
1447775,katou_asuka,4,1248,加藤明日香,角色
1520852,hozuki_momiji,4,1248,鬼灯红叶,角色
1282191,hoshino_fumina,4,1247,星野文奈,角色
1481030,caenis_(fate),4,1247,凯尼斯,角色
1972693,shiori_novella,4,1247,诗织·诺维拉,角色
1472521,medea_(fate),4,1246,美狄亚,角色
1305388,namazuo_toushirou,4,1245,鲶鱼刀,角色
2060124,marcille_donato,4,1245,马西尔·多纳托,角色
1682879,seia_(blue_archive),4,1245,星野,角色
1406070,jaguar_(kemono_friends),4,1240,美洲豹,角色
459048,momozono_love,4,1238,桃园爱,角色
633741,furutani_himawari,4,1238,古手川日向,角色
713156,hoshimiya_ichigo,4,1238,星宫一花,角色
1842585,alear_(fire_emblem),4,1237,艾莉,角色
597205,silica,4,1236,西莉卡,角色
1627521,boudica_(fate),4,1235,布狄卡,角色
1645008,smart_falcon_(umamusume),4,1235,聪明法尔孔,角色
1810886,dehya_(genshin_impact),4,1234,迪希雅,角色
566644,blaze_the_cat,4,1233,布雷兹,角色
1933147,murasaki_shion_(1st_costume),4,1232,紫式部（1st服装）,角色
7459,white_mage,4,1231,白魔法师,角色
501746,shadow_the_hedgehog,4,1231,暗影,角色
464856,sailor_mars,4,1230,美少女战士火星,角色
1232066,armin_arlert,4,1230,阿明·阿勒尔特,角色
1462463,arisugawa_natsuha,4,1228,有栖川夏叶,角色
1567160,akiyama_mizuki,4,1227,秋山瑞希,角色
1349627,saitama_(one-punch_man),4,1226,埼玉,角色
1292110,shidare_hotaru,4,1226,枝垂蛍,角色
1654888,tenkyuu_chimata,4,1226,天球千魔,角色
1631536,hilichurl_(genshin_impact),4,1224,丘丘人,角色
445831,green_(pokemon),4,1219,小智（绿）,角色
1603873,mountain_(arknights),4,1218,山,角色
1402193,nanachi_(made_in_abyss),4,1217,娜娜奇,角色
1514243,shigure_ui_(vtuber),4,1217,时雨羽衣,角色
1564800,moona_hoshinova,4,1217,月娜·霍希诺娃,角色
544078,lucas_(pokemon),4,1216,小智（晶）,角色
1305386,honebami_toushirou,4,1216,骨喰藤四郎,角色
1125853,enkidu_(fate),4,1215,恩奇都,角色
618301,ivan_karelin,4,1215,伊万·卡雷林,角色
1933142,kazama_iroha_(1st_costume),4,1215,风间伊吕波（1st服装）,角色
1594283,shinano_(azur_lane),4,1214,信浓,角色
1622926,akane_(blue_archive),4,1214,赤音,角色
1761329,sprigatito,4,1214,草猫,角色
1644995,meisho_doto_(umamusume),4,1214,名将多多,角色
533539,kohaku_(tsukihime),4,1212,琥珀,角色
1536880,zara_(azur_lane),4,1209,扎拉,角色
8760,kusanagi_motoko,4,1208,草薙素子,角色
564326,nakamura_yuri,4,1208,中村由莉,角色
1631180,mikuma_(kancolle),4,1208,三隈,角色
1856034,backbeako,4,1206,背包鸭,角色
1571010,takasaki_yuu,4,1206,高崎优,角色
1333583,kozakura_marry,4,1205,小樱玛丽,角色
1617664,rosaria_(genshin_impact),4,1204,罗莎莉亚,角色
1561721,ichikawa_hinana,4,1203,市川雏菜,角色
1233044,yuuki_haru,4,1202,结城春,角色
1288043,pipimi,4,1202,皮皮米,角色
1303946,midare_toushirou,4,1201,乱藤四郎,角色
1533343,bede_(pokemon),4,1201,比德,角色
1560602,kyouka_(princess_connect!),4,1201,镜华,角色
528478,sabrina_(pokemon),4,1200,娜姿,角色
1630717,hatsushimo_(kancolle),4,1199,初霜,角色
1436151,uzaki_hana,4,1199,宇崎花,角色
1515913,reines_el-melloi_archisorte,4,1198,莱妮丝·艾尔梅洛伊·阿奇佐尔特,角色
375278,tohsaka_tokiomi,4,1197,远坂时臣,角色
1572402,xiangling_(genshin_impact),4,1197,香菱,角色
1624311,nagi_(kannagi),4,1196,凪,角色
1401930,nemoto_hina,4,1196,根本日菜,角色
1538944,sussurro_(arknights),4,1195,苏苏洛,角色
1630538,chitose_(kancolle),4,1192,千岁,角色
1631019,i-26_(kancolle),4,1192,I-26,角色
1541815,rabbit_yukine,4,1191,兔子雪音,角色
1933109,amane_kanata_(1st_costume),4,1191,天音彼方（1st服装）,角色
425769,leafeon,4,1190,叶伊布,角色
1405299,emperor_penguin_(kemono_friends),4,1190,帝企鹅,角色
1682889,wakamo_(blue_archive),4,1190,若藻,角色
402795,meowth,4,1189,喵喵,角色
1391739,karna_(fate),4,1189,迦尔纳,角色
1631518,zara_(kancolle),4,1189,扎拉,角色
1239071,tsukuyomi_shirabe,4,1188,月读白,角色
1496142,minamoto_sakura,4,1188,源樱,角色
375868,kururugi_suzaku,4,1187,枢木朱雀,角色
1277829,sento_isuzu,4,1187,仙石泉,角色
1639062,haruna_kai_ni_(kancolle),4,1187,榛名改二,角色
1334050,frisk_(undertale),4,1185,小弗,角色
1431995,minamoto_no_raikou_(swimsuit_lancer)_(fate),4,1184,泳装源赖光（Lancer）,角色
1487055,sasaki_saku,4,1184,佐佐木咲,角色
712140,kawashima_momo,4,1183,川岛桃,角色
1229728,kitazawa_shiho,4,1183,北泽志保,角色
1247199,braixen,4,1183,长耳兔,角色
176593,takeba_yukari,4,1182,岳羽雪菜,角色
1242334,ta-class_battleship,4,1181,TA级战列舰,角色
1600783,ryoumen_sukuna_(jujutsu_kaisen),4,1180,两面宿傩,角色
1886373,sora_harewataru,4,1179,空晴渡,角色
10145,tsuruya,4,1178,鹤屋,角色
420502,guido_mista,4,1178,圭多·密斯达,角色
1630667,fumizuki_(kancolle),4,1177,文月,角色
745262,celestia_ludenberg,4,1174,塞莱斯蒂亚·卢登贝格,角色
1625351,eimi_(blue_archive),4,1173,绘美,角色
528716,yui_(angel_beats!),4,1170,由依,角色
7566,kamikita_komari,4,1169,神北小毬,角色
485033,sora_(kingdom_hearts),4,1167,索拉,角色
1055501,micaiah_(fire_emblem),4,1167,米卡娅,角色
1630715,hatsukaze_(kancolle),4,1167,初风,角色
1305416,saniwa_(touken_ranbu),4,1167,审神者,角色
1495229,mizuno_ai,4,1167,水野爱,角色
1630536,chikuma_(kancolle),4,1165,筑摩,角色
1667213,m200_(girls'_frontline),4,1165,M200,角色
1242336,ru-class_battleship,4,1163,RU级战列舰,角色
1246940,matoba_risa,4,1163,的场梨沙,角色
1732814,kongou_kai_ni_(kancolle),4,1163,金刚改二,角色
1522347,suzuhara_lulu,4,1163,铃原露露,角色
396070,watatsuki_no_toyohime,4,1162,绵月丰姬,角色
1638054,fu_hua_(herrscher_of_sentience),4,1162,符华（识之律者）,角色
1644984,fine_motion_(umamusume),4,1162,飞舞的细动作,角色
1607439,arjuna_(fate),4,1161,阿尔琼,角色
1631106,kazagumo_(kancolle),4,1161,风云,角色
1548047,vikala_(granblue_fantasy),4,1160,维卡拉,角色
1440644,inuyama_aoi,4,1159,犬山葵,角色
1630728,hayasui_(kancolle),4,1158,速吸,角色
1714815,himari_(blue_archive),4,1157,日鞠,角色
1799880,nemona_(pokemon),4,1157,妮莫娜,角色
1971284,koharu_(swimsuit)_(blue_archive),4,1156,泳装小春,角色
1629448,passionlip_(fate),4,1155,帕申莉普,角色
1440247,yamashiro_(azur_lane),4,1155,山城,角色
1781047,artoria_pendragon_(alter_swimsuit_rider)_(second_ascension)_(fate),4,1155,泳装阿尔托莉雅·Alter Rider（第二再临）,角色
1452674,frankenstein's_monster_(fate),4,1154,弗兰肯斯坦,角色
1631088,kako_(kancolle),4,1154,加古,角色
1962844,neuvillette_(genshin_impact),4,1154,那维莱特,角色
12212,kurosaki_ichigo,4,1153,黑崎一护,角色
1448421,pearl_(splatoon),4,1153,珍珠,角色
1933196,ouro_kronii_(1st_costume),4,1152,欧罗·克洛尼（1st服装）,角色
6000,baiken,4,1151,梅,角色
394620,yuuki_mikan,4,1150,结城美柑,角色
592339,tepig,4,1150,小猪,角色
1760945,kuki_shinobu,4,1149,久岐忍,角色
688842,leon_s._kennedy,4,1147,里昂·S·肯尼迪,角色
1362417,elaina_(majo_no_tabitabi),4,1147,艾蕾娜,角色
1527167,azura_(fire_emblem),4,1146,阿祖拉,角色
8305,tomoe_hotaru,4,1144,土萌萤,角色
701392,mioda_ibuki,4,1140,汐宫伊吹,角色
1629357,medb_(fate),4,1139,梅芙,角色
1366296,popplio,4,1138,球球海狮,角色
1806082,nonomi_(swimsuit)_(blue_archive),4,1138,泳装野乃美,角色
661692,dante_(devil_may_cry),4,1137,但丁,角色
87514,cure_black,4,1136,治愈黑,角色
1489783,carpaccio_(girls_und_panzer),4,1135,卡尔帕乔,角色
466365,mega_man_(character),4,1132,洛克人,角色
1292965,jirou_kyouka,4,1132,耳郎响香,角色
1631246,nowaki_(kancolle),4,1132,野分,角色
1660217,lucoa_(maidragon),4,1132,露科亚,角色
1932167,caelus_(honkai:_star_rail),4,1131,卡俄斯,角色
1629366,xuangzang_sanzang_(fate),4,1130,玄奘三藏,角色
1513843,grookey,4,1128,敲音猴,角色
1645009,super_creek_(umamusume),4,1128,超级溪流,角色
1644996,mejiro_dober_(umamusume),4,1125,目白多伯,角色
8896,backbeard,4,1124,背黑,角色
472786,america_(hetalia),4,1123,美国,角色
1645001,narita_taishin_(umamusume),4,1123,成田大进,角色
1589903,yin_(darker_than_black),4,1122,阴,角色
1631147,littorio_(kancolle),4,1122,利托里奥,角色
1598866,sucrose_(genshin_impact),4,1121,砂糖,角色
438329,torchic,4,1120,火稚鸡,角色
379900,squall_leonhart,4,1120,斯考尔·莱昂哈特,角色
12213,matsumoto_rangiku,4,1118,松本乱菊,角色
1334378,albedo_(overlord),4,1118,雅儿贝德,角色
1646463,gwen_(league_of_legends),4,1117,格温,角色
15312,millia_rage,4,1116,米莉亚·雷吉,角色
1572599,rosmontis_(arknights),4,1116,罗德岛,角色
502557,nu-13,4,1114,NU-13,角色
1846972,lucy_(cyberpunk),4,1113,露西,角色
630836,huang_baoling,4,1112,黄宝铃,角色
1606545,diona_(genshin_impact),4,1111,迪奥娜,角色
1684742,t.m._opera_o_(umamusume),4,1111,TM歌剧王,角色
1230568,isabelle_(animal_crossing),4,1110,伊莎贝尔,角色
1573025,isekai_joucho,4,1110,异世界情,角色
461046,killua_zoldyck,4,1108,奇犽·揍敌客,角色
378066,chris_redfield,4,1108,克里斯·雷德菲尔德,角色
601489,maizono_sayaka,4,1108,舞园纱耶香,角色
1631192,mochizuki_(kancolle),4,1108,望月,角色
1631437,tsushima_(kancolle),4,1108,津岛,角色
717859,nate_(pokemon),4,1108,小智（晶）,角色
1295903,pharah_(overwatch),4,1107,法老之鹰,角色
1906527,kieran_(pokemon),4,1107,基兰,角色
1304228,izumi-no-kami_kanesada,4,1105,和泉守兼定,角色
1551455,silence_(arknights),4,1105,沉默,角色
550750,cure_sunshine,4,1104,治愈阳光,角色
1627153,medjed_(fate),4,1104,梅杰德,角色
1720788,lynette_(genshin_impact),4,1104,琳妮特,角色
654355,kazanari_tsubasa,4,1103,风鸣翼,角色
1478568,merlin_(fate),4,1103,梅林,角色
1926018,luo_xiaohei,4,1102,罗小黑,角色
1611905,hoshino_ruby,4,1102,星野露比,角色
715313,marth_(fire_emblem),4,1101,马尔斯,角色
711467,kamukura_izuru,4,1101,神座出流,角色
1319288,yoroizuka_mizore,4,1101,寄霜水晶,角色
1343724,miyamizu_mitsuha,4,1101,宫水三叶,角色
1280966,kaneki_ken,4,1099,金木研,角色
1500657,hayasaka_ai,4,1098,早坂爱,角色
1557434,ceobe_(arknights),4,1098,刻俄柏,角色
1281721,slaine_troyard,4,1095,斯雷因·特洛亚德,角色
1631396,takanami_(kancolle),4,1095,高波,角色
435392,boa_hancock,4,1093,波雅·汉库克,角色
597292,fujisaki_chihiro,4,1093,藤崎千寻,角色
1978848,a2_(nier:automata),4,1093,A2,角色
503437,eve_(elsword),4,1092,伊芙,角色
423518,berserker_(fate/zero),4,1090,Berserker,角色
657796,cure_beauty,4,1089,治愈美丽,角色
628333,yumi_(senran_kagura),4,1089,由美,角色
1509864,prinz_eugen_(unfading_smile)_(azur_lane),4,1089,永不消逝的笑容欧根亲王,角色
1447393,alina_gray,4,1089,阿莉娜·格雷,角色
1797173,hyakumantenbara_salome,4,1089,百间天原纱罗美,角色
1246632,monomi_(danganronpa),4,1088,莫诺米,角色
1572071,justice_(helltaker),4,1086,正义,角色
1799499,neru_(bunny)_(blue_archive),4,1085,兔女郎妮露,角色
1631040,intrepid_(kancolle),4,1084,无畏,角色
1292136,raphtalia,4,1083,拉芙塔莉雅,角色
1829693,florian_(pokemon),4,1083,弗洛里安,角色
532519,cure_blossom,4,1082,治愈花朵,角色
1552816,blaze_(arknights),4,1082,煌,角色
1591636,goh_(pokemon),4,1082,小智,角色
1177793,katou_megumi,4,1079,加藤惠,角色
743241,racing_miku,4,1077,赛车初音,角色
1657250,finana_ryugu,4,1077,菲娜娜·琉古,角色
15840,kos-mos,4,1076,科斯莫斯,角色
596161,steven_stone,4,1076,大吾,角色
1524996,ifrit_(arknights),4,1075,伊芙利特,角色
1515527,izumi_mei,4,1075,和泉美,角色
705643,ib_(ib),4,1073,伊布,角色
1316824,spider-gwen,4,1073,蜘蛛女侠,角色
464858,sailor_jupiter,4,1072,美少女战士木星,角色
14569,jill_valentine,4,1072,吉尔·瓦伦丁,角色
428743,estellise_sidos_heurassein,4,1072,艾丝缇尔·希朵斯·赫拉塞恩,角色
1252365,calem_(pokemon),4,1071,卡洛姆,角色
1387115,scathach_(swimsuit_assassin)_(fate),4,1069,泳装斯卡哈（Assassin）,角色
1519338,nursery_rhyme_(fate),4,1068,童话,角色
1241962,kishinami_hakuno_(female),4,1067,岸波白野（女）,角色
1591011,nia_(blade)_(xenoblade),4,1067,妮娅（Blade）,角色
664409,sajo_yukimi,4,1064,佐城雪见,角色
1243761,tsukumo_yatsuhashi,4,1064,九十九八桥,角色
416695,uryuu_ryuunosuke,4,1062,雨生龙之介,角色
1412049,mitake_ran,4,1062,三竹兰,角色
1525261,platinum_(arknights),4,1062,白金,角色
1840092,anis_(nikke),4,1062,安妮丝,角色
7583,fukuzawa_yumi,4,1061,福泽祐巳,角色
186196,winry_rockbell,4,1061,温莉·洛克贝尔,角色
1155353,kars_(jojo),4,1060,卡兹,角色
445935,flareon,4,1060,火伊布,角色
1403111,sucy_manbavaran,4,1060,苏西·曼巴瓦兰,角色
1229730,makabe_mizuki,4,1059,真壁瑞希,角色
1455448,nagato_(azur_lane),4,1059,长门,角色
1533061,bernadetta_von_varley,4,1059,贝尔娜黛塔·冯·瓦尔利,角色
1579977,cheshire_(azur_lane),4,1059,柴郡,角色
376498,zidane_tribal,4,1058,吉坦·崔贝尔,角色
436529,toon_link,4,1058,卡通林克,角色
664191,tada_riina,4,1058,多田梨里,角色
1634596,hoshino_aquamarine,4,1058,星野爱,角色
1350177,violet_evergarden,4,1056,薇尔莉特·艾弗加登,角色
1531303,swire_(arknights),4,1056,诗怀雅,角色
1447950,nearl_(arknights),4,1053,临光,角色
422393,jirachi,4,1052,基拉祈,角色
628623,sorceress_(dragon's_crown),4,1052,女巫,角色
1420954,nakasu_kasumi,4,1051,中须霞,角色
9687,kula_diamond,4,1049,库拉·戴蒙德,角色
587354,lux_(league_of_legends),4,1049,拉克丝,角色
1631276,roma_(kancolle),4,1049,罗马,角色
439063,rachel_alucard,4,1048,瑞秋·阿鲁卡德,角色
701163,kisaragi_shintarou,4,1048,如月伸太郎,角色
1423942,eris_greyrat,4,1048,艾莉丝·格雷拉特,角色
437349,garchomp,4,1045,烈咬陆鲨,角色
1341416,ferry_(granblue_fantasy),4,1045,菲莉,角色
1344209,roxy_migurdia,4,1045,罗克西·米格鲁迪亚,角色
1534941,claude_von_riegan,4,1045,克劳德·冯·里根,角色
1722586,abigail_williams_(traveling_outfit)_(fate),4,1045,旅行装阿比盖尔,角色
464824,hinaichigo,4,1044,雏苺,角色
526169,trunks_(dragon_ball),4,1042,特兰克斯,角色
1766156,astolfo_(sailor_paladin)_(fate),4,1042,水手圣骑士阿斯托尔福,角色
1366290,okumura_haru,4,1040,奥村春,角色
382261,subaru_nakajima,4,1039,斯巴鲁·中岛,角色
1631530,collei_(genshin_impact),4,1039,柯莱,角色
1645715,zero_(mega_man),4,1038,零,角色
1933137,nakiri_ayame_(1st_costume),4,1038,夏色祭（1st服装）,角色
1443456,takeda_harumi_(shiromanta),4,1037,武田晴美,角色
1285741,suzukaze_aoba,4,1036,凉风青叶,角色
1667166,ro635_(girls'_frontline),4,1036,RO635,角色
1790620,clumsy_nun_(diva),4,1036,笨手笨脚修女,角色
1646030,daitaku_helios_(umamusume),4,1036,大竹赫利俄斯,角色
402521,meta_knight,4,1035,魅影骑士,角色
12099,komaki_manaka,4,1034,小牧真奈,角色
1583984,kino_(kino_no_tabi),4,1034,奇诺,角色
1314604,sakurajima_mai,4,1034,樱岛麻衣,角色
1241333,sanageyama_uzu,4,1032,蛇崩宇,角色
1533059,dorothea_arnault,4,1031,多萝西娅·阿诺尔德,角色
436841,raven_(dc),4,1029,乌鸦,角色
1733431,murasame_kai_ni_(kancolle),4,1029,村雨改二,角色
13066,okazaki_yumemi,4,1028,冈崎梦美,角色
567695,cheren_(pokemon),4,1027,切伦,角色
1318266,clarisse_(granblue_fantasy),4,1027,克拉莉丝,角色
1479891,rimuru_tempest,4,1027,利姆露·坦派斯特,角色
1631064,jingei_(kancolle),4,1027,神威,角色
1304904,horikawa_kunihiro,4,1025,堀川国广,角色
378317,garnet_til_alexandros_xvii,4,1024,加尼特·蒂尔·亚历山德罗斯十七世,角色
605171,kujou_karen,4,1024,九条卡莲,角色
1351075,yunyun_(konosuba),4,1024,优优,角色
1627618,king_hassan_(fate),4,1023,哈桑王,角色
1606513,len_(tsukihime),4,1022,莲,角色
474262,slime_(dragon_quest),4,1020,史莱姆,角色
385133,ushiromiya_maria,4,1020,右代宫玛莉亚,角色
1645010,sweep_tosho_(umamusume),4,1020,清扫东升,角色
981832,guts_(berserk),4,1019,格斯,角色
1410354,purah,4,1019,普拉,角色
1925037,protagonist_3_(housamo),4,1019,主角3,角色
1593833,crewmate_(among_us),4,1019,船员,角色
1684882,florence_nightingale_(trick_or_treatment)_(fate),4,1018,万圣节南丁格尔,角色
1524346,pramanix_(arknights),4,1018,普罗米尼克斯,角色
1631480,yamagumo_(kancolle),4,1017,山云,角色
378846,tenjouin_asuka,4,1015,天城明日香,角色
429524,mudkip,4,1015,水跃鱼,角色
1506004,amagi_(azur_lane),4,1015,天城,角色
717654,kiriya_aoi,4,1014,雾谷葵,角色
1630474,akitsushima_(kancolle),4,1014,秋津洲,角色
1566087,yoisaki_kanade,4,1014,宵崎奏,角色
1827586,blade_(honkai:_star_rail),4,1014,刃,角色
1537880,dimitri_alexandre_blaiddyd,4,1013,迪米特里·亚历山大·布莱德,角色
354942,alphonse_elric,4,1012,阿尔冯斯·艾尔利克,角色
716728,kitashirakawa_tamako,4,1012,北白川玉子,角色
1432652,jack-o'_valentine,4,1012,杰克-O,角色
252261,godzilla,4,1012,哥斯拉,角色
657791,cure_happy,4,1010,治愈快乐,角色
480039,manabe_nodoka,4,1009,真锅和,角色
713607,sawa_azusa,4,1009,佐和梓,角色
539676,taneshima_popura,4,1008,种岛ぽぷら,角色
1340376,murata_himeko,4,1008,村田姬子,角色
1442307,ichigo_(darling_in_the_franxx),4,1007,一莓,角色
1660762,new_jersey_(azur_lane),4,1007,新泽西,角色
383404,ibuki_fuuko,4,1006,伊吹风子,角色
376441,arle_nadja,4,1006,阿尔蕾·娜嘉,角色
431436,momo_velia_deviluke,4,1006,梦梦·贝莉亚·戴比路克,角色
628849,yuuki_(sao),4,1006,结城明日奈,角色
1489740,aki_rosenthal,4,1006,秋·罗森塔尔,角色
472784,japan_(hetalia),4,1005,日本,角色
1459805,yukoku_kiriko,4,1005,幽谷霧子,角色
1611382,pavolia_reine,4,1005,帕沃莉雅·雷因,角色
1701951,arataki_itto,4,1005,荒泷一斗,角色
461883,chikorita,4,1004,菊草叶,角色
487246,araragi_karen,4,1004,阿良良木火怜,角色
1600590,haruka_(blue_archive),4,1004,春花,角色
423041,rouge_the_bat,4,1003,露姬,角色
1496206,kuzuha_(nijisanji),4,1003,葛叶,角色
1754603,mio_(xenoblade),4,1003,美奥,角色
657794,cure_march,4,1001,治愈进行曲,角色
664614,ryuzaki_kaoru,4,1001,龙崎薰,角色
1275005,ousaka_shizuku,4,1001,大阪雫,角色
1783064,miyamoto_musashi_(swimsuit_berserker)_(second_ascension)_(fate),4,1001,泳装宫本武藏（Berserker）（第二再临）,角色
594282,cure_melody,4,1000,治愈旋律,角色
688703,miia_(monster_musume),4,999,米娅,角色
1560517,utage_(arknights),4,998,歌姬,角色
1323324,yuna_(ff10),4,994,尤娜,角色
1404598,ilulu_(maidragon),4,994,伊露露,角色
1479271,rengoku_kyoujurou,4,994,炼狱杏寿郎,角色
1706188,ame-chan_(needy_girl_overdose),4,994,雨酱,角色
286,kooh,4,993,库欧,角色
439615,misaka_imouto,4,993,御坂妹妹,角色
691588,pit_(kid_icarus),4,993,皮特,角色
534615,tails_(sonic),4,993,塔尔斯,角色
12095,aozaki_aoko,4,992,苍崎青子,角色
1257905,shirayuki_hime,4,992,白雪姬,角色
1767936,cu_chulainn_alter_(fate),4,992,库丘林·Alter,角色
717540,yotsuba_alice,4,991,四叶爱丽丝,角色
1933174,shirogane_noel_(1st_costume),4,991,白银诺艾尔（1st服装）,角色
1567150,kusanagi_nene,4,989,草薙宁宁,角色
1783170,meltryllis_(swimsuit_lancer)_(first_ascension)_(fate),4,988,泳装梅尔特莉莉丝（第一再临）,角色
1967582,justice_task_force_member_(blue_archive),4,988,正义任务部队成员,角色
1569872,yuuki_(princess_connect!),4,987,优衣,角色
2026878,ishmael_(project_moon),4,987,以赛玛,角色
12093,tohno_shiki,4,986,远野志贵,角色
1554751,damian_desmond,4,986,达米安·戴斯蒙德,角色
1567152,kamishiro_rui,4,986,神代类,角色
533538,hisui_(tsukihime),4,985,翡翠,角色
482492,tendou_akane,4,985,天道茜,角色
420074,izayoi_aki,4,985,十六夜秋,角色
2026769,employee_(project_moon),4,985,员工,角色
381743,yumehara_nozomi,4,984,梦原希,角色
1515002,aisha_landar,4,984,艾莎·兰达尔,角色
1387746,yuri_plisetsky,4,984,尤里·普利谢茨基,角色
1405056,lion_(kemono_friends),4,983,狮子,角色
1560591,yui_(princess_connect!),4,983,由依,角色
1285682,iroha_(samurai_spirits),4,982,伊吕波,角色
1627134,euryale_(fate),4,981,尤莉艾尔,角色
1254335,marie_rose,4,980,玛丽·罗斯,角色
1435684,merlin_(fate/prototype),4,979,梅林（Prototype）,角色
676594,lulu_(league_of_legends),4,978,露露,角色
1222099,nanao_yuriko,4,976,七尾百合子,角色
1290263,danua,4,976,达努亚,角色
1631002,hornet_(kancolle),4,975,大黄蜂,角色
1319289,kasaki_nozomi,4,973,笠木希,角色
1456824,nekomusume_(gegege_no_kitarou_6),4,972,猫娘,角色
1629433,annie_leonhart,4,972,安妮·雷恩哈特,角色
50896,pichu,4,971,皮丘,角色
438937,spider-man,4,970,蜘蛛侠,角色
1571004,shibuya_kanon,4,970,涩谷香音,角色
1303902,miss_cloud,4,969,云小姐,角色
665521,ogata_chieri,4,968,小笠千绘,角色
1572068,cerberus_(helltaker),4,968,刻耳柏洛斯,角色
1700488,enna_alouette,4,968,恩娜·阿罗埃特,角色
420577,shampoo_(ranma_1/2),4,967,珊璞,角色
472787,united_kingdom_(hetalia),4,967,英国,角色
663434,kohinata_miho,4,967,小日向美穗,角色
401814,saotome_alto,4,966,早乙女阿尔托,角色
662826,himejima_akeno,4,966,姬岛朱乃,角色
1762549,mordred_(memories_at_trifas)_(fate),4,966,莫德雷德（特里法斯记忆）,角色
1472931,y'shtola_rhul,4,965,伊修托拉·鲁尔,角色
1566256,captain_(kemono_friends),4,964,船长,角色
1243506,magical_ruby,4,963,魔法红宝石,物品
655527,kayneth_el-melloi_archibald,4,963,肯尼斯·艾尔梅洛伊·阿奇佐尔特,角色
664381,mukai_takumi,4,963,向井匠,角色
1311289,lyria_(granblue_fantasy),4,963,莉莉娅,角色
1955327,miyako_(swimsuit)_(blue_archive),4,963,泳装宫子,角色
397841,ganondorf,4,962,加农多夫,角色
1630481,amagi_(kancolle),4,962,天城,角色
1792537,zabaniyya_(housamo),4,962,扎巴尼耶,角色
1246021,momoe_nagisa,4,961,百江渚,角色
557902,priest_(ragnarok_online),4,959,牧师,角色
520564,lucy_heartfilia,4,959,露西·哈特菲利亚,角色
428825,narancia_ghirga,4,958,纳兰迦·吉尔伽,角色
444532,maka_albarn,4,958,麻花·阿尔巴恩,角色
618134,karina_lyle,4,958,卡琳娜·莱尔,角色
1631297,samuel_b._roberts_(kancolle),4,957,塞缪尔·B·罗伯茨,角色
1665128,gorou_(genshin_impact),4,957,五郎,角色
1473353,arthur_pendragon_(fate),4,956,亚瑟·潘德拉贡,角色
1373495,airfield_princess,4,955,机场公主,角色
610702,oktavia_von_seckendorff,4,954,奥克塔维亚·冯·塞肯多夫,角色
1704666,natsu_(blue_archive),4,954,夏,角色
1754602,eunie_(xenoblade),4,954,尤尼,角色
87516,cure_white,4,952,治愈白,角色
11488,sol_badguy,4,952,索尔·巴德盖,角色
508153,okabe_rintarou,4,952,冈部伦太郎,角色
877404,yokoyama_nao,4,952,横山奈绪,角色
399324,vash_the_stampede,4,951,瓦修·史坦贝德,角色
376579,katsura_hinagiku,4,951,桂雏菊,角色
1594498,alice_zuberg,4,951,爱丽丝·祖贝尔,角色
1630548,commandant_teste_(kancolle),4,951,泰斯特指挥官,角色
1461094,shizuka_rin,4,951,静香凛,角色
1478614,wakan_tanka,4,951,瓦坎·坦卡,角色
1476820,yozora_mel,4,951,夜空梅露,角色
536053,ghost_(modern_warfare_2),4,950,幽灵,角色
1345441,asahina_mirai,4,950,朝比奈未来,角色
1933128,tsunomaki_watame_(1st_costume),4,949,角卷绵芽（1st服装）,角色
1572332,helltaker_(character),4,949,地狱取者,角色
712653,kondou_taeko,4,948,近藤妙子,角色
1407120,humboldt_penguin_(kemono_friends),4,948,洪堡企鹅,角色
1545097,cinderace,4,948,炎兔儿,角色
7587,toudou_shimako,4,947,藤堂志摩子,角色
456946,assassin_(fate/zero),4,947,Assassin,角色
465401,ten'ou_haruka,4,946,天王遥,角色
16210,lenna_charlotte_tycoon,4,946,蕾娜·夏洛特·泰肯,角色
1672682,type_95_(girls'_frontline),4,946,Type 95,角色
1544890,allister_(pokemon),4,945,奥利弗,角色
1626859,tsubaki_(blue_archive),4,945,椿,角色
616166,caitlyn_(league_of_legends),4,944,凯特琳,角色
1676518,thoma_(genshin_impact),4,943,托马,角色
1600181,ness_(mother_2),4,941,ネス,角色
416104,eva_02,4,941,EVA-02,角色
850878,gwen_stacy,4,941,格温·史黛西,角色
425936,doujima_nanako,4,940,堂岛菜菜子,角色
1631110,kinu_(kancolle),4,940,衣笠,角色
1631290,sagiri_(kancolle),4,940,雾,角色
1597904,shishio_chris,4,940,狮子王克里斯,角色
396114,lei_lei,4,939,雷蕾,角色
1337528,aki_(girls_und_panzer),4,939,秋,角色
1408885,dhole_(kemono_friends),4,939,印度野狗,角色
1672711,suomi_(girls'_frontline),4,938,苏米,角色
1439979,graf_zeppelin_(azur_lane),4,938,齐柏林伯爵,角色
1644979,air_shakur_(umamusume),4,937,空中沟槽,角色
384609,tony_tony_chopper,4,935,托尼托尼·乔巴,角色
1272916,kageyama_shigeo,4,935,影山茂夫,角色
1886278,corrin_(male)_(fire_emblem),4,935,可琳（男）,角色
1631288,sado_(kancolle),4,935,佐渡,角色
1769566,moe_(blue_archive),4,935,萌,角色
16119,star_platinum,4,934,白金之星,角色
536735,yuuki_juudai,4,934,游城十代,角色
503373,furudo_erika,4,934,古户绘梨花,角色
1444059,hammann_(azur_lane),4,934,哈曼,角色
466281,phoenix_wright,4,933,成步堂龙一,角色
1240487,yusa_kozue,4,933,游佐小津,角色
1886303,alear_(female)_(fire_emblem),4,933,艾莉（女）,角色
471218,aragaki_ayase,4,932,新垣绫濑,角色
615130,anjou_naruko,4,932,安城鸣子,角色
672299,oshino_ougi,4,932,忍野扇,角色
1344498,vane_(granblue_fantasy),4,932,瓦恩,角色
2061496,sakura_miko_(casual),4,931,便装樱巫女,角色
1815153,mitaka_asa,4,931,三鹰朝,角色
1335159,sugimoto_saichi,4,929,杉元佐一,角色
1367142,litten,4,929,火斑喵,角色
1597903,ryugasaki_rene,4,928,龙崎莲,角色
1530334,yorumi_rena,4,927,夜见玲奈,角色
1592675,bianca_(dq5),4,926,比安卡,角色
254440,kirlia,4,926,奇鲁莉安,角色
471221,kousaka_kyousuke,4,926,高坂京介,角色
547417,sugiura_ayano,4,926,杉浦绫乃,角色
1835548,reisa_(blue_archive),4,926,蕾莎,角色
1955322,miyu_(swimsuit)_(blue_archive),4,926,泳装美游,角色
487224,kanbaru_suruga,4,925,神原骏河,角色
1630493,aquila_(kancolle),4,924,阿奎拉,角色
1480638,nadia_la_arwall,4,923,娜迪亚·拉·阿瓦尔,角色
388724,lala_satalin_deviluke,4,923,拉拉·萨塔琳·戴比路克,角色
434747,kira_yoshikage,4,923,吉良吉影,角色
1235294,kurokawa_eren,4,922,黑川莲,角色
1443093,zundamon,4,922,尊大,角色
1631590,basil_(omori),4,922,巴兹尔,角色
1670429,aegir_(azur_lane),4,922,埃吉尔,角色
473288,sister_claire,4,921,克莱尔修女,角色
1439987,cleveland_(azur_lane),4,920,克利夫兰,角色
1587911,tomimi_(arknights),4,920,托米米,角色
16208,faris_scherwiz,4,919,法莉丝·谢尔维兹,角色
1688938,vira_(granblue_fantasy),4,919,维拉,角色
1369698,hau_(pokemon),4,919,哈乌,角色
1931557,ookami_mio_(3rd_costume),4,919,大神澪（3rd服装）,角色
1727047,crystalfly_(genshin_impact),4,918,晶蝶,角色
701389,sonia_nevermind,4,917,园崎诗音,角色
1275716,hatsuharu_(kancolle),4,917,初春,角色
4858,chocobo,4,916,陆行鸟,角色
606666,shindou_takuto,4,916,神童拓人,角色
1631170,matsuwa_(kancolle),4,916,松轮,角色
1578300,taihou_(enraptured_companion)_(azur_lane),4,916,大凤（狂热伴侣）,角色
1505470,galo_thymos,4,915,加洛·泰莫斯,角色
717909,vi_(league_of_legends),4,914,蔚,角色
14685,kazama_asuka,4,913,风间飞鸟,角色
620348,keith_goodman,4,912,基思·古德曼,角色
1875916,tiki_(adult)_(fire_emblem),4,912,蒂姬（成年）,角色
1654873,himemushi_momoyo,4,912,姬虫百百目,角色
1263716,kiss-shot_acerola-orion_heart-under-blade,4,911,接吻吸血鬼爱尔奎特,角色
1257904,aino_megumi,4,909,爱乃惠,角色
1538828,ingrid_brandl_galatea,4,908,英格丽德·布兰德尔·加拉泰亚,角色
654784,lord_el-melloi_ii,4,907,埃尔梅洛伊二世,角色
1327418,maria_cadenzavna_eve,4,907,玛利亚·卡登扎夫纳·伊芙,角色
1790618,froggy_nun_(diva),4,907,笨手笨脚修女,角色
1279056,revy_(black_lagoon),4,906,蕾薇,角色
1304226,hotarumaru,4,906,蛍丸,角色
1823213,arven_(pokemon),4,906,阿文,角色
1310847,hunter_(bloodborne),4,905,猎人,角色
1386133,ogata_hyakunosuke,4,905,尾形百之助,角色
1572164,luma_(mario),4,904,路玛,角色
411757,roy_(fire_emblem),4,903,罗伊,角色
664518,kobayakawa_sae,4,903,小早川纱枝,角色
1270627,jouga_maya,4,903,城贺麻耶,角色
1526525,jill_stingray,4,903,吉尔·斯汀雷,角色
890228,alisa_(girls_und_panzer),4,902,爱丽莎,角色
1412894,tsurumaki_kokoro,4,902,弦卷心,角色
1627523,bradamante_(fate),4,901,布拉德曼特,角色
1610738,island_fox_(kemono_friends),4,901,岛狐,角色
1478519,cu_chulainn_(caster)_(fate),4,899,库丘林（Caster）,角色
1650598,mejiro_ardan_(umamusume),4,899,目白阿尔丹,角色
597426,eirika_(fire_emblem),4,898,艾莉卡,角色
1933111,natsuiro_matsuri_(1st_costume),4,898,夏色祭（1st服装）,角色
1763570,malenia_blade_of_miquella,4,898,玛莲妮亚·米凯拉之刃,角色
1671353,tarnished_(elden_ring),4,898,褪色者,角色
1678878,la_pluma_(arknights),4,898,羽毛笔,角色
1468152,roboco-san,4,898,萝卜子,角色
1637361,pyra_(pro_swimmer)_(xenoblade),4,897,泳装焰,角色
1630540,chiyoda_(kancolle),4,896,千代田,角色
1307315,konoe_kanata,4,896,近卫彼方,角色
1929197,aris_(maid)_(blue_archive),4,896,女仆亚莉丝,角色
1631178,mikazuki_(kancolle),4,895,三日月,角色
1386435,yumeno_himiko,4,895,梦野姬美子,角色
1934875,amami_rantaro,4,894,天海兰太郎,角色
1439994,akashi_(azur_lane),4,894,明石,角色
1780229,iori_(swimsuit)_(blue_archive),4,894,泳装伊织,角色
414192,rx-78-2,4,893,RX-78-2,角色
1235700,seiren_(suite_precure),4,892,塞壬,角色
666040,takamori_aiko,4,892,高森爱子,角色
1394776,acerola_(pokemon),4,892,阿塞萝拉,角色
1976777,mococo_abyssgard_(1st_costume),4,892,莫可可·阿比斯加德（1st服装）,角色
1504965,hagoromo_lala,4,891,羽衣拉拉,角色
2026899,sinclair_(project_moon),4,891,辛克莱,角色
457596,diego_brando,4,890,迪亚哥·布兰度,角色
631826,sans,4,890,杉斯,角色
1390755,cosmog,4,890,科斯莫古,角色
1533411,neo_politan,4,889,新波利坦,角色
1734145,ling_(arknights),4,889,铃兰,角色
14172,rainbow_mika,4,888,彩虹米卡,角色
2061500,shirogane_noel_(casual),4,888,便装白银诺艾尔,角色
2068458,nekomata_okayu_(oversized_shirt),4,888,大T恤猫又小粥,角色
1976776,fuwawa_abyssgard_(1st_costume),4,887,芙瓦瓦·阿比斯加德（1st服装）,角色
409295,zack_fair,4,886,扎克斯·菲尔,角色
662499,nibutani_shinka,4,886,二武谷真夏,角色
1631235,nenohi_(kancolle),4,886,宁海,角色
1789595,saijo_juri,4,886,西条朱莉,角色
1538147,sukoya_kana,4,886,须古谷佳奈,角色
176585,yamagishi_fuuka,4,885,山岸风花,角色
765367,chrom_(fire_emblem),4,885,克罗姆,角色
2021808,kikyou_(blue_archive),4,885,桔梗,角色
400139,kaiou_michiru,4,884,海王满,角色
621741,nyarlathotep_(nyaruko-san),4,884,奈亚子,角色
2004297,yang_guifei_(second_ascension)_(fate),4,884,杨贵妃（第二再临）,角色
1258956,anna_(frozen),4,883,安娜,角色
1679660,ibuki_(blue_archive),4,883,伊吹,角色
16001,iwakura_lain,4,882,岩仓玲音,角色
1311252,fighter_(granblue_fantasy),4,882,战士,角色
1378272,alolan_vulpix,4,881,阿罗拉六尾,角色
726764,sakura_chiyo,4,880,樱小千代,角色
1522437,feater_(arknights),4,880,羽毛笔,角色
1586655,eunectes_(arknights),4,880,森蚺,角色
657795,cure_sunny,4,879,治愈阳光,角色
378592,usada_hikaru,4,878,兔田光,角色
552918,kaine_(nier),4,877,卡茵,角色
1933146,ookami_mio_(1st_costume),4,877,大神澪（1st服装）,角色
717114,kasumigaoka_utaha,4,876,霞之丘诗羽,角色
2026828,don_quixote_(project_moon),4,876,堂吉诃德,角色
693559,ingo_(pokemon),4,875,英果,角色
708151,kido_tsubomi,4,875,木户蕾,角色
662005,mifune_miyu,4,875,三船美优,角色
1277846,isshiki_iroha,4,875,一色伊吕波,角色
1386439,iruma_miu,4,875,入间美优,角色
14899,yamamura_sadako,4,874,山村贞子,角色
1816469,izuna_(swimsuit)_(blue_archive),4,874,泳装泉奈,角色
1211856,kiki_(majo_no_takkyuubin),4,873,琪琪,角色
623899,shirabe_ako,4,873,白部亚子,角色
1680296,nagisa_(blue_archive),4,873,渚,角色
1822945,grusha_(pokemon),4,873,格鲁夏,角色
398745,lambdadelta,4,872,兰姆达戴尔塔,角色
467599,takoluka,4,872,塔可鲁卡,角色
1275714,arare_(kancolle),4,872,霰,角色
1630704,harukaze_(kancolle),4,872,春风,角色
1205702,kirishima_touka,4,871,雾岛董香,角色
1521268,yoshizawa_kasumi,4,871,吉泽香澄,角色
1630508,asakaze_(kancolle),4,870,朝风,角色
524044,gekota,4,869,蛙太,角色
1439976,kisaragi_(azur_lane),4,869,如月,角色
1933167,mori_calliope_(1st_costume),4,869,森卡莉欧佩（1st服装）,角色
1728033,keqing_(opulent_splendor)_(genshin_impact),4,869,华丽荣光刻晴,角色
487247,araragi_tsukihi,4,868,阿良良木月火,角色
1630999,hiyou_(kancolle),4,868,飞鹰,角色
8711,prinny,4,867,企鹅,角色
1782427,bb_(swimsuit_mooncancer)_(second_ascension)_(fate),4,867,泳装月癌BB（第二再临）,角色
1904758,katsuragi_ace_(umamusume),4,867,桂木Ace,角色
390798,eva_01,4,866,EVA-01,物品
1270628,natsu_megumi,4,866,夏目惠,角色
422413,altaria,4,865,七夕青鸟,角色
455510,cure_peach,4,865,治愈桃子,角色
1667168,dinergate_(girls'_frontline),4,865,饭团,角色
1441570,natsuki_(doki_doki_literature_club),4,865,夏树,角色
1791907,utsumi_erice,4,865,宇津见绘梨子,角色
1551985,sirius_(azure_horizons)_(azur_lane),4,865,天狼星（蔚蓝地平线）,角色
668055,kohinata_miku,4,864,小日向美久,角色
1667171,g36_(girls'_frontline),4,864,G36,角色
1152270,ibuki_tsubasa,4,863,伊吹翼,角色
1379601,guzma_(pokemon),4,863,古兹马,角色
1631405,tanikaze_(kancolle),4,862,谷风,角色
1768617,scathach_(piercing_bunny)_(fate),4,862,穿刺兔斯卡哈,角色
602083,laura_bodewig,4,861,劳拉·博德维格,角色
588022,cecilia_alcott,4,860,塞西莉亚·奥尔科特,角色
1304346,yagen_toushirou,4,860,药研藤四郎,角色
1536980,zara_(poolside_coincidence)_(azur_lane),4,860,泳池边巧合扎拉,角色
1786499,artoria_caster_(second_ascension)_(fate),4,860,阿尔托莉雅·Caster（第二再临）,角色
2063323,amane_kanata_(work),4,860,天音彼方（工作）,角色
606793,alastor_(shakugan_no_shana),4,859,阿拉斯托尔,角色
1267895,ayane_(doa),4,859,绫音,角色
491993,chibi_miku,4,859,迷你初音,角色
1408788,brown_bear_(kemono_friends),4,859,棕熊,角色
1579297,male_doctor_(arknights),4,858,男医生,角色
1933145,takane_lui_(1st_costume),4,858,高根露伊（1st服装）,角色
1667232,rpk-16_(girls'_frontline),4,857,RPK-16,角色
16164,celes_chere,4,856,塞丽丝·切尔,角色
452145,miyanaga_saki,4,856,宫永咲,角色
1124739,angela_balzac,4,856,安吉拉·巴尔扎克,角色
382135,reinforce_zwei,4,855,强化Zwei,角色
542843,nina_(fire_emblem),4,855,妮娜,角色
1462595,andira_(granblue_fantasy),4,855,安迪拉,角色
1755026,fujimaru_ritsuka_(male)_(polar_chaldea_uniform),4,855,极地迦勒底藤丸立香（男）,角色
1535101,azki_(hololive),4,855,AZKi,角色
1569874,yuni_(princess_connect!),4,855,由尼,角色
1441207,soap_(modern_warfare_2),4,854,肥皂,角色
700633,ene_(kagerou_project),4,854,伊涅,角色
1527238,kiran_(fire_emblem),4,854,基兰,角色
410025,cinnamoroll,4,853,肉桂狗,角色
1227600,mochizuki_anna,4,853,望月安娜,角色
1680386,senji_muramasa_(fate),4,853,千子村正,角色
1578189,atago_(stunning_speedster)_(azur_lane),4,853,惊艳速度爱宕,角色
1522750,projekt_red_(arknights),4,853,红松鼠,角色
1261730,elesis_(elsword),4,852,艾丽希斯,角色
445930,lapras,4,851,拉普拉斯,角色
1631293,sakawa_(kancolle),4,851,酒匂,角色
439179,mohammed_avdol,4,850,穆罕默德·阿卜杜尔,角色
1527683,yamper,4,850,雷电狗,角色
1549856,frostnova_(arknights),4,850,霜星,角色
664406,natalia_(idolmaster),4,849,娜塔莉亚,角色
1404427,tsuchinoko_(kemono_friends),4,849,土蛇,角色
1416553,maruyama_aya,4,849,丸山彩,角色
1799498,akane_(bunny)_(blue_archive),4,849,兔女郎茜,角色
2069617,ako_(dress)_(blue_archive),4,849,礼服亚子,角色
409649,gon_freecss,4,848,贡,角色
652455,maou_(maoyuu),4,848,魔王,角色
668312,senkawa_chihiro,4,847,千川千寻,角色
1667202,kalina_(girls'_frontline),4,847,卡琳娜,角色
1755030,fujimaru_ritsuka_(female)_(polar_chaldea_uniform),4,847,极地迦勒底藤丸立香（女）,角色
1924186,kirara_(genshin_impact),4,847,绮良良,角色
1505029,leonardo_da_vinci_(rider)_(fate),4,846,骑乘达·芬奇,角色
1962907,navia_(genshin_impact),4,846,娜维娅,角色
1665104,sayu_(genshin_impact),4,845,早柚,角色
1663193,white_rabbit_(alice_in_wonderland),4,844,白兔,角色
1490217,homu_(honkai_impact),4,844,霍姆,角色
1533069,rhea_(fire_emblem),4,844,莉雅,角色
1643937,sunny_(omori),4,844,桑尼,角色
1644967,el_condor_pasa_(umamusume),4,843,厄尔·康多尔·帕萨,角色
1716063,soraka_(league_of_legends),4,842,索拉卡,角色
1452675,achilles_(fate),4,842,阿喀琉斯,角色
1335210,chara_(undertale),4,841,查拉,角色
550369,lightning_farron,4,840,闪电法伦,角色
1591026,pneuma_(xenoblade),4,840,普纽玛,角色
1419237,tanned_cirno,4,839,晒黑琪露诺,角色
555676,makoto_(street_fighter),4,838,春丽,角色
545377,pannacotta_fugo,4,838,潘纳科塔·福戈,角色
445934,jolteon,4,838,雷伊布,角色
1232143,titan_(shingeki_no_kyojin),4,837,巨人,角色
1276392,otokura_yuuki,4,837,乙仓由贵,角色
1471118,roon_(azur_lane),4,837,罗恩,角色
1861329,cheval_grand_(umamusume),4,837,大奖赛,角色
879608,toyokawa_fuka,4,836,丰川风花,角色
1370113,sylphiette_(mushoku_tensei),4,836,希露菲叶特,角色
956365,mew_(pokemon),4,835,梦幻,角色
422506,erika_(pokemon),4,835,艾莉嘉,角色
1440255,yuudachi_(azur_lane),4,835,夕立,角色
1441519,bismarck_(azur_lane),4,835,俾斯麦,角色
1686891,friend_(nanashi_mumei),4,835,朋友,角色
1875918,tiki_(young)_(fire_emblem),4,834,蒂姬（年轻）,角色
1423996,asaka_karin,4,834,浅香花凛,角色
1573721,st._louis_(luxurious_wheels)_(azur_lane),4,834,豪华轮圣路易斯,角色
14431,kurapika,4,833,库拉皮卡,角色
708150,kano_shuuya,4,833,鹿野修哉,角色
1764563,fiammetta_(arknights),4,833,菲亚梅塔,角色
1992651,hoshimachi_suisei_(school_uniform),4,833,校服星街彗星,角色
1644972,maruzensky_(umamusume),4,833,丸善斯基,角色
9881,meer_campbell,4,832,米尔·坎贝尔,角色
1761331,fuecoco,4,832,炎冲冲,角色
1862559,meowscarada,4,832,魔幻假面喵,角色
1644966,biwa_hayahide_(umamusume),4,832,琵琶早秀,角色
1239636,inumuta_houka,4,832,犬牟田,角色
1933176,oozora_subaru_(1st_costume),4,831,大空昴（1st服装）,角色
1933194,omaru_polka_(1st_costume),4,831,大丸波尔卡（1st服装）,角色
1972681,koseki_bijou,4,831,古石比寿,角色
1405054,caracal_(kemono_friends),4,830,狞猫,角色
428827,trish_una,4,829,特里什·乌娜,角色
1399945,tanya_degurechaff,4,829,谭雅·德古雷查夫,角色
2018079,vert_(neptunia),4,828,贝露,角色
684942,garry_(ib),4,828,加里,角色
1631262,perth_(kancolle),4,828,珀斯,角色
1629426,mysterious_heroine_x_(fate),4,827,神秘女英雄X,角色
1251661,mega_gardevoir,4,827,超级沙奈朵,角色
1441569,yuri_(doki_doki_literature_club),4,827,优里,角色
14169,ken_masters,4,826,肯·马斯特斯,角色
445931,ditto,4,826,百变怪,角色
1229733,mogami_shizuka,4,826,最上静香,角色
1565907,seele_(alter_ego),4,826,希儿（人格分裂）,角色
1631233,nelson_(kancolle),4,826,纳尔逊,角色
1784572,abigail_williams_(swimsuit_foreigner)_(third_ascension)_(fate),4,826,泳装阿比盖尔（Foreigner）（第三再临）,角色
1630639,enemy_naval_mine_(kancolle),4,825,敌舰雷,物品
1456294,admiral_graf_spee_(azur_lane),4,825,海军上将斯佩伯爵,角色
713599,koyama_yuzu,4,824,小山柚子,角色
1479269,tomioka_giyuu,4,824,富冈义勇,角色
1374967,agatsuma_zenitsu,4,823,我妻善逸,角色
722479,fennekin,4,822,火狐狸,角色
1627556,edmond_dantes_(fate),4,822,爱德蒙·唐泰斯,角色
1421068,miyashita_ai,4,822,宫下爱,角色
1668461,kaf_(kamitsubaki_studio),4,822,KAF,角色
11594,lina_inverse,4,821,莉娜·因巴斯,角色
538729,cure_moonlight,4,821,治愈月光,角色
611796,litwick,4,821,烛光灵,角色
1337529,mikko_(girls_und_panzer),4,821,米可,角色
1629302,gawain_(fate),4,820,高文,角色
1766600,abigail_williams_(third_ascension)_(fate),4,820,阿比盖尔（第三再临）,角色
1765868,jeanne_d'arc_alter_(avenger)_(third_ascension)_(fate),4,819,贞德·Alter（复仇者）（第三再临）,角色
439342,taokaka,4,818,陶卡卡,角色
462517,yamabuki_inori,4,818,山吹祈,角色
507427,anegasaki_nene,4,818,姉ヶ崎宁宁,角色
1353706,mumei_(kabaneri),4,818,无名,角色
1820726,hokko_tarumae_(umamusume),4,818,北海道马,角色
396395,naoe_riki,4,817,直江利吉,角色
1302247,sawamura_spencer_eriri,4,817,泽村·斯宾塞·英梨梨,角色
622721,korra,4,816,柯拉,角色
1305340,morgana_(persona_5),4,816,摩根娜,角色
1405052,moose_(kemono_friends),4,816,驼鹿,角色
2026816,yi_sang_(project_moon),4,815,李尚,角色
16312,tenjou_utena,4,814,天上欧特娜,角色
445911,magnemite,4,813,小磁怪,角色
1293670,yamada_elf,4,813,山田艾尔夫,角色
1979031,pekomon_(usada_pekora),4,813,佩可蒙,角色
1730677,bronya_zaychik_(silverwing:_n-ex),4,813,银翼布洛妮娅,角色
1719451,crow_(la+_darknesss),4,813,乌鸦,角色
506315,yumeko_(touhou),4,812,梦子,角色
1229736,satake_minako,4,812,佐竹美奈子,角色
1522438,ushizaki_urumi,4,812,牛崎润美,角色
1630689,grecale_(kancolle),4,812,格雷卡莱,角色
1626332,saga_(arknights),4,812,萨卡,角色
426520,waddle_dee,4,811,瓦德迪,角色
1626978,reisen_(touhou_bougetsushou),4,811,铃仙（东方儚月抄）,角色
664499,hino_akane_(idolmaster),4,811,日野茜,角色
1768610,saber_alter_(ver._shinjuku_1999)_(fate),4,811,新宿1999版Saber Alter,角色
1567156,aoyagi_touya,4,811,青柳东也,角色
693236,ibuki_(street_fighter),4,810,伊吹,角色
390231,raichu,4,810,雷丘,角色
1304942,female_saniwa_(touken_ranbu),4,810,女审神者,角色
1972284,ado_(utaite),4,810,Ado,角色
410735,mewtwo,4,808,超梦,角色
790426,ara_haan,4,808,阿拉·汉,角色
1398095,hinatsuru_ai,4,808,雏鹤爱,角色
8330,hoshino_ruri,4,807,星野琉璃,角色
516743,lance_(pokemon),4,807,小智,角色
1452666,brynhildr_(fate),4,807,布伦希尔德,角色
382266,teana_lanster,4,806,蒂亚娜·兰斯特,角色
1931458,jingliu_(honkai:_star_rail),4,806,镜流,角色
445938,snorlax,4,805,卡比兽,角色
1631348,shinshuu_maru_(kancolle),4,805,神州丸,角色
1567155,shinonome_akito,4,805,东云彰人,角色
1599618,whislash_(arknights),4,805,鞭刃,角色
1693037,le_malin_(listless_lapin)_(azur_lane),4,805,无精打采兔子恶魔,角色
605494,filia_(skullgirls),4,804,菲莉亚,角色
712651,isobe_noriko,4,804,矶部纪子,角色
1933214,hakos_baelz_(1st_costume),4,804,哈科斯·贝尔兹（1st服装）,角色
1790199,copano_rickey_(umamusume),4,804,科帕诺·里基,角色
406554,latias,4,803,拉帝亚斯,角色
1240058,hange_zoe,4,803,汉吉·佐伊,角色
1374971,female_protagonist_(pokemon_go),4,803,女主角（宝可梦GO）,角色
1555021,sei_shounagon_(fate),4,803,清少纳言,角色
680146,mary_(ib),4,802,玛丽,角色
1782491,oberon_(third_ascension)_(fate),4,802,奥伯龙（第三再临）,角色
1388311,elizabeth_bathory_(brave)_(fate),4,801,勇敢伊丽莎白,角色
1822926,penny_(pokemon),4,801,佩妮,角色
11683,optimus_prime,4,801,擎天柱,角色
1720787,lyney_(genshin_impact),4,800,林尼,角色
1764432,jeanne_d'arc_(third_ascension)_(fate),4,799,贞德（第三再临）,角色
1682885,atsuko_(blue_archive),4,798,厚子,角色
935917,hakurei_reimu_(pc-98),4,797,博丽灵梦（PC-98）,角色
1475191,aoba_moca,4,797,青叶莫卡,角色
1438842,emma_verde,4,797,艾玛·维尔德,角色
1534451,amamiya_kokoro,4,797,雨宫心,角色
381201,konpaku_youki,4,796,魂魄妖忌,角色
1644985,gold_city_(umamusume),4,796,黄金城市,角色
1237385,akaboshi_koume,4,795,赤星小梅,角色
1346609,beatrix_(granblue_fantasy),4,795,碧翠丝,角色
1600299,blemishine_(arknights),4,795,瑕光,角色
1648576,mejiro_palmer_(umamusume),4,795,目白帕尔默,角色
611797,chandelure,4,794,水晶灯火灵,角色
1627732,paul_bunyan_(fate),4,794,保罗·班扬,角色
410791,king_dedede,4,794,帝帝帝,角色
1259432,oomori_yuuko,4,793,大森优子,角色
1643064,goutokuji_mike,4,793,豪德寺三花,角色
464859,sailor_saturn,4,792,水兵土星,角色
445834,hypno,4,791,催眠貘,角色
1782880,angela_(project_moon),4,791,安吉拉,角色
1452662,suzuka_gozen_(fate),4,790,铃鹿御前,角色
387301,perona,4,789,佩罗娜,角色
1401541,izayoi_liko,4,789,十六夜莉子,角色
1398812,kobayashi_(maidragon),4,789,小林,角色
1509649,uzaki_tsuki,4,789,宇崎月,角色
1818873,kasumi_(blue_archive),4,789,霞,角色
1413408,small-clawed_otter_(kemono_friends),4,787,小爪水獭,角色
1584793,raiden_mei_(herrscher_of_thunder),4,786,雷电芽衣（雷之律者）,角色
1441359,shoukaku_(azur_lane),4,785,翔鹤,角色
14491,i-no,4,784,I-No,角色
935914,kazami_yuuka_(pc-98),4,784,风见幽香（PC-98）,角色
1306594,ichigo_hitofuri,4,784,一期一振,角色
1605833,klein_moretti,4,784,克莱恩·莫雷蒂,角色
1631012,i-13_(kancolle),4,783,I-13,角色
1560765,bagpipe_(arknights),4,783,风笛,角色
1951813,mudrock_(elite_ii)_(arknights),4,783,泥岩（精英II）,角色
1785902,specter_the_unchained_(arknights),4,783,解放的幽灵鲨,角色
1627531,carmilla_(fate),4,782,卡米拉,角色
1675745,petra_gurin,4,782,佩特拉·古林,角色
702015,matoi_(pso2),4,781,缠,角色
1631216,nagara_(kancolle),4,781,长良,角色
1645005,sakura_bakushin_o_(umamusume),4,781,樱花爆心王,角色
15724,riza_hawkeye,4,780,莉莎·霍克艾,角色
601752,milla_maxwell,4,780,米拉·马克斯韦尔,角色
437875,takei_hisa,4,779,武井久,角色
1462589,zooey_(granblue_fantasy),4,779,佐伊,角色
1398097,sora_ginko,4,779,空银子,角色
1615566,usa-chan_(idolmaster),4,778,兔兔酱,角色
1203675,melia_antiqua,4,778,梅莉亚·安提库亚,角色
1277652,yuuri_(shoujo_shuumatsu_ryokou),4,778,优莉,角色
1299400,haruno_haruka,4,778,春野遥,角色
1420709,hadou_nejire,4,777,波动螺子,角色
1605354,guoba_(genshin_impact),4,777,锅巴,角色
427882,bazett_fraga_mcremitz,4,776,巴泽特·弗拉加·麦克雷米兹,角色
566218,platinum_the_trinity,4,776,白金三一,角色
1541801,magallan_(arknights),4,776,麦哲伦,角色
1515003,rena_erindel,4,775,蕾娜·埃林戴尔,角色
1257345,harime_nui,4,775,针目缝,角色
1631249,okinami_(kancolle),4,775,冲浪,角色
1249877,iori_rinko,4,774,五十铃凛子,角色
2061468,oozora_subaru_(work),4,774,工作大空昴,角色
1007211,hinata_hideki,4,773,日向秀树,角色
633080,takakura_himari,4,773,高仓阳毬,角色
1441502,chito_(shoujo_shuumatsu_ryokou),4,773,琪朵,角色
1639099,naganami_kai_ni_(kancolle),4,773,长波改二,角色
1596254,razor_(genshin_impact),4,773,雷泽,角色
1752650,narita_top_road_(umamusume),4,773,成田路,角色
16204,agrias_oaks,4,772,阿格里亚斯·奥克斯,角色
1249308,greninja,4,772,忍蛙,角色
2022005,manaka_laala,4,771,真中赖赖,角色
1783171,meltryllis_(swimsuit_lancer)_(second_ascension)_(fate),4,771,泳装梅尔特莉莉丝（第二再临）,角色
2061491,gawr_gura_(casual),4,770,便装噶呜·咕啦,角色
1657407,blue_poison_(shoal_beat)_(arknights),4,769,蓝毒（浅滩节拍）,角色
1794300,shikanoin_heizou,4,769,鹿野院平藏,角色
1674016,manya_(dq4),4,768,玛妮娅,角色
419659,rita_mordio,4,768,莉塔·莫迪奥,角色
444238,drifloon,4,767,飘浮泡泡,角色
1245116,ri-class_heavy_cruiser,4,767,RI级重巡洋舰,角色
1480691,platelet_(hataraku_saibou),4,767,血小板,角色
1571593,tang_keke,4,766,唐可可,角色
1631231,natori_(kancolle),4,765,名取,角色
1631118,kishinami_(kancolle),4,765,岸波,角色
1524978,silverash_(arknights),4,765,银灰,角色
16323,char_aznable,4,764,夏亚·阿兹纳布尔,角色
1265247,sato_shin,4,764,佐藤真,角色
432818,hirose_koichi,4,763,广濑幸一,角色
688953,igarashi_kyoko,4,763,五十岚京子,角色
1443050,zuikaku_(azur_lane),4,763,瑞鹤,角色
466150,yuri_sakazaki,4,762,坂崎百合,角色
523901,shinonome_nano,4,762,东云奈奈,角色
1449525,phosphophyllite_(ll),4,762,磷叶石（LL）,角色
1678851,mizuki_(arknights),4,762,水月,角色
1934879,k1-b0,4,761,K1-B0,角色
1432300,yatadera_narumi,4,761,八千代,角色
1623487,crypto_(apex_legends),4,761,密码,角色
1605817,stark_(sousou_no_frieren),4,761,施塔克,角色
1790903,lisbeth_(sao),4,760,莉兹贝特,角色
1565905,bianka_durandal_ataegina,4,760,比安卡·杜兰达尔·阿塔吉娜,角色
1954908,dan_heng_(imbibitor_lunae)_(honkai:_star_rail),4,760,丹恒·饮月,角色
14141,saotome_ranma,4,759,早乙女乱马,角色
423092,dead_master,4,759,死主,角色
1685846,rei_(pokemon),4,759,小智,角色
1631060,janus_(kancolle),4,758,雅努斯,角色
445904,gastly,4,757,鬼斯,角色
868605,todo_yurika,4,757,藤堂百合香,角色
1572168,heanna_sumire,4,757,平安名澄,角色
1649138,heracles_(fate),4,756,赫拉克勒斯,角色
462002,flygon,4,756,沙漠蜻蜓,角色
1627797,wu_zetian_(fate),4,756,武则天,角色
1627167,stheno_(fate),4,755,斯忒诺,角色
7660,enma_ai,4,755,阎魔爱,角色
1644974,taiki_shuttle_(umamusume),4,755,大奇穿梭,角色
450993,milotic,4,754,美纳斯,角色
13993,ky_kiske,4,753,凯·基斯克,角色
1781830,jeanne_d'arc_(swimsuit_archer)_(first_ascension)_(fate),4,753,泳装贞德（Archer）（第一再临）,角色
2026818,faust_(project_moon),4,753,浮士德,角色
1847558,layla_(genshin_impact),4,753,莱依拉,角色
695974,roxie_(pokemon),4,753,洛克希,角色
410729,absol,4,752,阿勃梭鲁,角色
462261,nikka_edvardine_katajainen,4,752,尼卡·爱德华丁·卡塔亚宁,角色
716715,cure_heart,4,752,治愈之心,角色
1228013,regina_(dokidoki!_precure),4,751,蕾吉娜,角色
1631044,irako_(kancolle),4,751,伊良子,角色
2026869,hong_lu_(project_moon),4,751,红露,角色
400328,okita_sougo,4,750,冲田总悟,角色
466277,maya_fey,4,749,绫里千寻,角色
8108,piccolo,4,748,短笛,角色
1281005,naomi_(girls_und_panzer),4,748,直美,角色
1646429,fukuda_haru,4,748,福田春,角色
15646,usopp,4,747,乌索普,角色
449290,dragonite,4,747,快龙,角色
1304907,gokotai,4,747,五虎退,角色
1416572,nanami_yachiyo,4,747,七海八千代,角色
1496591,nikaidou_saki,4,747,二阶堂咲,角色
1400058,satanichia_kurumizawa_mcdowell,4,745,撒旦妮娅·库鲁米泽·麦道威尔,角色
1405059,sand_cat_(kemono_friends),4,744,沙猫,角色
1790615,spicy_nun_(diva),4,744,辣修女,角色
2003721,mori_calliope_(streetwear),4,743,街头服森卡莉欧佩,角色
1885929,nijigaoka_mashiro,4,743,虹河真白,角色
466172,bartz_klauser,4,742,巴兹·克劳泽,角色
176591,aragaki_shinjirou,4,742,荒垣真次郎,角色
1631108,kikuzuki_(kancolle),4,742,菊月,角色
1316228,nakagawa_natsuki,4,742,中川夏纪,角色
1431868,nitocris_(swimsuit_assassin)_(fate),4,742,泳装尼托克丽丝（Assassin）,角色
1639090,maya_kai_ni_(kancolle),4,741,摩耶改二,角色
445875,psyduck,4,740,可达鸭,角色
445864,clefairy,4,740,皮皮,角色
609604,evelynn_(league_of_legends),4,740,伊芙琳,角色
1085943,tokoro_megumi,4,740,所惠,角色
1305420,shokudaikiri_mitsutada,4,740,烛台切光忠,角色
1476829,kanae_(nijisanji),4,740,叶,角色
1658838,sakura_chiyono_o_(umamusume),4,740,樱花千代王,角色
1645753,roll_caskett_(mega_man),4,739,萝尔·卡斯克特,角色
1934685,fukawa_toko,4,739,不二咲冬子,角色
1627625,lavinia_whateley_(fate),4,739,拉维尼亚·华特莉,角色
1793076,himeko_(honkai:_star_rail),4,739,姬子,角色
391387,akita_neru,4,738,秋田涅鲁,角色
1333463,beatrice_(re:zero),4,738,贝亚特丽丝,角色
1708017,sirius_(scorching-hot_seirios)_(azur_lane),4,738,灼热天狼星,角色
1607368,van_gogh_(fate),4,738,梵高,角色
11487,kuradoberi_jam,4,737,库拉多贝利·杰姆,角色
427478,fudou_yuusei,4,737,不动游星,角色
420633,santa_claus,4,736,圣诞老人,角色
386902,itou_kaiji,4,736,伊藤开司,角色
1550049,yamada_anna,4,736,山田安娜,角色
664407,himekawa_yuki,4,735,姬川由纪,角色
1442949,ptilopsis_(arknights),4,735,白面鸮,角色
1859641,faruzan_(genshin_impact),4,735,珐露珊,角色
421517,portgas_d._ace,4,734,波特卡斯·D·艾斯,角色
593801,cure_rhythm,4,734,治愈节奏,角色
1782428,bb_(swimsuit_mooncancer)_(third_ascension)_(fate),4,734,泳装月癌BB（第三再临）,角色
1346345,takimoto_hifumi,4,733,泷本日富美,角色
1386286,yonaga_angie,4,733,夜永安洁,角色
1693731,mash_kyrielight_(swimsuit_of_perpetual_summer),4,732,永恒夏日玛修,角色
1491428,takamiya_rion,4,732,高宫莉昂,角色
1568796,quanxi_(chainsaw_man),4,732,权崎,角色
1962856,wriothesley_(genshin_impact),4,732,莱欧斯利,角色
1856690,texas_the_omertosa_(arknights),4,731,沉默的德克萨斯,角色
520900,sf-a2_miki,4,731,SF-A2 Miki,角色
408937,young_link,4,730,少年林克,角色
432820,nijimura_okuyasu,4,730,虹村亿泰,角色
628321,asuka_(senran_kagura),4,730,飞鸟,角色
690136,touhoku_zunko,4,730,东北切蒲英,角色
1491126,tsuyuri_kanao,4,730,栗花落香奈乎,角色
404920,sage_(dq3),4,729,贤者,角色
1305382,kogitsunemaru,4,729,小狐丸,角色
1508806,julia_(fire_emblem),4,728,朱莉娅,角色
2018045,black_heart_(neptunia),4,728,黑心,角色
1485459,jean_bart_(azur_lane),4,728,让·巴尔,角色
1731177,yun_jin_(genshin_impact),4,728,云堇,角色
1528912,takumi_(fire_emblem),4,727,拓海,角色
1538827,mercedes_von_martritz,4,727,梅赛德斯·冯·马尔特里茨,角色
1563389,angel_devil_(chainsaw_man),4,727,天使恶魔,角色
1787758,kaho_(blue_archive),4,727,花穗,角色
2057377,shiori_novella_(1st_costume),4,727,诗织·诺维拉（1st服装）,角色
1631097,kasuga_maru_(kancolle),4,726,春日丸,角色
1646769,ikuno_dictus_(umamusume),4,725,育良迪克图斯,角色
708153,seto_kousuke,4,724,濑户浩介,角色
1356607,chomusuke,4,724,喵喵,角色
1527178,elise_(fire_emblem),4,724,艾莉丝,角色
31266,roy_mustang,4,723,罗伊·马斯坦,角色
1377218,otomachi_una,4,723,音街ウナ,角色
1343981,mikumo_guynemer,4,722,三云居尼美尔,角色
1653646,aubrey_(omori),4,722,奥布里,角色
713347,katagiri_sanae,4,720,片桐早苗,角色
1906528,carmine_(pokemon),4,720,卡敏,角色
384314,saigusa_haruka,4,719,三枝春花,角色
1387122,mordred_(swimsuit_rider)_(fate),4,718,泳装莫德雷德（Rider）,角色
1654875,shigure_(blue_archive),4,718,时雨,角色
1698183,koyuki_(blue_archive),4,718,小雪,角色
1408392,golden_snub-nosed_monkey_(kemono_friends),4,717,金丝猴,角色
1627172,viy_(fate),4,717,维伊,角色
1765330,elizabeth_bathory_(first_ascension)_(fate),4,716,伊丽莎白·巴托里（第一再临）,角色
1529378,sakata_kintoki_(fate),4,716,坂田金时,角色
1461165,uchi_emiri,4,716,内海爱理,角色
2041948,hoshimachi_suisei_(streetwear),4,716,街头服星街彗星,角色
1351074,wiz_(konosuba),4,715,维兹,角色
1440285,queen_elizabeth_(azur_lane),4,715,伊丽莎白女王,角色
496529,touwa_erio,4,714,远野艾利欧,角色
1450276,cutlass_(girls_und_panzer),4,714,短剑,角色
1705076,rosa_(tears_of_themis),4,714,罗莎,角色
1893558,shigure_kai_san_(kancolle),4,714,时雨改三,角色
408664,pachirisu,4,713,帕奇利兹,角色
1285963,alena_(dq4),4,712,阿蕾娜,角色
1452677,semiramis_(fate),4,711,塞米拉米斯,角色
701386,koizumi_mahiru,4,711,小泉真昼,角色
1667169,negev_(girls'_frontline),4,711,内盖夫,角色
1237658,error_musume,4,709,错误娘,角色
1629339,gray_(fate),4,709,格蕾,角色
1627758,scheherazade_(fate),4,709,山鲁佐德,角色
1588338,tomoe_gozen_(swimsuit_saber)_(fate),4,709,泳装巴御前（Saber）,角色
1350943,adventurer_(ff14),4,708,冒险者,角色
713611,utsugi_yuuki,4,708,宇津木优纪,角色
1067206,hayasaka_mirei,4,708,早坂美玲,角色
1694419,douki-chan_(douki-chan),4,708,同居人,角色
1538082,myrtle_(arknights),4,708,桃金娘,角色
405335,olimar,4,707,奥利马,角色
644034,kariya_masaki,4,706,狩谷真崎,角色
1337509,freyja_wion,4,706,芙蕾雅·维恩,角色
1445281,misono_karin,4,706,御园花凛,角色
1461598,sheffield_(azur_lane),4,706,谢菲尔德,角色
2061489,takanashi_kiara_(casual),4,706,便装高梨辉夜,角色
1689852,hatsutori_hajime,4,706,初鸟初,角色
1722734,bronya_rand,4,706,布洛妮娅·兰德,角色
1837736,saren_(summer)_(princess_connect!),4,706,泳装莎伦,角色
1272430,isolated_island_oni,4,705,孤岛鬼,角色
462515,aono_miki,4,704,青野美树,角色
1327917,yuel_(granblue_fantasy),4,704,尤艾尔,角色
1520873,murosaki_miyo,4,704,室咲美夜,角色
544079,barry_(pokemon),4,703,小智（晶）,角色
480982,asbel_lhant,4,703,阿斯贝尔·兰特,角色
1233901,sophie_(tales),4,703,索菲,角色
1420829,matsubara_kanon,4,703,松原加奈,角色
1530109,alcremie,4,702,霜奶仙,角色
4516,poring,4,701,波利,角色
1641409,ingrid_(capcom),4,701,英格丽德,角色
381037,minazuki_karen,4,700,水无月花恋,角色
731293,nakiri_erina,4,700,中野绘里奈,角色
1762593,kirisawa_juuzou_(character),4,700,雾泽十三,角色
1488450,sora_(arknights),4,700,空,角色
1400388,olga_marie_animusphere,4,699,奥尔嘉·玛丽·阿尼姆斯菲亚,角色
1631186,minegumo_(kancolle),4,699,峰云,角色
575935,mishaguji,4,698,御社神,角色
1667164,g41_(girls'_frontline),4,698,G41,角色
1441568,sayori_(doki_doki_literature_club),4,698,纱世里,角色
1692320,nemo_(fate),4,698,尼莫,角色
497689,cheria_barnes,4,697,谢利亚·巴恩斯,角色
1500529,rindou_mikoto,4,697,林藤美琴,角色
1530200,shining_(arknights),4,697,闪灵,角色
1836426,aranara_(genshin_impact),4,697,阿兰那拉,角色
717138,cure_sword,4,696,治愈剑,角色
958112,hakozaki_serika,4,696,箱崎芹香,角色
1553038,gravel_(arknights),4,696,砾,角色
1578643,mifune_shioriko,4,696,三船栞子,角色
1652773,gladiia_(arknights),4,696,格拉蒂娅,角色
1296576,kirishima_eijirou,4,695,切岛锐儿郎,角色
1825540,shiver_(splatoon),4,695,瑟芙,角色
1434774,uehara_himari,4,694,上原日鞠,角色
1596529,bubba_(watson_amelia),4,694,巴布巴,角色
1617254,fuuka_(blue_archive),4,693,风花,角色
597140,katarina_(league_of_legends),4,692,卡特琳娜,角色
1387021,tanigaki_genjirou,4,692,谷垣源次郎,角色
1545621,astolfo_(saber)_(fate),4,692,水手圣骑士阿斯托尔福,角色
1697525,arezu_(pokemon),4,691,阿蕾祖,角色
433613,sailor_chibi_moon,4,690,水兵小兔,角色
1677248,lain_paterson,4,690,莱恩·帕特森,角色
1331206,kawakami_mai,4,689,川上舞,角色
1564454,subaru_duck,4,689,鸭子斯巴鲁,角色
1913137,ho'olheyak_(arknights),4,689,霍尔海雅,角色
1560546,chocola_(nekopara),4,688,巧克力,角色
1667205,9a-91_(girls'_frontline),4,688,9A-91,角色
1520862,hozuki_kaede,4,688,鬼灯红叶,角色
1495284,honma_himawari,4,688,本间向日葵,角色
1962930,clorinde_(genshin_impact),4,688,克洛琳德,角色
1507455,himesaka_noa,4,687,姬咲乃爱,角色
404919,soldier_(dq3),4,686,战士,角色
548087,hasegawa_kobato,4,686,长谷川小鸽,角色
1525774,wooloo,4,686,毛毛,角色
1724456,volo_(pokemon),4,686,沃洛,角色
1577018,rosa_(arknights),4,685,罗莎,角色
1782757,kama_(first_ascension)_(fate),4,685,迦摩（第一再临）,角色
416301,asahina_aoi,4,684,朝比奈葵,角色
2018078,uni_(neptunia),4,684,优妮,角色
1528887,grima_(fire_emblem),4,683,格里姆,角色
971934,vampy,4,683,范皮,角色
1768854,mysterious_heroine_x_alter_(first_ascension)_(fate),4,683,神秘女英雄X·Alter（第一再临）,角色
1411715,okusawa_misaki,4,683,小草莓,角色
1420691,imai_lisa,4,683,今井莉莎,角色
1524831,jessica_(arknights),4,683,杰西卡,角色
1552638,kagemori_michiru,4,683,影森满,角色
437350,ayatsuji_tsukasa,4,682,绫辻司,角色
1619673,puru-see_(hoshizuki_(seigetsu)),4,682,普鲁希,角色
1454529,okada_izou_(fate),4,682,冈田以藏,角色
1622476,tsurugi_(blue_archive),4,682,鹤城,角色
1281007,erwin_(girls_und_panzer),4,681,埃尔温,角色
1625322,maki_(blue_archive),4,681,真纪,角色
658080,ikusaba_mukuro,4,679,战刃骸,角色
1445024,shirasagi_chisato,4,679,白鹭千早,角色
437351,morishima_haruka,4,678,森岛春夏,角色
1482284,oda_nobukatsu_(fate),4,678,织田信胜,角色
1520878,oka_asahi,4,678,冈朝日,角色
1530558,gavial_(arknights),4,678,嘉维尔,角色
1459803,mitsumine_yuika,4,677,三峰结花,角色
1460549,nekomiya_hinata,4,677,猫宫日向,角色
1639124,tenryuu_kai_ni_(kancolle),4,677,天龙改二,角色
1903602,implacable_(azur_lane),4,677,不挠,角色
1343588,shimada_chiyo,4,676,岛田千代,角色
1505254,uesugi_fuutarou,4,676,上杉风太郎,角色
1686868,mr._squeaks_(hakos_baelz),4,674,斯奎克先生,角色
1971286,ui_(swimsuit)_(blue_archive),4,674,泳装优衣,角色
1443600,romani_archaman,4,673,罗玛尼·阿奇曼,角色
1836895,karyl_(summer)_(princess_connect!),4,673,泳装凯莉,角色
2042242,xianyun_(genshin_impact),4,673,闲云,角色
842024,tanaka_kotoha,4,672,田中琴叶,角色
1315625,adult_neptune,4,672,成年涅普顿,角色
1734375,shiratsuyu_kai_ni_(kancolle),4,672,白露改二,角色
1695273,okita_j._souji_(fate),4,672,冲田J·总司,角色
1695582,laura_la_mer,4,672,劳拉·拉·梅尔,角色
1524990,zima_(arknights),4,671,兹玛,角色
1493140,red_pikmin,4,669,红皮克敏,角色
1257848,hoshimiya_kate,4,669,星宫凯特,角色
1933135,akai_haato_(1st_costume),4,669,赤井心（1st服装）,角色
1376985,roger_(guilty_gear),4,668,罗杰,角色
700408,saionji_hiyoko,4,668,西园寺日和子,角色
1933187,kureiji_ollie_(1st_costume),4,667,克雷伊吉·奥莉（1st服装）,角色
1569873,chloe_(princess_connect!),4,667,克洛伊,角色
1582407,perseus_(azur_lane),4,667,珀耳修斯,角色
422385,wingull,4,666,海鸥,角色
693558,emmet_(pokemon),4,665,艾米特,角色
1631014,i-14_(kancolle),4,665,I-14,角色
1409004,african_wild_dog_(kemono_friends),4,665,非洲野狗,角色
1530808,frostleaf_(arknights),4,665,霜叶,角色
1930563,nekomata_okayu_(3rd_costume),4,665,猫又小粥（3rd服装）,角色
1793084,seele_(honkai:_star_rail),4,665,希儿,角色
1284579,bertolt_hoover,4,664,贝尔托特·胡佛,角色
1396665,medusa_(lancer)_(fate),4,664,美杜莎（Lancer）,角色
1286003,alice_cartelet,4,663,爱丽丝·卡特莱特,角色
1368529,vyrn_(granblue_fantasy),4,662,维恩,角色
1733501,vertin_(reverse:1999),4,662,维尔汀,角色
1440310,eldridge_(azur_lane),4,661,埃尔德里奇,角色
1465798,morinaka_kazaki,4,661,森中花咲,角色
1627881,skadi_(waverider)_(arknights),4,660,泳装斯卡蒂,角色
1885788,kamisato_ayaka_(springbloom_missive),4,660,春生绫华,角色
1480768,siro_(dennou_shoujo_youtuber_siro),4,659,电脑少女Siro,角色
1606123,kon_kanaho,4,659,今叶,角色
1532745,sothis_(fire_emblem),4,658,索提斯,角色
1528696,nui_sociere,4,658,纽·索西埃,角色
1955335,saki_(swimsuit)_(blue_archive),4,658,泳装咲,角色
1644971,hishi_amazon_(umamusume),4,658,菱亚马逊,角色
1724570,adaman_(pokemon),4,657,亚当,角色
1326283,jeanne_d'arc_(granblue_fantasy),4,656,贞德,角色
1396666,gilgamesh_(caster)_(fate),4,656,吉尔伽美什（Caster）,角色
1419936,minato_yukina,4,656,凑友希那,角色
1631369,south_dakota_(kancolle),4,655,南达科他,角色
1645003,nishino_flower_(umamusume),4,655,西野花,角色
1325649,hacka_doll_3,4,654,哈卡娃娃3,角色
1535934,falin_thorden,4,654,法琳·托尔登,角色
1643067,hinata_(blue_archive),4,654,日向,角色
1276394,yorita_yoshino,4,653,依田芳乃,角色
664507,aiba_yumi,4,651,相羽优美,角色
1631470,wakaba_(kancolle),4,651,若叶,角色
1644969,fuji_kiseki_(umamusume),4,651,富士奇石,角色
1645013,winning_ticket_(umamusume),4,651,胜券在握,角色
1482584,xenovia_quarta,4,650,杰诺瓦·夸塔,角色
1387119,kiyohime_(swimsuit_lancer)_(fate),4,650,泳装清姬（Lancer）,角色
1645012,tosen_jordan_(umamusume),4,650,图森乔丹,角色
1723652,aurora_(arknights),4,648,极光,角色
1977084,baobhan_sith_(first_ascension)_(fate),4,646,波厄丝（第一再临）,角色
1284942,midway_princess,4,645,中途岛公主,角色
722673,yukimura_aoi,4,644,雪村葵,角色
1386296,chabashira_tenko,4,644,茶柱转子,角色
466270,apollo_justice,4,643,成步堂龙一,角色
1504963,hoshina_hikaru,4,643,星菜光,角色
1322176,silva_(granblue_fantasy),4,642,希尔瓦,角色
1538826,annette_fantine_dominic,4,641,安妮特·凡汀·多米尼克,角色
1692684,sakurako_(blue_archive),4,641,樱子,角色
2069619,hina_(dress)_(blue_archive),4,641,礼服日奈,角色
1781831,jeanne_d'arc_(swimsuit_archer)_(second_ascension)_(fate),4,640,泳装贞德（Archer）（第二再临）,角色
2039803,murasaki_shion_(gothic_lolita),4,638,哥特萝莉紫式部,角色
1622083,serina_(blue_archive),4,637,濑莉娜,角色
1535933,laios_thorden,4,636,莱欧斯·托尔登,角色
1627784,valkyrie_(fate),4,636,瓦尔基里,角色
1567602,muelsyse_(arknights),4,636,缪尔赛思,角色
1639075,jintsuu_kai_ni_(kancolle),4,635,神通改二,角色
1523150,bokukawauso,4,634,河童,角色
1255892,cure_lovely,4,633,治愈可爱,角色
1600200,wuxian_(the_legend_of_luoxiaohei),4,633,无弦,角色
1686625,conte_di_cavour_(kancolle),4,633,加富尔伯爵,角色
710628,asuna_(sao-alo),4,632,亚丝娜（ALO）,角色
1312417,muppo,4,631,木浦,角色
1513963,shirayuki_chiyo,4,631,白雪千代,角色
1904760,hishi_miracle_(umamusume),4,631,奇迹,角色
1630702,hamanami_(kancolle),4,629,滨波,角色
1931154,uruha_rushia_(3rd_costume),4,629,润羽露希娅（3rd服装）,角色
1763341,fuyutsuki_(kancolle),4,629,冬月,角色
1420746,udagawa_tomoe,4,627,宇田川巴,角色
1608817,junko_(blue_archive),4,627,纯子,角色
1886371,cure_sky,4,627,治愈天空,角色
2034651,eimi_(swimsuit)_(blue_archive),4,627,泳装绘美,角色
1251357,diamond_(houseki_no_kuni),4,626,钻石,角色
1598263,neko_(minato_aqua),4,626,猫,角色
788671,bottle_miku,4,625,瓶装初音,角色
1639085,kinugasa_kai_ni_(kancolle),4,625,衣笠改二,角色
1423117,sakuramori_kaori,4,624,樱森薰,角色
1645000,nakayama_festa_(umamusume),4,623,中山庆典,角色
1319286,yoshikawa_yuuko,4,620,吉川优子,角色
1630664,fujinami_(kancolle),4,620,藤波,角色
1340823,asirpa,4,618,阿西尔帕,角色
2024289,shuro_(blue_archive),4,618,修罗,角色
1759963,aston_machan_(umamusume),4,616,阿斯顿·马汉,角色
1504669,tsujino_akari,4,614,辻野葵,角色
1533772,uzuki_sayaka,4,607,宇津木沙耶香,角色
1533771,kumada_masaru,4,600,熊田胜,角色
